celltype_HCA_fine,source_study,source_doi,author_label,n_cells
Endo_artery,celltype_GarciaAlonso2021,10.1038/s41588-021-00972-2,Endothelial SEMA3G,299
Endo_artery,celltype_GarciaAlonso2021,10.1038/s41588-021-00972-2,Endothelial ACKR1,224
Endo_artery,celltype_GarciaAlonso2022,10.1038/s41586-022-04918-4,Endothelial,946
Endo_artery,celltype_GarciaAlonso2022,10.1038/s41586-022-04918-4,Epithelial,1
Endo_artery,celltype_HECA,"10.1038/s41588-024-01873-w (HECA/Marečková 2024, tentative)",Arterial,659
Endo_artery,celltype_HECA,"10.1038/s41588-024-01873-w (HECA/Marečková 2024, tentative)",Venous,86
Endo_artery,celltype_Lardenois2026,10.1016/j.devcel.2025.09.011,Endothelial,27
Endo_artery,celltype_Lorenzi2025,10.1038/s41586-025-09875-2,Endothelial,1016
Endo_artery,celltype_OvarySanger2026,(unresolved: Sanger ovary 2026),Endo_Art,1812
Endo_artery,celltype_OvarySanger2026,(unresolved: Sanger ovary 2026),Endo_Art_LY6H+_angiogenic,506
Endo_artery,celltype_OvarySanger2026,(unresolved: Sanger ovary 2026),Endo_Cap,206
Endo_artery,celltype_OvarySanger2026,(unresolved: Sanger ovary 2026),Endo_Art_HEY2+_notch,79
Endo_artery,celltype_OvarySanger2026,(unresolved: Sanger ovary 2026),Endo_Cap_LY6H+_angiogenic,25
Endo_artery,celltype_OvarySanger2026,(unresolved: Sanger ovary 2026),Endo_Cycling,6
Endo_artery,celltype_OvarySanger2026,(unresolved: Sanger ovary 2026),Endo_Ven,1
Endo_artery,celltype_OvarySanger2026,(unresolved: Sanger ovary 2026),PV_SMC_Arterial,1
Endo_artery,celltype_Ulrich2022,10.1016/j.devcel.2022.02.017,blood vessel endothelial cell,322
Endo_artery,celltype_Ulrich2024,10.1073/pnas.2404775121,Artery,1039
Endo_artery,celltype_Ulrich2024,10.1073/pnas.2404775121,aPCV,134
Endo_artery,celltype_Ulrich2024,10.1073/pnas.2404775121,Tip,75
Endo_artery,celltype_Ulrich2024,10.1073/pnas.2404775121,Capillary,20
Endo_artery,celltype_Ulrich2024,10.1073/pnas.2404775121,tPCV,18
Endo_artery,celltype_Ulrich2024,10.1073/pnas.2404775121,EndoMT,8
Endo_artery,celltype_Ulrich2024,10.1073/pnas.2404775121,HEV,5
Endo_artery,celltype_Ulrich2024,10.1073/pnas.2404775121,PCV,5
Endo_artery,celltype_Ulrich2024,10.1073/pnas.2404775121,HMGB2-Prolif,3
Endo_artery,celltype_Ulrich2024,10.1073/pnas.2404775121,MUC16+_Gland_sec,2
Endo_artery,celltype_Ulrich2024,10.1073/pnas.2404775121,Fibrocytes,1
Endo_artery,celltype_Ulrich2024,10.1073/pnas.2404775121,Gland-sec-progenitor-A,1
Endo_artery,celltype_Ulrich2024,10.1073/pnas.2404775121,Myoepithelial,1
Endo_artery,celltype_Ulrich2024,10.1073/pnas.2404775121,Tissue-resident-vascular-progenitor,1
Endo_artery,celltype_Weigert2025,10.1038/s41467-024-55440-2,endothelial cell,766
Endo_artery,celltype_Weigert2025,10.1038/s41467-024-55440-2,ciliated epithelial cell,2
Endo_artery,celltype_Weigert2025,10.1038/s41467-024-55440-2,endothelial cell of lymphatic vessel,2
Endo_artery,celltype_Weigert2025,10.1038/s41467-024-55440-2,stromal cell,1
Endo_cap,celltype_GarciaAlonso2021,10.1038/s41588-021-00972-2,Endothelial ACKR1,366
Endo_cap,celltype_GarciaAlonso2021,10.1038/s41588-021-00972-2,Endothelial SEMA3G,1
Endo_cap,celltype_GarciaAlonso2022,10.1038/s41586-022-04918-4,Endothelial,2751
Endo_cap,celltype_HECA,"10.1038/s41588-024-01873-w (HECA/Marečková 2024, tentative)",Venous,437
Endo_cap,celltype_HECA,"10.1038/s41588-024-01873-w (HECA/Marečková 2024, tentative)",Arterial,33
Endo_cap,celltype_HECA,"10.1038/s41588-024-01873-w (HECA/Marečková 2024, tentative)",Lymphatic,1
Endo_cap,celltype_Lardenois2026,10.1016/j.devcel.2025.09.011,Endothelial,107
Endo_cap,celltype_Lorenzi2025,10.1038/s41586-025-09875-2,Endothelial,2142
Endo_cap,celltype_Lorenzi2025,10.1038/s41586-025-09875-2,Preputial Lamina Epi,1
Endo_cap,celltype_OvarySanger2026,(unresolved: Sanger ovary 2026),Endo_Cap,5398
Endo_cap,celltype_OvarySanger2026,(unresolved: Sanger ovary 2026),Endo_Art,237
Endo_cap,celltype_OvarySanger2026,(unresolved: Sanger ovary 2026),Endo_Cap_LY6H+_angiogenic,206
Endo_cap,celltype_OvarySanger2026,(unresolved: Sanger ovary 2026),Endo_Cycling,89
Endo_cap,celltype_OvarySanger2026,(unresolved: Sanger ovary 2026),Endo_Ven,50
Endo_cap,celltype_OvarySanger2026,(unresolved: Sanger ovary 2026),Endo_Art_LY6H+_angiogenic,43
Endo_cap,celltype_OvarySanger2026,(unresolved: Sanger ovary 2026),Endo_Cap_CA2+_angiogenic,5
Endo_cap,celltype_OvarySanger2026,(unresolved: Sanger ovary 2026),Endo_Cap_VCAN+_activated,3
Endo_cap,celltype_OvarySanger2026,(unresolved: Sanger ovary 2026),PV_SMC_Arterial,2
Endo_cap,celltype_OvarySanger2026,(unresolved: Sanger ovary 2026),Endo_Lymph,1
Endo_cap,celltype_Ulrich2022,10.1016/j.devcel.2022.02.017,blood vessel endothelial cell,132
Endo_cap,celltype_Ulrich2022,10.1016/j.devcel.2022.02.017,endothelial cell of lymphatic vessel,1
Endo_cap,celltype_Ulrich2024,10.1073/pnas.2404775121,aPCV,1236
Endo_cap,celltype_Ulrich2024,10.1073/pnas.2404775121,PCV,203
Endo_cap,celltype_Ulrich2024,10.1073/pnas.2404775121,tPCV,95
Endo_cap,celltype_Ulrich2024,10.1073/pnas.2404775121,Tip,33
Endo_cap,celltype_Ulrich2024,10.1073/pnas.2404775121,Capillary,18
Endo_cap,celltype_Ulrich2024,10.1073/pnas.2404775121,HEV,14
Endo_cap,celltype_Ulrich2024,10.1073/pnas.2404775121,Artery,8
Endo_cap,celltype_Ulrich2024,10.1073/pnas.2404775121,EndoMT,3
Endo_cap,celltype_Ulrich2024,10.1073/pnas.2404775121,HMGB2-Prolif,3
Endo_cap,celltype_Weigert2025,10.1038/s41467-024-55440-2,endothelial cell,1029
Endo_cap_APCDD1,celltype_GarciaAlonso2021,10.1038/s41588-021-00972-2,Endothelial ACKR1,265
Endo_cap_APCDD1,celltype_HECA,"10.1038/s41588-024-01873-w (HECA/Marečková 2024, tentative)",Venous,570
Endo_cap_APCDD1,celltype_HECA,"10.1038/s41588-024-01873-w (HECA/Marečková 2024, tentative)",Arterial,7
Endo_cap_APCDD1,celltype_OvarySanger2026,(unresolved: Sanger ovary 2026),Endo_Cap,102
Endo_cap_APCDD1,celltype_OvarySanger2026,(unresolved: Sanger ovary 2026),Endo_Art,1
Endo_cap_APCDD1,celltype_OvarySanger2026,(unresolved: Sanger ovary 2026),Endo_Cap_LY6H+_angiogenic,1
Endo_cap_APCDD1,celltype_Ulrich2024,10.1073/pnas.2404775121,HEV,141
Endo_cap_APCDD1,celltype_Ulrich2024,10.1073/pnas.2404775121,aPCV,83
Endo_cap_APCDD1,celltype_Ulrich2024,10.1073/pnas.2404775121,PCV,60
Endo_cap_APCDD1,celltype_Ulrich2024,10.1073/pnas.2404775121,Tip,49
Endo_cap_APCDD1,celltype_Ulrich2024,10.1073/pnas.2404775121,tPCV,10
Endo_cap_APCDD1,celltype_Ulrich2024,10.1073/pnas.2404775121,Capillary,5
Endo_cap_APCDD1,celltype_Ulrich2024,10.1073/pnas.2404775121,EndoMT,1
Endo_cap_APCDD1,celltype_Weigert2025,10.1038/s41467-024-55440-2,endothelial cell,2
Endo_cap_APCDD1+,celltype_GarciaAlonso2022,10.1038/s41586-022-04918-4,Endothelial,263
Endo_cap_APCDD1+,celltype_Lorenzi2025,10.1038/s41586-025-09875-2,Endothelial,2174
Endo_cap_APCDD1+,celltype_OvarySanger2026,(unresolved: Sanger ovary 2026),Endo_Cap,251
Endo_cap_APCDD1+,celltype_OvarySanger2026,(unresolved: Sanger ovary 2026),Endo_Cycling,5
Endo_cap_APCDD1+,celltype_OvarySanger2026,(unresolved: Sanger ovary 2026),Endo_Cap_LY6H+_angiogenic,2
Endo_cap_APCDD1+,celltype_OvarySanger2026,(unresolved: Sanger ovary 2026),Endo_Ven,2
Endo_cap_APCDD1+,celltype_OvarySanger2026,(unresolved: Sanger ovary 2026),Endo_Art,1
Endo_cap_cycl,celltype_GarciaAlonso2021,10.1038/s41588-021-00972-2,Endothelial ACKR1,183
Endo_cap_cycl,celltype_GarciaAlonso2021,10.1038/s41588-021-00972-2,Endothelial SEMA3G,1
Endo_cap_cycl,celltype_GarciaAlonso2022,10.1038/s41586-022-04918-4,Endothelial,606
Endo_cap_cycl,celltype_HECA,"10.1038/s41588-024-01873-w (HECA/Marečková 2024, tentative)",Venous,691
Endo_cap_cycl,celltype_HECA,"10.1038/s41588-024-01873-w (HECA/Marečková 2024, tentative)",Arterial,25
Endo_cap_cycl,celltype_Lardenois2026,10.1016/j.devcel.2025.09.011,Endothelial,26
Endo_cap_cycl,celltype_Lorenzi2025,10.1038/s41586-025-09875-2,Endothelial,596
Endo_cap_cycl,celltype_OvarySanger2026,(unresolved: Sanger ovary 2026),Endo_Cycling,230
Endo_cap_cycl,celltype_OvarySanger2026,(unresolved: Sanger ovary 2026),Endo_Cap,25
Endo_cap_cycl,celltype_OvarySanger2026,(unresolved: Sanger ovary 2026),Endo_Cap_LY6H+_angiogenic,3
Endo_cap_cycl,celltype_OvarySanger2026,(unresolved: Sanger ovary 2026),Endo_Art_HEY2+_notch,1
Endo_cap_cycl,celltype_OvarySanger2026,(unresolved: Sanger ovary 2026),Endo_Ven,1
Endo_cap_cycl,celltype_Ulrich2022,10.1016/j.devcel.2022.02.017,endothelial cell of lymphatic vessel,1
Endo_cap_cycl,celltype_Ulrich2024,10.1073/pnas.2404775121,HMGB2-Prolif,120
Endo_cap_cycl,celltype_Ulrich2024,10.1073/pnas.2404775121,Gland-sec-progenitor-A,21
Endo_cap_cycl,celltype_Ulrich2024,10.1073/pnas.2404775121,HEV,18
Endo_cap_cycl,celltype_Ulrich2024,10.1073/pnas.2404775121,Tip,14
Endo_cap_cycl,celltype_Ulrich2024,10.1073/pnas.2404775121,aPCV,14
Endo_cap_cycl,celltype_Ulrich2024,10.1073/pnas.2404775121,Capillary,6
Endo_cap_cycl,celltype_Ulrich2024,10.1073/pnas.2404775121,PCV,6
Endo_cap_cycl,celltype_Ulrich2024,10.1073/pnas.2404775121,tPCV,2
Endo_cap_cycl,celltype_Ulrich2024,10.1073/pnas.2404775121,Sox9-Glandular,1
Endo_cap_cycl,celltype_Ulrich2024,10.1073/pnas.2404775121,eS-proliferative,1
Endo_cap_cycl,celltype_Weigert2025,10.1038/s41467-024-55440-2,endothelial cell,2
Endo_cap_cycl,celltype_Weigert2025,10.1038/s41467-024-55440-2,endothelial cell of lymphatic vessel,2
Endo_cap_kidney,celltype_GarciaAlonso2022,10.1038/s41586-022-04918-4,Endothelial,316
Endo_cap_kidney,celltype_Lardenois2026,10.1016/j.devcel.2025.09.011,Endothelial,2
Endo_cap_kidney,celltype_Lorenzi2025,10.1038/s41586-025-09875-2,Endothelial,184
Endo_cap_kidney,celltype_OvarySanger2026,(unresolved: Sanger ovary 2026),Endo_Cap,5
Endo_cap_kidney,celltype_OvarySanger2026,(unresolved: Sanger ovary 2026),Endo_Cycling,1
Endo_cap_tip,celltype_GarciaAlonso2021,10.1038/s41588-021-00972-2,Endothelial ACKR1,43
Endo_cap_tip,celltype_GarciaAlonso2021,10.1038/s41588-021-00972-2,Endothelial SEMA3G,2
Endo_cap_tip,celltype_GarciaAlonso2022,10.1038/s41586-022-04918-4,Endothelial,264
Endo_cap_tip,celltype_HECA,"10.1038/s41588-024-01873-w (HECA/Marečková 2024, tentative)",Venous,200
Endo_cap_tip,celltype_HECA,"10.1038/s41588-024-01873-w (HECA/Marečková 2024, tentative)",Arterial,5
Endo_cap_tip,celltype_Lardenois2026,10.1016/j.devcel.2025.09.011,Endothelial,8
Endo_cap_tip,celltype_Lorenzi2025,10.1038/s41586-025-09875-2,Endothelial,365
Endo_cap_tip,celltype_OvarySanger2026,(unresolved: Sanger ovary 2026),Endo_Cap_LY6H+_angiogenic,804
Endo_cap_tip,celltype_OvarySanger2026,(unresolved: Sanger ovary 2026),Endo_Cap,268
Endo_cap_tip,celltype_OvarySanger2026,(unresolved: Sanger ovary 2026),Endo_Art,47
Endo_cap_tip,celltype_OvarySanger2026,(unresolved: Sanger ovary 2026),Endo_Art_LY6H+_angiogenic,31
Endo_cap_tip,celltype_OvarySanger2026,(unresolved: Sanger ovary 2026),Endo_Cycling,15
Endo_cap_tip,celltype_OvarySanger2026,(unresolved: Sanger ovary 2026),Endo_Cap_CA2+_angiogenic,1
Endo_cap_tip,celltype_OvarySanger2026,(unresolved: Sanger ovary 2026),Endo_Ven,1
Endo_cap_tip,celltype_Ulrich2022,10.1016/j.devcel.2022.02.017,blood vessel endothelial cell,2
Endo_cap_tip,celltype_Ulrich2024,10.1073/pnas.2404775121,aPCV,40
Endo_cap_tip,celltype_Ulrich2024,10.1073/pnas.2404775121,Tip,21
Endo_cap_tip,celltype_Ulrich2024,10.1073/pnas.2404775121,HEV,7
Endo_cap_tip,celltype_Ulrich2024,10.1073/pnas.2404775121,Artery,1
Endo_cap_tip,celltype_Ulrich2024,10.1073/pnas.2404775121,Capillary,1
Endo_cap_tip,celltype_Ulrich2024,10.1073/pnas.2404775121,PCV,1
Endo_cap_tip,celltype_Ulrich2024,10.1073/pnas.2404775121,tPCV,1
Endo_cap_tip,celltype_Weigert2025,10.1038/s41467-024-55440-2,endothelial cell,1
Endo_lymp,celltype_GarciaAlonso2021,10.1038/s41588-021-00972-2,Other,25
Endo_lymp,celltype_GarciaAlonso2022,10.1038/s41586-022-04918-4,Endothelial,457
Endo_lymp,celltype_HECA,"10.1038/s41588-024-01873-w (HECA/Marečková 2024, tentative)",Lymphatic,99
Endo_lymp,celltype_Lardenois2026,10.1016/j.devcel.2025.09.011,Endothelial,6
Endo_lymp,celltype_Lorenzi2025,10.1038/s41586-025-09875-2,Endothelial Lymphatic,506
Endo_lymp,celltype_Lorenzi2025,10.1038/s41586-025-09875-2,Endothelial,22
Endo_lymp,celltype_OvarySanger2026,(unresolved: Sanger ovary 2026),Endo_Lymph,598
Endo_lymp,celltype_OvarySanger2026,(unresolved: Sanger ovary 2026),Endo_Cycling,6
Endo_lymp,celltype_OvarySanger2026,(unresolved: Sanger ovary 2026),Endo_Cap,1
Endo_lymp,celltype_Ulrich2022,10.1016/j.devcel.2022.02.017,endothelial cell of lymphatic vessel,2086
Endo_lymp,celltype_Ulrich2022,10.1016/j.devcel.2022.02.017,blood vessel endothelial cell,1
Endo_lymp,celltype_Ulrich2024,10.1073/pnas.2404775121,L_Endo,487
Endo_lymp,celltype_Ulrich2024,10.1073/pnas.2404775121,HMGB2-Prolif,9
Endo_lymp,celltype_Ulrich2024,10.1073/pnas.2404775121,MUC16+_Gland_sec,4
Endo_lymp,celltype_Ulrich2024,10.1073/pnas.2404775121,PCV,3
Endo_lymp,celltype_Ulrich2024,10.1073/pnas.2404775121,eS-proliferative,1
Endo_lymp,celltype_Weigert2025,10.1038/s41467-024-55440-2,endothelial cell of lymphatic vessel,2781
Endo_lymp,celltype_Weigert2025,10.1038/s41467-024-55440-2,stromal cell,1
Endo_ven_apcv,celltype_GarciaAlonso2021,10.1038/s41588-021-00972-2,Endothelial ACKR1,276
Endo_ven_apcv,celltype_GarciaAlonso2021,10.1038/s41588-021-00972-2,Endothelial SEMA3G,1
Endo_ven_apcv,celltype_HECA,"10.1038/s41588-024-01873-w (HECA/Marečková 2024, tentative)",Venous,263
Endo_ven_apcv,celltype_HECA,"10.1038/s41588-024-01873-w (HECA/Marečková 2024, tentative)",Arterial,3
Endo_ven_apcv,celltype_OvarySanger2026,(unresolved: Sanger ovary 2026),Endo_Cap,19
Endo_ven_apcv,celltype_OvarySanger2026,(unresolved: Sanger ovary 2026),Endo_Art,1
Endo_ven_apcv,celltype_OvarySanger2026,(unresolved: Sanger ovary 2026),Endo_Art_LY6H+_angiogenic,1
Endo_ven_apcv,celltype_Ulrich2022,10.1016/j.devcel.2022.02.017,blood vessel endothelial cell,396
Endo_ven_apcv,celltype_Ulrich2024,10.1073/pnas.2404775121,Capillary,197
Endo_ven_apcv,celltype_Ulrich2024,10.1073/pnas.2404775121,tPCV,73
Endo_ven_apcv,celltype_Ulrich2024,10.1073/pnas.2404775121,aPCV,37
Endo_ven_apcv,celltype_Ulrich2024,10.1073/pnas.2404775121,Artery,8
Endo_ven_apcv,celltype_Ulrich2024,10.1073/pnas.2404775121,HEV,7
Endo_ven_apcv,celltype_Ulrich2024,10.1073/pnas.2404775121,PCV,5
Endo_ven_apcv,celltype_Ulrich2024,10.1073/pnas.2404775121,EndoMT,4
Endo_ven_apcv,celltype_Ulrich2024,10.1073/pnas.2404775121,MUC16+_Gland_sec,1
Endo_ven_apcv,celltype_Weigert2025,10.1038/s41467-024-55440-2,endothelial cell,1168
Endo_ven_hev,celltype_GarciaAlonso2021,10.1038/s41588-021-00972-2,Endothelial ACKR1,890
Endo_ven_hev,celltype_GarciaAlonso2021,10.1038/s41588-021-00972-2,Endothelial SEMA3G,5
Endo_ven_hev,celltype_HECA,"10.1038/s41588-024-01873-w (HECA/Marečková 2024, tentative)",Venous,3055
Endo_ven_hev,celltype_HECA,"10.1038/s41588-024-01873-w (HECA/Marečková 2024, tentative)",Arterial,13
Endo_ven_hev,celltype_HECA,"10.1038/s41588-024-01873-w (HECA/Marečková 2024, tentative)",Lymphatic,1
Endo_ven_hev,celltype_OvarySanger2026,(unresolved: Sanger ovary 2026),Endo_Cap,237
Endo_ven_hev,celltype_OvarySanger2026,(unresolved: Sanger ovary 2026),Endo_Ven,7
Endo_ven_hev,celltype_OvarySanger2026,(unresolved: Sanger ovary 2026),Endo_Cap_LY6H+_angiogenic,3
Endo_ven_hev,celltype_OvarySanger2026,(unresolved: Sanger ovary 2026),Endo_Art,2
Endo_ven_hev,celltype_OvarySanger2026,(unresolved: Sanger ovary 2026),Endo_Cap_VCAN+_activated,2
Endo_ven_hev,celltype_OvarySanger2026,(unresolved: Sanger ovary 2026),Endo_Art_LY6H+_angiogenic,1
Endo_ven_hev,celltype_Ulrich2022,10.1016/j.devcel.2022.02.017,blood vessel endothelial cell,7
Endo_ven_hev,celltype_Ulrich2024,10.1073/pnas.2404775121,PCV,368
Endo_ven_hev,celltype_Ulrich2024,10.1073/pnas.2404775121,HEV,353
Endo_ven_hev,celltype_Ulrich2024,10.1073/pnas.2404775121,tPCV,179
Endo_ven_hev,celltype_Ulrich2024,10.1073/pnas.2404775121,Capillary,134
Endo_ven_hev,celltype_Ulrich2024,10.1073/pnas.2404775121,aPCV,102
Endo_ven_hev,celltype_Ulrich2024,10.1073/pnas.2404775121,Tip,77
Endo_ven_hev,celltype_Ulrich2024,10.1073/pnas.2404775121,EndoMT,10
Endo_ven_hev,celltype_Ulrich2024,10.1073/pnas.2404775121,Artery,6
Endo_ven_hev,celltype_Ulrich2024,10.1073/pnas.2404775121,HMGB2-Prolif,5
Endo_ven_hev,celltype_Weigert2025,10.1038/s41467-024-55440-2,endothelial cell,18
Endo_ven_hev,celltype_Weigert2025,10.1038/s41467-024-55440-2,endothelial cell of lymphatic vessel,1
Endo_ven_pcv,celltype_GarciaAlonso2021,10.1038/s41588-021-00972-2,Endothelial ACKR1,1327
Endo_ven_pcv,celltype_GarciaAlonso2022,10.1038/s41586-022-04918-4,Endothelial,673
Endo_ven_pcv,celltype_HECA,"10.1038/s41588-024-01873-w (HECA/Marečková 2024, tentative)",Venous,378
Endo_ven_pcv,celltype_Lardenois2026,10.1016/j.devcel.2025.09.011,Endothelial,2
Endo_ven_pcv,celltype_Lorenzi2025,10.1038/s41586-025-09875-2,Endothelial,1396
Endo_ven_pcv,celltype_Lorenzi2025,10.1038/s41586-025-09875-2,Endothelial Lymphatic,1
Endo_ven_pcv,celltype_OvarySanger2026,(unresolved: Sanger ovary 2026),Endo_Ven,668
Endo_ven_pcv,celltype_OvarySanger2026,(unresolved: Sanger ovary 2026),Endo_Cap,658
Endo_ven_pcv,celltype_OvarySanger2026,(unresolved: Sanger ovary 2026),Endo_Cap_VCAN+_activated,168
Endo_ven_pcv,celltype_OvarySanger2026,(unresolved: Sanger ovary 2026),Endo_Cycling,7
Endo_ven_pcv,celltype_OvarySanger2026,(unresolved: Sanger ovary 2026),Endo_Cap_LY6H+_angiogenic,4
Endo_ven_pcv,celltype_OvarySanger2026,(unresolved: Sanger ovary 2026),Endo_Art,2
Endo_ven_pcv,celltype_OvarySanger2026,(unresolved: Sanger ovary 2026),PV_SMC_Arterial,2
Endo_ven_pcv,celltype_OvarySanger2026,(unresolved: Sanger ovary 2026),Endo_Cap_CA2+_angiogenic,1
Endo_ven_pcv,celltype_Ulrich2022,10.1016/j.devcel.2022.02.017,blood vessel endothelial cell,213
Endo_ven_pcv,celltype_Ulrich2022,10.1016/j.devcel.2022.02.017,endothelial cell of lymphatic vessel,1
Endo_ven_pcv,celltype_Ulrich2024,10.1073/pnas.2404775121,PCV,2378
Endo_ven_pcv,celltype_Ulrich2024,10.1073/pnas.2404775121,tPCV,466
Endo_ven_pcv,celltype_Ulrich2024,10.1073/pnas.2404775121,aPCV,178
Endo_ven_pcv,celltype_Ulrich2024,10.1073/pnas.2404775121,Capillary,47
Endo_ven_pcv,celltype_Ulrich2024,10.1073/pnas.2404775121,HEV,26
Endo_ven_pcv,celltype_Ulrich2024,10.1073/pnas.2404775121,EndoMT,11
Endo_ven_pcv,celltype_Ulrich2024,10.1073/pnas.2404775121,HMGB2-Prolif,10
Endo_ven_pcv,celltype_Ulrich2024,10.1073/pnas.2404775121,Artery,1
Endo_ven_pcv,celltype_Ulrich2024,10.1073/pnas.2404775121,Gland-sec-progenitor-A,1
Endo_ven_pcv,celltype_Ulrich2024,10.1073/pnas.2404775121,MUC16+_Gland_sec,1
Endo_ven_pcv,celltype_Weigert2025,10.1038/s41467-024-55440-2,endothelial cell,586
Endo_ven_pcv,celltype_Weigert2025,10.1038/s41467-024-55440-2,endothelial cell of lymphatic vessel,2
Endo_ven_tpcv,celltype_GarciaAlonso2021,10.1038/s41588-021-00972-2,Endothelial ACKR1,1827
Endo_ven_tpcv,celltype_GarciaAlonso2021,10.1038/s41588-021-00972-2,Endothelial SEMA3G,15
Endo_ven_tpcv,celltype_HECA,"10.1038/s41588-024-01873-w (HECA/Marečková 2024, tentative)",Venous,982
Endo_ven_tpcv,celltype_HECA,"10.1038/s41588-024-01873-w (HECA/Marečková 2024, tentative)",Arterial,70
Endo_ven_tpcv,celltype_OvarySanger2026,(unresolved: Sanger ovary 2026),Endo_Cap,187
Endo_ven_tpcv,celltype_OvarySanger2026,(unresolved: Sanger ovary 2026),Endo_Ven,58
Endo_ven_tpcv,celltype_OvarySanger2026,(unresolved: Sanger ovary 2026),Endo_Art,50
Endo_ven_tpcv,celltype_OvarySanger2026,(unresolved: Sanger ovary 2026),Endo_Art_LY6H+_angiogenic,6
Endo_ven_tpcv,celltype_OvarySanger2026,(unresolved: Sanger ovary 2026),Endo_Cap_VCAN+_activated,2
Endo_ven_tpcv,celltype_Ulrich2022,10.1016/j.devcel.2022.02.017,blood vessel endothelial cell,2342
Endo_ven_tpcv,celltype_Ulrich2022,10.1016/j.devcel.2022.02.017,endothelial cell of lymphatic vessel,4
Endo_ven_tpcv,celltype_Ulrich2024,10.1073/pnas.2404775121,tPCV,2826
Endo_ven_tpcv,celltype_Ulrich2024,10.1073/pnas.2404775121,Capillary,1227
Endo_ven_tpcv,celltype_Ulrich2024,10.1073/pnas.2404775121,PCV,722
Endo_ven_tpcv,celltype_Ulrich2024,10.1073/pnas.2404775121,aPCV,577
Endo_ven_tpcv,celltype_Ulrich2024,10.1073/pnas.2404775121,EndoMT,73
Endo_ven_tpcv,celltype_Ulrich2024,10.1073/pnas.2404775121,Artery,64
Endo_ven_tpcv,celltype_Ulrich2024,10.1073/pnas.2404775121,HEV,45
Endo_ven_tpcv,celltype_Ulrich2024,10.1073/pnas.2404775121,Tip,21
Endo_ven_tpcv,celltype_Ulrich2024,10.1073/pnas.2404775121,Tissue-resident-vascular-progenitor,6
Endo_ven_tpcv,celltype_Ulrich2024,10.1073/pnas.2404775121,Gland-sec-progenitor-A,3
Endo_ven_tpcv,celltype_Ulrich2024,10.1073/pnas.2404775121,HMGB2-Prolif,3
Endo_ven_tpcv,celltype_Ulrich2024,10.1073/pnas.2404775121,MUC16+_Gland_sec,2
Endo_ven_tpcv,celltype_Ulrich2024,10.1073/pnas.2404775121,dS2,1
Endo_ven_tpcv,celltype_Weigert2025,10.1038/s41467-024-55440-2,endothelial cell,1196
Endo_ven_tpcv,celltype_Weigert2025,10.1038/s41467-024-55440-2,endothelial cell of lymphatic vessel,1
Endo_ven_tpcv,celltype_Weigert2025,10.1038/s41467-024-55440-2,fallopian tube secretory epithelial cell,1
Epi_EndoCil_Cyc,celltype_GarciaAlonso2021,10.1038/s41588-021-00972-2,Ciliated,141
Epi_EndoCil_Cyc,celltype_HECA,"10.1038/s41588-024-01873-w (HECA/Marečková 2024, tentative)",Ciliated,182
Epi_EndoCil_Cyc,celltype_HECA,"10.1038/s41588-024-01873-w (HECA/Marečková 2024, tentative)",preCiliated,100
Epi_EndoCil_Cyc,celltype_Ulrich2024,10.1073/pnas.2404775121,Ciliated,794
Epi_EndoCil_Cyc,celltype_Ulrich2024,10.1073/pnas.2404775121,Gland-sec-progenitor-B,134
Epi_EndoCil_Cyc,celltype_Ulrich2024,10.1073/pnas.2404775121,Lumenal,20
Epi_EndoCil_Cyc,celltype_Ulrich2024,10.1073/pnas.2404775121,Gland-sec-progenitor-A,14
Epi_EndoCil_Cyc,celltype_Ulrich2024,10.1073/pnas.2404775121,HMGB2-Prolif,12
Epi_EndoCil_Cyc,celltype_Ulrich2024,10.1073/pnas.2404775121,Sox9-Glandular,5
Epi_EndoCil_Cyc,celltype_Ulrich2024,10.1073/pnas.2404775121,uSMC,2
Epi_EndoCil_Diff,celltype_GarciaAlonso2021,10.1038/s41588-021-00972-2,Ciliated,1584
Epi_EndoCil_Diff,celltype_GarciaAlonso2021,10.1038/s41588-021-00972-2,Glandular,2
Epi_EndoCil_Diff,celltype_GarciaAlonso2021,10.1038/s41588-021-00972-2,Lumenal,1
Epi_EndoCil_Diff,celltype_GarciaAlonso2021,10.1038/s41588-021-00972-2,Other,1
Epi_EndoCil_Diff,celltype_GarciaAlonso2021,10.1038/s41588-021-00972-2,SOX9,1
Epi_EndoCil_Diff,celltype_HECA,"10.1038/s41588-024-01873-w (HECA/Marečková 2024, tentative)",Ciliated,2156
Epi_EndoCil_Diff,celltype_HECA,"10.1038/s41588-024-01873-w (HECA/Marečková 2024, tentative)",SOX9_luminal,5
Epi_EndoCil_Diff,celltype_HECA,"10.1038/s41588-024-01873-w (HECA/Marečková 2024, tentative)",preGlandular,2
Epi_EndoCil_Diff,celltype_HECA,"10.1038/s41588-024-01873-w (HECA/Marečková 2024, tentative)",Glandular,1
Epi_EndoCil_Diff,celltype_HECA,"10.1038/s41588-024-01873-w (HECA/Marečková 2024, tentative)",KRT5,1
Epi_EndoCil_Diff,celltype_HECA,"10.1038/s41588-024-01873-w (HECA/Marečková 2024, tentative)",Luminal,1
Epi_EndoCil_Diff,celltype_HECA,"10.1038/s41588-024-01873-w (HECA/Marečková 2024, tentative)",SOX9_functionalis_I,1
Epi_EndoCil_Diff,celltype_HECA,"10.1038/s41588-024-01873-w (HECA/Marečková 2024, tentative)",preCiliated,1
Epi_EndoCil_Diff,celltype_HECA,"10.1038/s41588-024-01873-w (HECA/Marečková 2024, tentative)",preLuminal,1
Epi_EndoCil_Diff,celltype_Ulrich2024,10.1073/pnas.2404775121,Ciliated,2350
Epi_EndoCil_Diff,celltype_Ulrich2024,10.1073/pnas.2404775121,Gland-sec-progenitor-B,19
Epi_EndoCil_Diff,celltype_Ulrich2024,10.1073/pnas.2404775121,NK-cells,11
Epi_EndoCil_Diff,celltype_Ulrich2024,10.1073/pnas.2404775121,Gland-sec-progenitor-A,3
Epi_EndoCil_Diff,celltype_Ulrich2024,10.1073/pnas.2404775121,MUC16+_Gland_sec,2
Epi_EndoCil_Diff,celltype_Ulrich2024,10.1073/pnas.2404775121,TMEM-CD4,1
Epi_EndoCil_Diff,celltype_Ulrich2024,10.1073/pnas.2404775121,TMEM-CD8,1
Epi_EndoCil_Diff,celltype_Ulrich2024,10.1073/pnas.2404775121,dS2,1
Epi_EndoCil_eProf,celltype_GarciaAlonso2021,10.1038/s41588-021-00972-2,Ciliated,64
Epi_EndoCil_eProf,celltype_GarciaAlonso2021,10.1038/s41588-021-00972-2,SOX9,9
Epi_EndoCil_eProf,celltype_GarciaAlonso2021,10.1038/s41588-021-00972-2,Lumenal,5
Epi_EndoCil_eProf,celltype_HECA,"10.1038/s41588-024-01873-w (HECA/Marečková 2024, tentative)",preCiliated,192
Epi_EndoCil_eProf,celltype_HECA,"10.1038/s41588-024-01873-w (HECA/Marečková 2024, tentative)",SOX9_luminal,43
Epi_EndoCil_eProf,celltype_HECA,"10.1038/s41588-024-01873-w (HECA/Marečková 2024, tentative)",SOX9_functionalis_II,22
Epi_EndoCil_eProf,celltype_HECA,"10.1038/s41588-024-01873-w (HECA/Marečková 2024, tentative)",Ciliated,21
Epi_EndoCil_eProf,celltype_HECA,"10.1038/s41588-024-01873-w (HECA/Marečková 2024, tentative)",SOX9_functionalis_I,10
Epi_EndoCil_eProf,celltype_HECA,"10.1038/s41588-024-01873-w (HECA/Marečková 2024, tentative)",Cycling,4
Epi_EndoCil_eProf,celltype_HECA,"10.1038/s41588-024-01873-w (HECA/Marečková 2024, tentative)",Immune_Lymphoid,1
Epi_EndoCil_eProf,celltype_HECA,"10.1038/s41588-024-01873-w (HECA/Marečková 2024, tentative)",Luminal,1
Epi_EndoCil_eProf,celltype_Ulrich2024,10.1073/pnas.2404775121,Ciliated,69
Epi_EndoCil_eProf,celltype_Ulrich2024,10.1073/pnas.2404775121,Gland-sec-progenitor-B,9
Epi_EndoCil_eProf,celltype_Ulrich2024,10.1073/pnas.2404775121,HMGB2-Prolif,4
Epi_EndoCil_eProf,celltype_Ulrich2024,10.1073/pnas.2404775121,Sox9-Glandular,4
Epi_EndoCil_eProf,celltype_Ulrich2024,10.1073/pnas.2404775121,Gland-sec-progenitor-A,2
Epi_EndoCil_eProf,celltype_Ulrich2024,10.1073/pnas.2404775121,Lumenal,2
Epi_EndoCil_eProf,celltype_Ulrich2024,10.1073/pnas.2404775121,Res-Mem-T,1
Epi_EndoGlandBas,celltype_GarciaAlonso2021,10.1038/s41588-021-00972-2,SOX9,3
Epi_EndoGlandBas,celltype_HECA,"10.1038/s41588-024-01873-w (HECA/Marečková 2024, tentative)",SOX9_basalis,332
Epi_EndoGlandBas,celltype_HECA,"10.1038/s41588-024-01873-w (HECA/Marečková 2024, tentative)",SOX9_functionalis_II,240
Epi_EndoGlandBas,celltype_HECA,"10.1038/s41588-024-01873-w (HECA/Marečková 2024, tentative)",Cycling,6
Epi_EndoGlandBas,celltype_HECA,"10.1038/s41588-024-01873-w (HECA/Marečková 2024, tentative)",eHormones,6
Epi_EndoGlandBas,celltype_HECA,"10.1038/s41588-024-01873-w (HECA/Marečková 2024, tentative)",preGlandular,5
Epi_EndoGlandBas,celltype_HECA,"10.1038/s41588-024-01873-w (HECA/Marečková 2024, tentative)",SOX9_luminal,2
Epi_EndoGlandBas,celltype_HECA,"10.1038/s41588-024-01873-w (HECA/Marečková 2024, tentative)",Glandular,1
Epi_EndoGlandBas,celltype_HECA,"10.1038/s41588-024-01873-w (HECA/Marečková 2024, tentative)",Luminal,1
Epi_EndoGlandBas,celltype_Ulrich2024,10.1073/pnas.2404775121,Sox9-Glandular,5
Epi_EndoGlandBas,celltype_Ulrich2024,10.1073/pnas.2404775121,Gland-sec-progenitor-A,2
Epi_EndoGlandBas_WIF1,celltype_GarciaAlonso2021,10.1038/s41588-021-00972-2,SOX9,3
Epi_EndoGlandBas_WIF1,celltype_GarciaAlonso2021,10.1038/s41588-021-00972-2,Glandular,2
Epi_EndoGlandBas_WIF1,celltype_GarciaAlonso2021,10.1038/s41588-021-00972-2,Lumenal,1
Epi_EndoGlandBas_WIF1,celltype_HECA,"10.1038/s41588-024-01873-w (HECA/Marečková 2024, tentative)",eHormones,6
Epi_EndoGlandBas_WIF1,celltype_HECA,"10.1038/s41588-024-01873-w (HECA/Marečková 2024, tentative)",preLuminal,3
Epi_EndoGlandBas_WIF1,celltype_HECA,"10.1038/s41588-024-01873-w (HECA/Marečková 2024, tentative)",SOX9_luminal,2
Epi_EndoGlandBas_WIF1,celltype_HECA,"10.1038/s41588-024-01873-w (HECA/Marečková 2024, tentative)",Glandular,1
Epi_EndoGlandBas_WIF1,celltype_HECA,"10.1038/s41588-024-01873-w (HECA/Marečková 2024, tentative)",preGlandular,1
Epi_EndoGlandBas_WIF1,celltype_Ulrich2024,10.1073/pnas.2404775121,MUC16+_Gland_sec,10
Epi_EndoGlandBas_WIF1,celltype_Ulrich2024,10.1073/pnas.2404775121,Gland-sec-progenitor-A,6
Epi_EndoGlandBas_WIF1,celltype_Ulrich2024,10.1073/pnas.2404775121,Sox9-Glandular,5
Epi_EndoGlandBas_WIF1,celltype_Ulrich2024,10.1073/pnas.2404775121,Lumenal,2
Epi_EndoGlandFun_Menstr,celltype_HECA,"10.1038/s41588-024-01873-w (HECA/Marečková 2024, tentative)",Glandular,1
Epi_EndoGlandFun_Menstr,celltype_HECA,"10.1038/s41588-024-01873-w (HECA/Marečková 2024, tentative)",SOX9_functionalis_II,1
Epi_EndoGlandFun_Menstr,celltype_HECA,"10.1038/s41588-024-01873-w (HECA/Marečková 2024, tentative)",SOX9_luminal,1
Epi_EndoGlandFun_Menstr,celltype_Ulrich2024,10.1073/pnas.2404775121,Lumenal,17
Epi_EndoGlandFun_Menstr,celltype_Ulrich2024,10.1073/pnas.2404775121,Gland-sec-progenitor-A,7
Epi_EndoGlandFun_Menstr,celltype_Ulrich2024,10.1073/pnas.2404775121,MUC16+_Gland_sec,7
Epi_EndoGlandFun_Menstr,celltype_Ulrich2024,10.1073/pnas.2404775121,Gland-sec-progenitor-B,2
Epi_EndoGlandFun_Prof,celltype_GarciaAlonso2021,10.1038/s41588-021-00972-2,SOX9,690
Epi_EndoGlandFun_Prof,celltype_GarciaAlonso2021,10.1038/s41588-021-00972-2,Lumenal,31
Epi_EndoGlandFun_Prof,celltype_GarciaAlonso2021,10.1038/s41588-021-00972-2,Glandular,10
Epi_EndoGlandFun_Prof,celltype_HECA,"10.1038/s41588-024-01873-w (HECA/Marečková 2024, tentative)",SOX9_functionalis_II,6132
Epi_EndoGlandFun_Prof,celltype_HECA,"10.1038/s41588-024-01873-w (HECA/Marečková 2024, tentative)",SOX9_functionalis_I,128
Epi_EndoGlandFun_Prof,celltype_HECA,"10.1038/s41588-024-01873-w (HECA/Marečková 2024, tentative)",SOX9_luminal,110
Epi_EndoGlandFun_Prof,celltype_HECA,"10.1038/s41588-024-01873-w (HECA/Marečková 2024, tentative)",Cycling,65
Epi_EndoGlandFun_Prof,celltype_HECA,"10.1038/s41588-024-01873-w (HECA/Marečková 2024, tentative)",eHormones,61
Epi_EndoGlandFun_Prof,celltype_HECA,"10.1038/s41588-024-01873-w (HECA/Marečková 2024, tentative)",preGlandular,31
Epi_EndoGlandFun_Prof,celltype_HECA,"10.1038/s41588-024-01873-w (HECA/Marečková 2024, tentative)",preLuminal,15
Epi_EndoGlandFun_Prof,celltype_HECA,"10.1038/s41588-024-01873-w (HECA/Marečková 2024, tentative)",SOX9_basalis,12
Epi_EndoGlandFun_Prof,celltype_HECA,"10.1038/s41588-024-01873-w (HECA/Marečková 2024, tentative)",Luminal,9
Epi_EndoGlandFun_Prof,celltype_HECA,"10.1038/s41588-024-01873-w (HECA/Marečková 2024, tentative)",Glandular,5
Epi_EndoGlandFun_Prof,celltype_HECA,"10.1038/s41588-024-01873-w (HECA/Marečková 2024, tentative)",Ciliated,2
Epi_EndoGlandFun_Prof,celltype_Ulrich2024,10.1073/pnas.2404775121,Sox9-Glandular,1167
Epi_EndoGlandFun_Prof,celltype_Ulrich2024,10.1073/pnas.2404775121,Gland-sec-progenitor-A,463
Epi_EndoGlandFun_Prof,celltype_Ulrich2024,10.1073/pnas.2404775121,Lumenal,163
Epi_EndoGlandFun_Prof,celltype_Ulrich2024,10.1073/pnas.2404775121,MUC16+_Gland_sec,149
Epi_EndoGlandFun_Prof,celltype_Ulrich2024,10.1073/pnas.2404775121,Gland-sec-progenitor-B,20
Epi_EndoGlandFun_Prof,celltype_Ulrich2024,10.1073/pnas.2404775121,HMGB2-Prolif,19
Epi_EndoGlandFun_Prof,celltype_Ulrich2024,10.1073/pnas.2404775121,tPCV,7
Epi_EndoGlandFun_Prof,celltype_Ulrich2024,10.1073/pnas.2404775121,Ciliated,5
Epi_EndoGlandFun_Prof,celltype_Ulrich2024,10.1073/pnas.2404775121,Res-Mem-T,3
Epi_EndoGlandFun_Prof,celltype_Ulrich2024,10.1073/pnas.2404775121,EndoMT,2
Epi_EndoGlandFun_Prof,celltype_Ulrich2024,10.1073/pnas.2404775121,Myoepithelial,2
Epi_EndoGlandFun_Prof_Cyc,celltype_GarciaAlonso2021,10.1038/s41588-021-00972-2,SOX9,685
Epi_EndoGlandFun_Prof_Cyc,celltype_GarciaAlonso2021,10.1038/s41588-021-00972-2,Lumenal,154
Epi_EndoGlandFun_Prof_Cyc,celltype_GarciaAlonso2021,10.1038/s41588-021-00972-2,Other,5
Epi_EndoGlandFun_Prof_Cyc,celltype_GarciaAlonso2021,10.1038/s41588-021-00972-2,Ciliated,1
Epi_EndoGlandFun_Prof_Cyc,celltype_GarciaAlonso2021,10.1038/s41588-021-00972-2,Glandular,1
Epi_EndoGlandFun_Prof_Cyc,celltype_GarciaAlonso2021,10.1038/s41588-021-00972-2,eS,1
Epi_EndoGlandFun_Prof_Cyc,celltype_HECA,"10.1038/s41588-024-01873-w (HECA/Marečková 2024, tentative)",Cycling,2070
Epi_EndoGlandFun_Prof_Cyc,celltype_HECA,"10.1038/s41588-024-01873-w (HECA/Marečková 2024, tentative)",SOX9_functionalis_II,1037
Epi_EndoGlandFun_Prof_Cyc,celltype_HECA,"10.1038/s41588-024-01873-w (HECA/Marečková 2024, tentative)",SOX9_luminal,272
Epi_EndoGlandFun_Prof_Cyc,celltype_HECA,"10.1038/s41588-024-01873-w (HECA/Marečková 2024, tentative)",SOX9_functionalis_I,46
Epi_EndoGlandFun_Prof_Cyc,celltype_HECA,"10.1038/s41588-024-01873-w (HECA/Marečková 2024, tentative)",preGlandular,44
Epi_EndoGlandFun_Prof_Cyc,celltype_HECA,"10.1038/s41588-024-01873-w (HECA/Marečková 2024, tentative)",Luminal,29
Epi_EndoGlandFun_Prof_Cyc,celltype_HECA,"10.1038/s41588-024-01873-w (HECA/Marečková 2024, tentative)",preLuminal,12
Epi_EndoGlandFun_Prof_Cyc,celltype_HECA,"10.1038/s41588-024-01873-w (HECA/Marečková 2024, tentative)",eHormones,10
Epi_EndoGlandFun_Prof_Cyc,celltype_HECA,"10.1038/s41588-024-01873-w (HECA/Marečková 2024, tentative)",MUC5B,6
Epi_EndoGlandFun_Prof_Cyc,celltype_HECA,"10.1038/s41588-024-01873-w (HECA/Marečková 2024, tentative)",Ciliated,5
Epi_EndoGlandFun_Prof_Cyc,celltype_HECA,"10.1038/s41588-024-01873-w (HECA/Marečková 2024, tentative)",Glandular_secretory,1
Epi_EndoGlandFun_Prof_Cyc,celltype_Ulrich2024,10.1073/pnas.2404775121,HMGB2-Prolif,821
Epi_EndoGlandFun_Prof_Cyc,celltype_Ulrich2024,10.1073/pnas.2404775121,Gland-sec-progenitor-A,130
Epi_EndoGlandFun_Prof_Cyc,celltype_Ulrich2024,10.1073/pnas.2404775121,Lumenal,87
Epi_EndoGlandFun_Prof_Cyc,celltype_Ulrich2024,10.1073/pnas.2404775121,Sox9-Glandular,80
Epi_EndoGlandFun_Prof_Cyc,celltype_Ulrich2024,10.1073/pnas.2404775121,Gland-sec-progenitor-B,9
Epi_EndoGlandFun_Prof_Cyc,celltype_Ulrich2024,10.1073/pnas.2404775121,MUC16+_Gland_sec,5
Epi_EndoGlandFun_Prof_Cyc,celltype_Ulrich2024,10.1073/pnas.2404775121,tPCV,3
Epi_EndoGlandFun_Prof_Cyc,celltype_Ulrich2024,10.1073/pnas.2404775121,EndoMT,2
Epi_EndoGlandFun_Prof_Cyc,celltype_Ulrich2024,10.1073/pnas.2404775121,Myoepithelial,1
Epi_EndoGlandFun_Prof_Cyc,celltype_Ulrich2024,10.1073/pnas.2404775121,eS-proliferative,1
Epi_EndoGlandFun_emSec,celltype_GarciaAlonso2021,10.1038/s41588-021-00972-2,Glandular,3891
Epi_EndoGlandFun_emSec,celltype_GarciaAlonso2021,10.1038/s41588-021-00972-2,Lumenal,621
Epi_EndoGlandFun_emSec,celltype_GarciaAlonso2021,10.1038/s41588-021-00972-2,SOX9,16
Epi_EndoGlandFun_emSec,celltype_GarciaAlonso2021,10.1038/s41588-021-00972-2,Ciliated,6
Epi_EndoGlandFun_emSec,celltype_GarciaAlonso2021,10.1038/s41588-021-00972-2,Lymphoid,6
Epi_EndoGlandFun_emSec,celltype_GarciaAlonso2021,10.1038/s41588-021-00972-2,Other,4
Epi_EndoGlandFun_emSec,celltype_GarciaAlonso2021,10.1038/s41588-021-00972-2,dS,2
Epi_EndoGlandFun_emSec,celltype_GarciaAlonso2021,10.1038/s41588-021-00972-2,PV MYH11,1
Epi_EndoGlandFun_emSec,celltype_HECA,"10.1038/s41588-024-01873-w (HECA/Marečková 2024, tentative)",Glandular,5466
Epi_EndoGlandFun_emSec,celltype_HECA,"10.1038/s41588-024-01873-w (HECA/Marečková 2024, tentative)",Luminal,127
Epi_EndoGlandFun_emSec,celltype_HECA,"10.1038/s41588-024-01873-w (HECA/Marečková 2024, tentative)",Glandular_secretory,92
Epi_EndoGlandFun_emSec,celltype_HECA,"10.1038/s41588-024-01873-w (HECA/Marečková 2024, tentative)",preGlandular,90
Epi_EndoGlandFun_emSec,celltype_HECA,"10.1038/s41588-024-01873-w (HECA/Marečková 2024, tentative)",preLuminal,67
Epi_EndoGlandFun_emSec,celltype_HECA,"10.1038/s41588-024-01873-w (HECA/Marečková 2024, tentative)",Ciliated,18
Epi_EndoGlandFun_emSec,celltype_HECA,"10.1038/s41588-024-01873-w (HECA/Marečková 2024, tentative)",eHormones,7
Epi_EndoGlandFun_emSec,celltype_HECA,"10.1038/s41588-024-01873-w (HECA/Marečková 2024, tentative)",SOX9_functionalis_II,6
Epi_EndoGlandFun_emSec,celltype_HECA,"10.1038/s41588-024-01873-w (HECA/Marečková 2024, tentative)",SOX9_luminal,2
Epi_EndoGlandFun_emSec,celltype_HECA,"10.1038/s41588-024-01873-w (HECA/Marečková 2024, tentative)",Glandular_secretory_FGF7,1
Epi_EndoGlandFun_emSec,celltype_HECA,"10.1038/s41588-024-01873-w (HECA/Marečková 2024, tentative)",KRT5,1
Epi_EndoGlandFun_emSec,celltype_HECA,"10.1038/s41588-024-01873-w (HECA/Marečková 2024, tentative)",SOX9_functionalis_I,1
Epi_EndoGlandFun_emSec,celltype_Ulrich2024,10.1073/pnas.2404775121,Gland-sec-progenitor-A,803
Epi_EndoGlandFun_emSec,celltype_Ulrich2024,10.1073/pnas.2404775121,Sox9-Glandular,790
Epi_EndoGlandFun_emSec,celltype_Ulrich2024,10.1073/pnas.2404775121,MUC16+_Gland_sec,195
Epi_EndoGlandFun_emSec,celltype_Ulrich2024,10.1073/pnas.2404775121,Gland-sec-progenitor-B,85
Epi_EndoGlandFun_emSec,celltype_Ulrich2024,10.1073/pnas.2404775121,Lumenal,67
Epi_EndoGlandFun_emSec,celltype_Ulrich2024,10.1073/pnas.2404775121,Res-Mem-T,8
Epi_EndoGlandFun_emSec,celltype_Ulrich2024,10.1073/pnas.2404775121,Myoepithelial,5
Epi_EndoGlandFun_emSec,celltype_Ulrich2024,10.1073/pnas.2404775121,HMGB2-Prolif,4
Epi_EndoGlandFun_emSec,celltype_Ulrich2024,10.1073/pnas.2404775121,Ciliated,2
Epi_EndoGlandFun_emSec,celltype_Ulrich2024,10.1073/pnas.2404775121,Mast,2
Epi_EndoGlandFun_emSec,celltype_Ulrich2024,10.1073/pnas.2404775121,NK-cells,1
Epi_EndoGlandFun_emSec,celltype_Ulrich2024,10.1073/pnas.2404775121,TMEM-CD8,1
Epi_EndoGlandFun_lProf,celltype_GarciaAlonso2021,10.1038/s41588-021-00972-2,SOX9,802
Epi_EndoGlandFun_lProf,celltype_GarciaAlonso2021,10.1038/s41588-021-00972-2,Glandular,58
Epi_EndoGlandFun_lProf,celltype_GarciaAlonso2021,10.1038/s41588-021-00972-2,Lumenal,45
Epi_EndoGlandFun_lProf,celltype_GarciaAlonso2021,10.1038/s41588-021-00972-2,Lymphoid,1
Epi_EndoGlandFun_lProf,celltype_HECA,"10.1038/s41588-024-01873-w (HECA/Marečková 2024, tentative)",preGlandular,3500
Epi_EndoGlandFun_lProf,celltype_HECA,"10.1038/s41588-024-01873-w (HECA/Marečková 2024, tentative)",Glandular,235
Epi_EndoGlandFun_lProf,celltype_HECA,"10.1038/s41588-024-01873-w (HECA/Marečková 2024, tentative)",SOX9_functionalis_II,77
Epi_EndoGlandFun_lProf,celltype_HECA,"10.1038/s41588-024-01873-w (HECA/Marečková 2024, tentative)",Cycling,48
Epi_EndoGlandFun_lProf,celltype_HECA,"10.1038/s41588-024-01873-w (HECA/Marečková 2024, tentative)",preLuminal,47
Epi_EndoGlandFun_lProf,celltype_HECA,"10.1038/s41588-024-01873-w (HECA/Marečková 2024, tentative)",eHormones,12
Epi_EndoGlandFun_lProf,celltype_HECA,"10.1038/s41588-024-01873-w (HECA/Marečková 2024, tentative)",SOX9_functionalis_I,7
Epi_EndoGlandFun_lProf,celltype_HECA,"10.1038/s41588-024-01873-w (HECA/Marečková 2024, tentative)",SOX9_luminal,7
Epi_EndoGlandFun_lProf,celltype_HECA,"10.1038/s41588-024-01873-w (HECA/Marečková 2024, tentative)",Luminal,4
Epi_EndoGlandFun_lProf,celltype_HECA,"10.1038/s41588-024-01873-w (HECA/Marečková 2024, tentative)",Ciliated,1
Epi_EndoGlandFun_lProf,celltype_HECA,"10.1038/s41588-024-01873-w (HECA/Marečková 2024, tentative)",Glandular_secretory,1
Epi_EndoGlandFun_lProf,celltype_Ulrich2024,10.1073/pnas.2404775121,Sox9-Glandular,287
Epi_EndoGlandFun_lProf,celltype_Ulrich2024,10.1073/pnas.2404775121,Gland-sec-progenitor-A,52
Epi_EndoGlandFun_lProf,celltype_Ulrich2024,10.1073/pnas.2404775121,HMGB2-Prolif,35
Epi_EndoGlandFun_lProf,celltype_Ulrich2024,10.1073/pnas.2404775121,MUC16+_Gland_sec,24
Epi_EndoGlandFun_lProf,celltype_Ulrich2024,10.1073/pnas.2404775121,Lumenal,5
Epi_EndoGlandFun_lProf,celltype_Ulrich2024,10.1073/pnas.2404775121,Gland-sec-progenitor-B,1
Epi_EndoGlandFun_lSec,celltype_GarciaAlonso2021,10.1038/s41588-021-00972-2,Other,500
Epi_EndoGlandFun_lSec,celltype_GarciaAlonso2021,10.1038/s41588-021-00972-2,Glandular,19
Epi_EndoGlandFun_lSec,celltype_GarciaAlonso2021,10.1038/s41588-021-00972-2,uSMC,1
Epi_EndoGlandFun_lSec,celltype_HECA,"10.1038/s41588-024-01873-w (HECA/Marečková 2024, tentative)",Glandular_secretory_FGF7,646
Epi_EndoGlandFun_lSec,celltype_HECA,"10.1038/s41588-024-01873-w (HECA/Marečková 2024, tentative)",Glandular_secretory,39
Epi_EndoGlandFun_lSec,celltype_HECA,"10.1038/s41588-024-01873-w (HECA/Marečková 2024, tentative)",Glandular,2
Epi_EndoGlandFun_lSec,celltype_HECA,"10.1038/s41588-024-01873-w (HECA/Marečková 2024, tentative)",eHormones,2
Epi_EndoGlandFun_lSec,celltype_Ulrich2024,10.1073/pnas.2404775121,Gland-sec-progenitor-A,57
Epi_EndoGlandFun_lSec,celltype_Ulrich2024,10.1073/pnas.2404775121,Lumenal,23
Epi_EndoGlandFun_lSec,celltype_Ulrich2024,10.1073/pnas.2404775121,Gland-sec-progenitor-B,15
Epi_EndoGlandFun_lSec,celltype_Ulrich2024,10.1073/pnas.2404775121,HMGB2-Prolif,8
Epi_EndoGlandFun_lSec,celltype_Ulrich2024,10.1073/pnas.2404775121,Sox9-Glandular,4
Epi_EndoGlandFun_lSec,celltype_Ulrich2024,10.1073/pnas.2404775121,MUC16+_Gland_sec,1
Epi_EndoGlandFun_mSec,celltype_GarciaAlonso2021,10.1038/s41588-021-00972-2,Glandular,5394
Epi_EndoGlandFun_mSec,celltype_GarciaAlonso2021,10.1038/s41588-021-00972-2,Lumenal,197
Epi_EndoGlandFun_mSec,celltype_GarciaAlonso2021,10.1038/s41588-021-00972-2,Other,10
Epi_EndoGlandFun_mSec,celltype_GarciaAlonso2021,10.1038/s41588-021-00972-2,SOX9,5
Epi_EndoGlandFun_mSec,celltype_GarciaAlonso2021,10.1038/s41588-021-00972-2,Ciliated,4
Epi_EndoGlandFun_mSec,celltype_GarciaAlonso2021,10.1038/s41588-021-00972-2,dS,2
Epi_EndoGlandFun_mSec,celltype_GarciaAlonso2021,10.1038/s41588-021-00972-2,Lymphoid,1
Epi_EndoGlandFun_mSec,celltype_GarciaAlonso2021,10.1038/s41588-021-00972-2,Myeloid,1
Epi_EndoGlandFun_mSec,celltype_HECA,"10.1038/s41588-024-01873-w (HECA/Marečková 2024, tentative)",Glandular_secretory,7253
Epi_EndoGlandFun_mSec,celltype_HECA,"10.1038/s41588-024-01873-w (HECA/Marečková 2024, tentative)",Glandular,2004
Epi_EndoGlandFun_mSec,celltype_HECA,"10.1038/s41588-024-01873-w (HECA/Marečková 2024, tentative)",eHormones,98
Epi_EndoGlandFun_mSec,celltype_HECA,"10.1038/s41588-024-01873-w (HECA/Marečková 2024, tentative)",Luminal,90
Epi_EndoGlandFun_mSec,celltype_HECA,"10.1038/s41588-024-01873-w (HECA/Marečková 2024, tentative)",Glandular_secretory_FGF7,35
Epi_EndoGlandFun_mSec,celltype_HECA,"10.1038/s41588-024-01873-w (HECA/Marečková 2024, tentative)",SOX9_functionalis_II,9
Epi_EndoGlandFun_mSec,celltype_HECA,"10.1038/s41588-024-01873-w (HECA/Marečková 2024, tentative)",Ciliated,7
Epi_EndoGlandFun_mSec,celltype_HECA,"10.1038/s41588-024-01873-w (HECA/Marečková 2024, tentative)",SOX9_luminal,4
Epi_EndoGlandFun_mSec,celltype_HECA,"10.1038/s41588-024-01873-w (HECA/Marečková 2024, tentative)",preGlandular,4
Epi_EndoGlandFun_mSec,celltype_HECA,"10.1038/s41588-024-01873-w (HECA/Marečková 2024, tentative)",preLuminal,3
Epi_EndoGlandFun_mSec,celltype_HECA,"10.1038/s41588-024-01873-w (HECA/Marečková 2024, tentative)",SOX9_functionalis_I,2
Epi_EndoGlandFun_mSec,celltype_HECA,"10.1038/s41588-024-01873-w (HECA/Marečková 2024, tentative)",KRT5,1
Epi_EndoGlandFun_mSec,celltype_Ulrich2024,10.1073/pnas.2404775121,Gland-sec-progenitor-A,2065
Epi_EndoGlandFun_mSec,celltype_Ulrich2024,10.1073/pnas.2404775121,Gland-sec-progenitor-B,815
Epi_EndoGlandFun_mSec,celltype_Ulrich2024,10.1073/pnas.2404775121,MUC16+_Gland_sec,659
Epi_EndoGlandFun_mSec,celltype_Ulrich2024,10.1073/pnas.2404775121,Lumenal,427
Epi_EndoGlandFun_mSec,celltype_Ulrich2024,10.1073/pnas.2404775121,Sox9-Glandular,320
Epi_EndoGlandFun_mSec,celltype_Ulrich2024,10.1073/pnas.2404775121,HMGB2-Prolif,125
Epi_EndoGlandFun_mSec,celltype_Ulrich2024,10.1073/pnas.2404775121,Ciliated,23
Epi_EndoGlandFun_mSec,celltype_Ulrich2024,10.1073/pnas.2404775121,Res-Mem-T,20
Epi_EndoGlandFun_mSec,celltype_Ulrich2024,10.1073/pnas.2404775121,Myoepithelial,8
Epi_EndoGlandFun_mSec,celltype_Ulrich2024,10.1073/pnas.2404775121,Fibrocytes,1
Epi_EndoGlandLum_Prof,celltype_GarciaAlonso2021,10.1038/s41588-021-00972-2,Lumenal,1539
Epi_EndoGlandLum_Prof,celltype_GarciaAlonso2021,10.1038/s41588-021-00972-2,SOX9,354
Epi_EndoGlandLum_Prof,celltype_GarciaAlonso2021,10.1038/s41588-021-00972-2,Glandular,299
Epi_EndoGlandLum_Prof,celltype_GarciaAlonso2021,10.1038/s41588-021-00972-2,dS,4
Epi_EndoGlandLum_Prof,celltype_GarciaAlonso2021,10.1038/s41588-021-00972-2,Other,2
Epi_EndoGlandLum_Prof,celltype_GarciaAlonso2021,10.1038/s41588-021-00972-2,Ciliated,1
Epi_EndoGlandLum_Prof,celltype_HECA,"10.1038/s41588-024-01873-w (HECA/Marečková 2024, tentative)",SOX9_luminal,1441
Epi_EndoGlandLum_Prof,celltype_HECA,"10.1038/s41588-024-01873-w (HECA/Marečková 2024, tentative)",preLuminal,1032
Epi_EndoGlandLum_Prof,celltype_HECA,"10.1038/s41588-024-01873-w (HECA/Marečková 2024, tentative)",preGlandular,542
Epi_EndoGlandLum_Prof,celltype_HECA,"10.1038/s41588-024-01873-w (HECA/Marečková 2024, tentative)",Glandular,140
Epi_EndoGlandLum_Prof,celltype_HECA,"10.1038/s41588-024-01873-w (HECA/Marečková 2024, tentative)",eHormones,109
Epi_EndoGlandLum_Prof,celltype_HECA,"10.1038/s41588-024-01873-w (HECA/Marečková 2024, tentative)",SOX9_functionalis_II,92
Epi_EndoGlandLum_Prof,celltype_HECA,"10.1038/s41588-024-01873-w (HECA/Marečková 2024, tentative)",Luminal,65
Epi_EndoGlandLum_Prof,celltype_HECA,"10.1038/s41588-024-01873-w (HECA/Marečková 2024, tentative)",SOX9_functionalis_I,46
Epi_EndoGlandLum_Prof,celltype_HECA,"10.1038/s41588-024-01873-w (HECA/Marečková 2024, tentative)",Cycling,11
Epi_EndoGlandLum_Prof,celltype_HECA,"10.1038/s41588-024-01873-w (HECA/Marečková 2024, tentative)",Ciliated,5
Epi_EndoGlandLum_Prof,celltype_HECA,"10.1038/s41588-024-01873-w (HECA/Marečková 2024, tentative)",Glandular_secretory,1
Epi_EndoGlandLum_Prof,celltype_Ulrich2024,10.1073/pnas.2404775121,Lumenal,374
Epi_EndoGlandLum_Prof,celltype_Ulrich2024,10.1073/pnas.2404775121,Sox9-Glandular,217
Epi_EndoGlandLum_Prof,celltype_Ulrich2024,10.1073/pnas.2404775121,Gland-sec-progenitor-A,114
Epi_EndoGlandLum_Prof,celltype_Ulrich2024,10.1073/pnas.2404775121,HMGB2-Prolif,113
Epi_EndoGlandLum_Prof,celltype_Ulrich2024,10.1073/pnas.2404775121,MUC16+_Gland_sec,89
Epi_EndoGlandLum_Prof,celltype_Ulrich2024,10.1073/pnas.2404775121,Fibrocytes,7
Epi_EndoGlandLum_Prof,celltype_Ulrich2024,10.1073/pnas.2404775121,Tissue-resident-vascular-progenitor,7
Epi_EndoGlandLum_Prof,celltype_Ulrich2024,10.1073/pnas.2404775121,dS2,4
Epi_EndoGlandLum_Prof,celltype_Ulrich2024,10.1073/pnas.2404775121,PV-MYH11_CDKN1A+,3
Epi_EndoGlandLum_Prof,celltype_Ulrich2024,10.1073/pnas.2404775121,Gland-sec-progenitor-B,2
Epi_EndoGlandLum_Prof,celltype_Ulrich2024,10.1073/pnas.2404775121,Myoepithelial,2
Epi_EndoGlandLum_Prof,celltype_Ulrich2024,10.1073/pnas.2404775121,RUNX3+_Fibroblast,1
Epi_EndoGlandLum_eSec,celltype_HECA,"10.1038/s41588-024-01873-w (HECA/Marečková 2024, tentative)",eHormones,9
Epi_EndoGlandLum_mSec,celltype_GarciaAlonso2021,10.1038/s41588-021-00972-2,Lumenal,8782
Epi_EndoGlandLum_mSec,celltype_GarciaAlonso2021,10.1038/s41588-021-00972-2,Glandular,380
Epi_EndoGlandLum_mSec,celltype_GarciaAlonso2021,10.1038/s41588-021-00972-2,Lymphoid,15
Epi_EndoGlandLum_mSec,celltype_GarciaAlonso2021,10.1038/s41588-021-00972-2,Ciliated,12
Epi_EndoGlandLum_mSec,celltype_GarciaAlonso2021,10.1038/s41588-021-00972-2,SOX9,9
Epi_EndoGlandLum_mSec,celltype_GarciaAlonso2021,10.1038/s41588-021-00972-2,uSMC,3
Epi_EndoGlandLum_mSec,celltype_GarciaAlonso2021,10.1038/s41588-021-00972-2,Endothelial ACKR1,2
Epi_EndoGlandLum_mSec,celltype_GarciaAlonso2021,10.1038/s41588-021-00972-2,Other,2
Epi_EndoGlandLum_mSec,celltype_GarciaAlonso2021,10.1038/s41588-021-00972-2,dS,2
Epi_EndoGlandLum_mSec,celltype_HECA,"10.1038/s41588-024-01873-w (HECA/Marečková 2024, tentative)",Luminal,9046
Epi_EndoGlandLum_mSec,celltype_HECA,"10.1038/s41588-024-01873-w (HECA/Marečková 2024, tentative)",Glandular,458
Epi_EndoGlandLum_mSec,celltype_HECA,"10.1038/s41588-024-01873-w (HECA/Marečková 2024, tentative)",preLuminal,320
Epi_EndoGlandLum_mSec,celltype_HECA,"10.1038/s41588-024-01873-w (HECA/Marečková 2024, tentative)",Glandular_secretory,34
Epi_EndoGlandLum_mSec,celltype_HECA,"10.1038/s41588-024-01873-w (HECA/Marečková 2024, tentative)",SOX9_luminal,31
Epi_EndoGlandLum_mSec,celltype_HECA,"10.1038/s41588-024-01873-w (HECA/Marečková 2024, tentative)",eHormones,28
Epi_EndoGlandLum_mSec,celltype_HECA,"10.1038/s41588-024-01873-w (HECA/Marečková 2024, tentative)",SOX9_functionalis_II,14
Epi_EndoGlandLum_mSec,celltype_HECA,"10.1038/s41588-024-01873-w (HECA/Marečková 2024, tentative)",preGlandular,14
Epi_EndoGlandLum_mSec,celltype_HECA,"10.1038/s41588-024-01873-w (HECA/Marečková 2024, tentative)",Ciliated,11
Epi_EndoGlandLum_mSec,celltype_HECA,"10.1038/s41588-024-01873-w (HECA/Marečková 2024, tentative)",Cycling,4
Epi_EndoGlandLum_mSec,celltype_HECA,"10.1038/s41588-024-01873-w (HECA/Marečková 2024, tentative)",SOX9_functionalis_I,3
Epi_EndoGlandLum_mSec,celltype_HECA,"10.1038/s41588-024-01873-w (HECA/Marečková 2024, tentative)",KRT5,1
Epi_EndoGlandLum_mSec,celltype_HECA,"10.1038/s41588-024-01873-w (HECA/Marečková 2024, tentative)",MUC5B,1
Epi_EndoGlandLum_mSec,celltype_Ulrich2024,10.1073/pnas.2404775121,Lumenal,1283
Epi_EndoGlandLum_mSec,celltype_Ulrich2024,10.1073/pnas.2404775121,Gland-sec-progenitor-A,551
Epi_EndoGlandLum_mSec,celltype_Ulrich2024,10.1073/pnas.2404775121,MUC16+_Gland_sec,190
Epi_EndoGlandLum_mSec,celltype_Ulrich2024,10.1073/pnas.2404775121,HMGB2-Prolif,78
Epi_EndoGlandLum_mSec,celltype_Ulrich2024,10.1073/pnas.2404775121,Sox9-Glandular,15
Epi_EndoGlandLum_mSec,celltype_Ulrich2024,10.1073/pnas.2404775121,Res-Mem-T,5
Epi_EndoGlandLum_mSec,celltype_Ulrich2024,10.1073/pnas.2404775121,Gland-sec-progenitor-B,4
Epi_EndoGlandLum_mSec,celltype_Ulrich2024,10.1073/pnas.2404775121,Myoepithelial,3
Epi_EndoGlandLum_mSec,celltype_Ulrich2024,10.1073/pnas.2404775121,Fibrocytes,1
Epi_EndoGlandLum_mSec,celltype_Ulrich2024,10.1073/pnas.2404775121,dS2,1
Epi_EndoGlandLum_mSec,celltype_Ulrich2024,10.1073/pnas.2404775121,uSMC,1
Epi_EndoGland_nEMC,celltype_GarciaAlonso2021,10.1038/s41588-021-00972-2,Lumenal,18
Epi_EndoGland_nEMC,celltype_GarciaAlonso2021,10.1038/s41588-021-00972-2,Glandular,11
Epi_EndoGland_nEMC,celltype_GarciaAlonso2021,10.1038/s41588-021-00972-2,SOX9,6
Epi_EndoGland_nEMC,celltype_GarciaAlonso2021,10.1038/s41588-021-00972-2,Other,3
Epi_EndoGland_nEMC,celltype_GarciaAlonso2021,10.1038/s41588-021-00972-2,dS,1
Epi_EndoGland_nEMC,celltype_HECA,"10.1038/s41588-024-01873-w (HECA/Marečková 2024, tentative)",eHormones,41
Epi_EndoGland_nEMC,celltype_HECA,"10.1038/s41588-024-01873-w (HECA/Marečková 2024, tentative)",SOX9_luminal,15
Epi_EndoGland_nEMC,celltype_HECA,"10.1038/s41588-024-01873-w (HECA/Marečková 2024, tentative)",SOX9_functionalis_II,9
Epi_EndoGland_nEMC,celltype_HECA,"10.1038/s41588-024-01873-w (HECA/Marečková 2024, tentative)",Glandular,8
Epi_EndoGland_nEMC,celltype_HECA,"10.1038/s41588-024-01873-w (HECA/Marečková 2024, tentative)",Glandular_secretory,8
Epi_EndoGland_nEMC,celltype_HECA,"10.1038/s41588-024-01873-w (HECA/Marečková 2024, tentative)",Luminal,8
Epi_EndoGland_nEMC,celltype_HECA,"10.1038/s41588-024-01873-w (HECA/Marečková 2024, tentative)",preGlandular,5
Epi_EndoGland_nEMC,celltype_HECA,"10.1038/s41588-024-01873-w (HECA/Marečková 2024, tentative)",preLuminal,5
Epi_EndoGland_nEMC,celltype_HECA,"10.1038/s41588-024-01873-w (HECA/Marečková 2024, tentative)",Cycling,2
Epi_EndoGland_nEMC,celltype_HECA,"10.1038/s41588-024-01873-w (HECA/Marečková 2024, tentative)",KRT5,1
Epi_EndoGland_nEMC,celltype_Ulrich2024,10.1073/pnas.2404775121,Lumenal,98
Epi_EndoGland_nEMC,celltype_Ulrich2024,10.1073/pnas.2404775121,Gland-sec-progenitor-A,30
Epi_EndoGland_nEMC,celltype_Ulrich2024,10.1073/pnas.2404775121,MUC16+_Gland_sec,17
Epi_EndoGland_nEMC,celltype_Ulrich2024,10.1073/pnas.2404775121,Sox9-Glandular,10
Epi_EndoGland_nEMC,celltype_Ulrich2024,10.1073/pnas.2404775121,HMGB2-Prolif,9
Epi_EndoGland_nEMC,celltype_Ulrich2024,10.1073/pnas.2404775121,Gland-sec-progenitor-B,5
Epi_EndoGland_nEMC,celltype_Ulrich2024,10.1073/pnas.2404775121,Capillary,1
Epi_EndoMucinous,celltype_GarciaAlonso2021,10.1038/s41588-021-00972-2,Other,195
Epi_EndoMucinous,celltype_GarciaAlonso2021,10.1038/s41588-021-00972-2,Lumenal,5
Epi_EndoMucinous,celltype_GarciaAlonso2021,10.1038/s41588-021-00972-2,Glandular,1
Epi_EndoMucinous,celltype_GarciaAlonso2021,10.1038/s41588-021-00972-2,dS,1
Epi_EndoMucinous,celltype_HECA,"10.1038/s41588-024-01873-w (HECA/Marečková 2024, tentative)",MUC5B,197
Epi_EndoMucinous,celltype_HECA,"10.1038/s41588-024-01873-w (HECA/Marečková 2024, tentative)",eHormones,5
Epi_EndoMucinous,celltype_HECA,"10.1038/s41588-024-01873-w (HECA/Marečková 2024, tentative)",Glandular,2
Epi_EndoMucinous,celltype_HECA,"10.1038/s41588-024-01873-w (HECA/Marečková 2024, tentative)",KRT5,2
Epi_EndoMucinous,celltype_Ulrich2024,10.1073/pnas.2404775121,Lumenal,104
Epi_EndoMucinous,celltype_Ulrich2024,10.1073/pnas.2404775121,Ciliated,78
Epi_EndoMucinous,celltype_Ulrich2024,10.1073/pnas.2404775121,Gland-sec-progenitor-A,69
Epi_EndoMucinous,celltype_Ulrich2024,10.1073/pnas.2404775121,MUC16+_Gland_sec,41
Epi_EndoMucinous,celltype_Ulrich2024,10.1073/pnas.2404775121,Gland-sec-progenitor-B,38
Epi_EndoMucinous,celltype_Ulrich2024,10.1073/pnas.2404775121,uSMC,7
Epi_EndoMucinous,celltype_Ulrich2024,10.1073/pnas.2404775121,HMGB2-Prolif,5
Epi_EndoMucinous,celltype_Ulrich2024,10.1073/pnas.2404775121,Sox9-Glandular,5
Epi_EndoMucinous,celltype_Ulrich2024,10.1073/pnas.2404775121,Tissue-resident-vascular-progenitor,3
Epi_EndoMucinous,celltype_Ulrich2024,10.1073/pnas.2404775121,dS2,1
Epi_FallopianCil_Cyc,celltype_Ulrich2022,10.1016/j.devcel.2022.02.017,ciliated epithelial cell,51
Epi_FallopianCil_Cyc,celltype_Ulrich2022,10.1016/j.devcel.2022.02.017,secretory cell,1
Epi_FallopianCil_Cyc,celltype_Weigert2025,10.1038/s41467-024-55440-2,ciliated epithelial cell,75
Epi_FallopianCil_Cyc,celltype_Weigert2025,10.1038/s41467-024-55440-2,peg cell,52
Epi_FallopianCil_Cyc,celltype_Weigert2025,10.1038/s41467-024-55440-2,fallopian tube secretory epithelial cell,6
Epi_FallopianCil_Cyc,celltype_Weigert2025,10.1038/s41467-024-55440-2,stromal cell,1
Epi_FallopianCil_Diff,celltype_Ulrich2022,10.1016/j.devcel.2022.02.017,ciliated epithelial cell,1584
Epi_FallopianCil_Diff,celltype_Ulrich2022,10.1016/j.devcel.2022.02.017,secretory cell,3
Epi_FallopianCil_Diff,celltype_Weigert2025,10.1038/s41467-024-55440-2,ciliated epithelial cell,4939
Epi_FallopianCil_Diff,celltype_Weigert2025,10.1038/s41467-024-55440-2,peg cell,17
Epi_FallopianCil_Diff,celltype_Weigert2025,10.1038/s41467-024-55440-2,fallopian tube secretory epithelial cell,9
Epi_FallopianCil_Diff,celltype_Weigert2025,10.1038/s41467-024-55440-2,stromal cell,2
Epi_FallopianCil_Early,celltype_Ulrich2022,10.1016/j.devcel.2022.02.017,ciliated epithelial cell,43
Epi_FallopianCil_Early,celltype_Weigert2025,10.1038/s41467-024-55440-2,ciliated epithelial cell,144
Epi_FallopianCil_Early,celltype_Weigert2025,10.1038/s41467-024-55440-2,peg cell,13
Epi_FallopianCil_Fetal,celltype_GarciaAlonso2022,10.1038/s41586-022-04918-4,Epithelial,340
Epi_FallopianCil_Fetal,celltype_GarciaAlonso2022,10.1038/s41586-022-04918-4,Mesenchymal_GATA2,1
Epi_FallopianCil_Fetal,celltype_GarciaAlonso2022,10.1038/s41586-022-04918-4,Oi,1
Epi_FallopianCil_Fetal,celltype_Lorenzi2025,10.1038/s41586-025-09875-2,Ciliated Epi,117
Epi_FallopianCil_Fetal,celltype_Lorenzi2025,10.1038/s41586-025-09875-2,Corpus Spongiosum,2
Epi_FallopianCil_Fetal,celltype_Lorenzi2025,10.1038/s41586-025-09875-2,Fallopian Epi,1
Epi_FallopianCil_Fetal,celltype_Lorenzi2025,10.1038/s41586-025-09875-2,Uterus Mese,1
Epi_FallopianCil_Fetal,celltype_Lorenzi2025,10.1038/s41586-025-09875-2,Uterus SmMu,1
Epi_FallopianCil_Fetal,celltype_OvarySanger2026,(unresolved: Sanger ovary 2026),Epithelial,2
Epi_FallopianSec_Cyc,celltype_Ulrich2022,10.1016/j.devcel.2022.02.017,secretory cell,43
Epi_FallopianSec_Cyc,celltype_Weigert2025,10.1038/s41467-024-55440-2,peg cell,100
Epi_FallopianSec_Cyc,celltype_Weigert2025,10.1038/s41467-024-55440-2,fallopian tube secretory epithelial cell,45
Epi_FallopianSec_Cyc,celltype_Weigert2025,10.1038/s41467-024-55440-2,lymphocyte,3
Epi_FallopianSec_Cyc,celltype_Weigert2025,10.1038/s41467-024-55440-2,ciliated epithelial cell,1
Epi_FallopianSec_Cyc,celltype_Weigert2025,10.1038/s41467-024-55440-2,macrophage,1
Epi_FallopianSec_Cyc,celltype_Weigert2025,10.1038/s41467-024-55440-2,stromal cell,1
Epi_FallopianSec_Fetal,celltype_GarciaAlonso2022,10.1038/s41586-022-04918-4,Epithelial,5029
Epi_FallopianSec_Fetal,celltype_GarciaAlonso2022,10.1038/s41586-022-04918-4,CoelEpi_LHX9,11
Epi_FallopianSec_Fetal,celltype_GarciaAlonso2022,10.1038/s41586-022-04918-4,Endothelial,1
Epi_FallopianSec_Fetal,celltype_GarciaAlonso2022,10.1038/s41586-022-04918-4,Erythroid,1
Epi_FallopianSec_Fetal,celltype_GarciaAlonso2022,10.1038/s41586-022-04918-4,Neural,1
Epi_FallopianSec_Fetal,celltype_GarciaAlonso2022,10.1038/s41586-022-04918-4,OSE,1
Epi_FallopianSec_Fetal,celltype_GarciaAlonso2022,10.1038/s41586-022-04918-4,Oi,1
Epi_FallopianSec_Fetal,celltype_GarciaAlonso2022,10.1038/s41586-022-04918-4,PV,1
Epi_FallopianSec_Fetal,celltype_GarciaAlonso2022,10.1038/s41586-022-04918-4,SMCs,1
Epi_FallopianSec_Fetal,celltype_GarciaAlonso2022,10.1038/s41586-022-04918-4,preGC_I,1
Epi_FallopianSec_Fetal,celltype_Lardenois2026,10.1016/j.devcel.2025.09.011,Ducts,1
Epi_FallopianSec_Fetal,celltype_Lorenzi2025,10.1038/s41586-025-09875-2,Fallopian Epi,6851
Epi_FallopianSec_Fetal,celltype_Lorenzi2025,10.1038/s41586-025-09875-2,Müllerian Epi,249
Epi_FallopianSec_Fetal,celltype_Lorenzi2025,10.1038/s41586-025-09875-2,Coelomic Epi,73
Epi_FallopianSec_Fetal,celltype_Lorenzi2025,10.1038/s41586-025-09875-2,Uterus/Cervix Epi,24
Epi_FallopianSec_Fetal,celltype_Lorenzi2025,10.1038/s41586-025-09875-2,Fallopian Mese,7
Epi_FallopianSec_Fetal,celltype_Lorenzi2025,10.1038/s41586-025-09875-2,Fallopian Lig,5
Epi_FallopianSec_Fetal,celltype_Lorenzi2025,10.1038/s41586-025-09875-2,Uterus Mese,4
Epi_FallopianSec_Fetal,celltype_Lorenzi2025,10.1038/s41586-025-09875-2,Epoophron Mese,3
Epi_FallopianSec_Fetal,celltype_Lorenzi2025,10.1038/s41586-025-09875-2,Endothelial,2
Epi_FallopianSec_Fetal,celltype_Lorenzi2025,10.1038/s41586-025-09875-2,Erythroid,2
Epi_FallopianSec_Fetal,celltype_Lorenzi2025,10.1038/s41586-025-09875-2,Perivascular,2
Epi_FallopianSec_Fetal,celltype_Lorenzi2025,10.1038/s41586-025-09875-2,Uterus SmMu,2
Epi_FallopianSec_Fetal,celltype_Lorenzi2025,10.1038/s41586-025-09875-2,Vas Deferens Mese,1
Epi_FallopianSec_Fetal,celltype_OvarySanger2026,(unresolved: Sanger ovary 2026),Epithelial,4506
Epi_FallopianSec_Fetal,celltype_OvarySanger2026,(unresolved: Sanger ovary 2026),OSE_Fetal,1
Epi_FallopianSec_Fetal,celltype_OvarySanger2026,(unresolved: Sanger ovary 2026),PV_SMC_Arterial,1
Epi_FallopianSec_OVGP1hi_EstrInd,celltype_Ulrich2022,10.1016/j.devcel.2022.02.017,secretory cell,958
Epi_FallopianSec_OVGP1hi_EstrInd,celltype_Ulrich2022,10.1016/j.devcel.2022.02.017,ciliated epithelial cell,8
Epi_FallopianSec_OVGP1hi_EstrInd,celltype_Ulrich2022,10.1016/j.devcel.2022.02.017,myofibroblast cell,5
Epi_FallopianSec_OVGP1hi_EstrInd,celltype_Weigert2025,10.1038/s41467-024-55440-2,peg cell,4222
Epi_FallopianSec_OVGP1hi_EstrInd,celltype_Weigert2025,10.1038/s41467-024-55440-2,fallopian tube secretory epithelial cell,2382
Epi_FallopianSec_OVGP1hi_EstrInd,celltype_Weigert2025,10.1038/s41467-024-55440-2,stromal cell,11
Epi_FallopianSec_OVGP1hi_EstrInd,celltype_Weigert2025,10.1038/s41467-024-55440-2,ciliated epithelial cell,6
Epi_FallopianSec_OVGP1lo,celltype_Ulrich2022,10.1016/j.devcel.2022.02.017,secretory cell,9969
Epi_FallopianSec_OVGP1lo,celltype_Ulrich2022,10.1016/j.devcel.2022.02.017,ciliated epithelial cell,14
Epi_FallopianSec_OVGP1lo,celltype_Ulrich2022,10.1016/j.devcel.2022.02.017,myofibroblast cell,2
Epi_FallopianSec_OVGP1lo,celltype_Weigert2025,10.1038/s41467-024-55440-2,fallopian tube secretory epithelial cell,336
Epi_FallopianSec_OVGP1lo,celltype_Weigert2025,10.1038/s41467-024-55440-2,peg cell,112
Epi_FallopianSec_OVGP1lo,celltype_Weigert2025,10.1038/s41467-024-55440-2,ciliated epithelial cell,3
Epi_GenitalSurf_Fetal,celltype_Lorenzi2025,10.1038/s41586-025-09875-2,Genital Surface Epi,1155
Epi_GenitalSurf_Fetal,celltype_Lorenzi2025,10.1038/s41586-025-09875-2,Preputial Lamina Epi,273
Epi_GenitalSurf_Fetal,celltype_Lorenzi2025,10.1038/s41586-025-09875-2,Lower Vagina Epi,23
Epi_GenitalSurf_Fetal,celltype_Lorenzi2025,10.1038/s41586-025-09875-2,Glans,4
Epi_GenitalSurf_Fetal,celltype_Lorenzi2025,10.1038/s41586-025-09875-2,Corpus Cavernosum,2
Epi_GenitalSurf_Fetal,celltype_Lorenzi2025,10.1038/s41586-025-09875-2,Immune,2
Epi_GenitalSurf_Fetal,celltype_Lorenzi2025,10.1038/s41586-025-09875-2,Urethral Epi,2
Epi_GenitalSurf_Fetal,celltype_Lorenzi2025,10.1038/s41586-025-09875-2,Corpus Spongiosum,1
Epi_GenitalSurf_Fetal,celltype_Lorenzi2025,10.1038/s41586-025-09875-2,Labia,1
Epi_GenitalSurf_Fetal,celltype_Lorenzi2025,10.1038/s41586-025-09875-2,Prepuce,1
Epi_MesonephricTub_Fetal,celltype_GarciaAlonso2022,10.1038/s41586-022-04918-4,Epithelial,2387
Epi_MesonephricTub_Fetal,celltype_GarciaAlonso2022,10.1038/s41586-022-04918-4,PV,12
Epi_MesonephricTub_Fetal,celltype_GarciaAlonso2022,10.1038/s41586-022-04918-4,Mesenchymal_GATA2,11
Epi_MesonephricTub_Fetal,celltype_GarciaAlonso2022,10.1038/s41586-022-04918-4,early_sPAX8,2
Epi_MesonephricTub_Fetal,celltype_GarciaAlonso2022,10.1038/s41586-022-04918-4,CoelEpi_LHX9,1
Epi_MesonephricTub_Fetal,celltype_GarciaAlonso2022,10.1038/s41586-022-04918-4,Endothelial,1
Epi_MesonephricTub_Fetal,celltype_GarciaAlonso2022,10.1038/s41586-022-04918-4,Erythroid,1
Epi_MesonephricTub_Fetal,celltype_GarciaAlonso2022,10.1038/s41586-022-04918-4,GermCells,1
Epi_MesonephricTub_Fetal,celltype_GarciaAlonso2022,10.1038/s41586-022-04918-4,Oi,1
Epi_MesonephricTub_Fetal,celltype_GarciaAlonso2022,10.1038/s41586-022-04918-4,preGC_IIb,1
Epi_MesonephricTub_Fetal,celltype_Lardenois2026,10.1016/j.devcel.2025.09.011,Ducts,42
Epi_MesonephricTub_Fetal,celltype_Lardenois2026,10.1016/j.devcel.2025.09.011,Low_QC,3
Epi_MesonephricTub_Fetal,celltype_Lorenzi2025,10.1038/s41586-025-09875-2,Wolffian Epi,2720
Epi_MesonephricTub_Fetal,celltype_Lorenzi2025,10.1038/s41586-025-09875-2,Mesonephric Tubules Epi,157
Epi_MesonephricTub_Fetal,celltype_Lorenzi2025,10.1038/s41586-025-09875-2,Müllerian Epi,58
Epi_MesonephricTub_Fetal,celltype_Lorenzi2025,10.1038/s41586-025-09875-2,Fallopian Epi,24
Epi_MesonephricTub_Fetal,celltype_Lorenzi2025,10.1038/s41586-025-09875-2,Wolffian/Mesonephros Mese,6
Epi_MesonephricTub_Fetal,celltype_Lorenzi2025,10.1038/s41586-025-09875-2,Perivascular,3
Epi_MesonephricTub_Fetal,celltype_Lorenzi2025,10.1038/s41586-025-09875-2,Pre-Perivascular,3
Epi_MesonephricTub_Fetal,celltype_Lorenzi2025,10.1038/s41586-025-09875-2,Schwann,3
Epi_MesonephricTub_Fetal,celltype_Lorenzi2025,10.1038/s41586-025-09875-2,Urethral Epi,3
Epi_MesonephricTub_Fetal,celltype_Lorenzi2025,10.1038/s41586-025-09875-2,Preputial Lamina Epi,2
Epi_MesonephricTub_Fetal,celltype_Lorenzi2025,10.1038/s41586-025-09875-2,Uterus Mese,2
Epi_MesonephricTub_Fetal,celltype_Lorenzi2025,10.1038/s41586-025-09875-2,Coelomic Epi,1
Epi_MesonephricTub_Fetal,celltype_Lorenzi2025,10.1038/s41586-025-09875-2,Corpus Cavernosum,1
Epi_MesonephricTub_Fetal,celltype_Lorenzi2025,10.1038/s41586-025-09875-2,Immune,1
Epi_MesonephricTub_Fetal,celltype_Lorenzi2025,10.1038/s41586-025-09875-2,Lower Urogenital Sinus Mese,1
Epi_MesonephricTub_Fetal,celltype_Lorenzi2025,10.1038/s41586-025-09875-2,Urogenital Sinus Epi,1
Epi_MesonephricTub_Fetal,celltype_Lorenzi2025,10.1038/s41586-025-09875-2,Urogenital Sinus Lig,1
Epi_MesonephricTub_Fetal,celltype_Lorenzi2025,10.1038/s41586-025-09875-2,Uterus/Cervix Epi,1
Epi_MesonephricTub_Fetal,celltype_OvarySanger2026,(unresolved: Sanger ovary 2026),Epithelial,360
Epi_MesonephricTub_Fetal,celltype_OvarySanger2026,(unresolved: Sanger ovary 2026),PV_Fetal,4
Epi_MesonephricTub_Fetal,celltype_OvarySanger2026,(unresolved: Sanger ovary 2026),RepTract_prePV_Fetal,3
Epi_MesonephricTub_Fetal,celltype_OvarySanger2026,(unresolved: Sanger ovary 2026),PV_cycling,2
Epi_MesonephricTub_Fetal,celltype_OvarySanger2026,(unresolved: Sanger ovary 2026),Endo_Cap,1
Epi_MesonephricTub_Fetal,celltype_OvarySanger2026,(unresolved: Sanger ovary 2026),PV_Fibroblast,1
Epi_MesonephricTub_Fetal,celltype_OvarySanger2026,(unresolved: Sanger ovary 2026),PV_SMC_Arterial,1
Epi_Mullerian_Undiff,celltype_GarciaAlonso2022,10.1038/s41586-022-04918-4,Epithelial,1621
Epi_Mullerian_Undiff,celltype_GarciaAlonso2022,10.1038/s41586-022-04918-4,CoelEpi_GATA2,4
Epi_Mullerian_Undiff,celltype_GarciaAlonso2022,10.1038/s41586-022-04918-4,OSE,3
Epi_Mullerian_Undiff,celltype_GarciaAlonso2022,10.1038/s41586-022-04918-4,CoelEpi_LHX9_cycling,2
Epi_Mullerian_Undiff,celltype_GarciaAlonso2022,10.1038/s41586-022-04918-4,CoelEpi_LHX9,1
Epi_Mullerian_Undiff,celltype_GarciaAlonso2022,10.1038/s41586-022-04918-4,GermCells,1
Epi_Mullerian_Undiff,celltype_GarciaAlonso2022,10.1038/s41586-022-04918-4,early_sPAX8,1
Epi_Mullerian_Undiff,celltype_Lardenois2026,10.1016/j.devcel.2025.09.011,Ducts,11
Epi_Mullerian_Undiff,celltype_Lardenois2026,10.1016/j.devcel.2025.09.011,Extragonadal_CE,1
Epi_Mullerian_Undiff,celltype_Lardenois2026,10.1016/j.devcel.2025.09.011,Low_QC,1
Epi_Mullerian_Undiff,celltype_Lardenois2026,10.1016/j.devcel.2025.09.011,Rete_testis_ovarii,1
Epi_Mullerian_Undiff,celltype_Lorenzi2025,10.1038/s41586-025-09875-2,Müllerian Epi,1921
Epi_Mullerian_Undiff,celltype_Lorenzi2025,10.1038/s41586-025-09875-2,Fallopian Epi,445
Epi_Mullerian_Undiff,celltype_Lorenzi2025,10.1038/s41586-025-09875-2,Uterus/Cervix Epi,107
Epi_Mullerian_Undiff,celltype_Lorenzi2025,10.1038/s41586-025-09875-2,Coelomic Epi,10
Epi_Mullerian_Undiff,celltype_Lorenzi2025,10.1038/s41586-025-09875-2,Müllerian Mese,4
Epi_Mullerian_Undiff,celltype_Lorenzi2025,10.1038/s41586-025-09875-2,Fallopian Mese,3
Epi_Mullerian_Undiff,celltype_Lorenzi2025,10.1038/s41586-025-09875-2,Epoophron Mese,1
Epi_Mullerian_Undiff,celltype_Lorenzi2025,10.1038/s41586-025-09875-2,Lower Vagina Epi,1
Epi_Mullerian_Undiff,celltype_Lorenzi2025,10.1038/s41586-025-09875-2,Upper Vagina Epi,1
Epi_Mullerian_Undiff,celltype_OvarySanger2026,(unresolved: Sanger ovary 2026),Epithelial,474
Epi_Mullerian_Undiff,celltype_OvarySanger2026,(unresolved: Sanger ovary 2026),Granulosa_AMH_atr,1
Epi_OvarianInclSec,celltype_OvarySanger2026,(unresolved: Sanger ovary 2026),Epithelial,10
Epi_ParatubalIncl_squamous,celltype_Ulrich2022,10.1016/j.devcel.2022.02.017,secretory cell,21
Epi_ParatubalIncl_squamous,celltype_Weigert2025,10.1038/s41467-024-55440-2,fallopian tube secretory epithelial cell,424
Epi_ParatubalIncl_squamous,celltype_Weigert2025,10.1038/s41467-024-55440-2,peg cell,1
Epi_PrepuceSquamous_Fetal,celltype_Lorenzi2025,10.1038/s41586-025-09875-2,Preputial Lamina Epi,2074
Epi_PrepuceSquamous_Fetal,celltype_Lorenzi2025,10.1038/s41586-025-09875-2,Genital Surface Epi,9
Epi_PrepuceSquamous_Fetal,celltype_Lorenzi2025,10.1038/s41586-025-09875-2,Lower Vagina Epi,4
Epi_PrepuceSquamous_Fetal,celltype_Lorenzi2025,10.1038/s41586-025-09875-2,Glans,2
Epi_PrepuceSquamous_Fetal,celltype_Lorenzi2025,10.1038/s41586-025-09875-2,Perivascular,2
Epi_PrepuceSquamous_Fetal,celltype_Lorenzi2025,10.1038/s41586-025-09875-2,Schwann,2
Epi_PrepuceSquamous_Fetal,celltype_Lorenzi2025,10.1038/s41586-025-09875-2,Corpus Cavernosum,1
Epi_PrepuceSquamous_Fetal,celltype_Lorenzi2025,10.1038/s41586-025-09875-2,Pre-Perivascular,1
Epi_PrepuceSquamous_Fetal,celltype_Lorenzi2025,10.1038/s41586-025-09875-2,Urogenital Sinus Epi,1
Epi_UGS_Undiff,celltype_GarciaAlonso2022,10.1038/s41586-022-04918-4,Epithelial,3
Epi_UGS_Undiff,celltype_Lorenzi2025,10.1038/s41586-025-09875-2,Lower Vagina Epi,1713
Epi_UGS_Undiff,celltype_Lorenzi2025,10.1038/s41586-025-09875-2,Urogenital Sinus Epi,1260
Epi_UGS_Undiff,celltype_Lorenzi2025,10.1038/s41586-025-09875-2,Preputial Lamina Epi,124
Epi_UGS_Undiff,celltype_Lorenzi2025,10.1038/s41586-025-09875-2,Urethral Epi,102
Epi_UGS_Undiff,celltype_Lorenzi2025,10.1038/s41586-025-09875-2,Fallopian Epi,2
Epi_UGS_Undiff,celltype_Lorenzi2025,10.1038/s41586-025-09875-2,Genital Surface Epi,2
Epi_UGS_Undiff,celltype_Lorenzi2025,10.1038/s41586-025-09875-2,Cervix/Vagina Lig,1
Epi_UGS_Undiff,celltype_Lorenzi2025,10.1038/s41586-025-09875-2,Fallopian Lig,1
Epi_UGS_Undiff,celltype_Lorenzi2025,10.1038/s41586-025-09875-2,Fallopian Mese,1
Epi_UGS_Undiff,celltype_Lorenzi2025,10.1038/s41586-025-09875-2,Glans,1
Epi_UGS_Undiff,celltype_Lorenzi2025,10.1038/s41586-025-09875-2,Labio-Scrotal Swelling,1
Epi_UGS_Undiff,celltype_Lorenzi2025,10.1038/s41586-025-09875-2,Müllerian Epi,1
Epi_UGS_Undiff,celltype_Lorenzi2025,10.1038/s41586-025-09875-2,Neural,1
Epi_UGS_Undiff,celltype_Lorenzi2025,10.1038/s41586-025-09875-2,Prepuce,1
Epi_UGS_Undiff,celltype_Lorenzi2025,10.1038/s41586-025-09875-2,Wolffian Epi,1
Epi_UGS_Undiff,celltype_Lorenzi2025,10.1038/s41586-025-09875-2,Wolffian/Mesonephros Mese,1
Epi_UrethralSquamous_Fetal,celltype_Lardenois2026,10.1016/j.devcel.2025.09.011,Endothelial,1
Epi_UrethralSquamous_Fetal,celltype_Lardenois2026,10.1016/j.devcel.2025.09.011,Low_QC,1
Epi_UrethralSquamous_Fetal,celltype_Lorenzi2025,10.1038/s41586-025-09875-2,Urethral Epi,1558
Epi_UrethralSquamous_Fetal,celltype_Lorenzi2025,10.1038/s41586-025-09875-2,Preputial Lamina Epi,38
Epi_UrethralSquamous_Fetal,celltype_Lorenzi2025,10.1038/s41586-025-09875-2,Lower Vagina Epi,6
Epi_UrethralSquamous_Fetal,celltype_Lorenzi2025,10.1038/s41586-025-09875-2,Corpus Cavernosum,3
Epi_UrethralSquamous_Fetal,celltype_Lorenzi2025,10.1038/s41586-025-09875-2,Lower Vagina SmMu,2
Epi_UrethralSquamous_Fetal,celltype_Lorenzi2025,10.1038/s41586-025-09875-2,Cervix/Upper Vagina SmMu,1
Epi_UrethralSquamous_Fetal,celltype_Lorenzi2025,10.1038/s41586-025-09875-2,Corpus Spongiosum,1
Epi_UrethralSquamous_Fetal,celltype_Lorenzi2025,10.1038/s41586-025-09875-2,Glans,1
Epi_UrethralSquamous_Fetal,celltype_Lorenzi2025,10.1038/s41586-025-09875-2,Perivascular,1
Epi_UrethralSquamous_Fetal,celltype_Lorenzi2025,10.1038/s41586-025-09875-2,Pre-Perivascular,1
Epi_UrethralSquamous_Fetal,celltype_Lorenzi2025,10.1038/s41586-025-09875-2,Uterus SmMu,1
Epi_Uterocervical_Fetal,celltype_GarciaAlonso2022,10.1038/s41586-022-04918-4,Epithelial,32
Epi_Uterocervical_Fetal,celltype_Lorenzi2025,10.1038/s41586-025-09875-2,Uterus/Cervix Epi,7202
Epi_Uterocervical_Fetal,celltype_Lorenzi2025,10.1038/s41586-025-09875-2,Fallopian Epi,265
Epi_Uterocervical_Fetal,celltype_Lorenzi2025,10.1038/s41586-025-09875-2,Müllerian Epi,112
Epi_Uterocervical_Fetal,celltype_Lorenzi2025,10.1038/s41586-025-09875-2,Upper Vagina Epi,27
Epi_Uterocervical_Fetal,celltype_Lorenzi2025,10.1038/s41586-025-09875-2,Uterus Mese,7
Epi_Uterocervical_Fetal,celltype_Lorenzi2025,10.1038/s41586-025-09875-2,Uterus SmMu,3
Epi_Uterocervical_Fetal,celltype_Lorenzi2025,10.1038/s41586-025-09875-2,Glans,2
Epi_Uterocervical_Fetal,celltype_Lorenzi2025,10.1038/s41586-025-09875-2,Cervix/Upper Vagina SmMu,1
Epi_Uterocervical_Fetal,celltype_Lorenzi2025,10.1038/s41586-025-09875-2,Coelomic Epi,1
Epi_Uterocervical_Fetal,celltype_Lorenzi2025,10.1038/s41586-025-09875-2,Endothelial,1
Epi_Uterocervical_Fetal,celltype_Lorenzi2025,10.1038/s41586-025-09875-2,Fallopian Mese,1
Epi_Uterocervical_Fetal,celltype_Lorenzi2025,10.1038/s41586-025-09875-2,Labia,1
Epi_Uterocervical_Fetal,celltype_Lorenzi2025,10.1038/s41586-025-09875-2,Lower Vagina Epi,1
Epi_Uterocervical_Fetal,celltype_Lorenzi2025,10.1038/s41586-025-09875-2,Urethral Epi,1
Epi_Uterocervical_Fetal,celltype_OvarySanger2026,(unresolved: Sanger ovary 2026),Epithelial,11
Epi_Vagina_Lower_Fetal,celltype_Lorenzi2025,10.1038/s41586-025-09875-2,Lower Vagina Epi,4782
Epi_Vagina_Lower_Fetal,celltype_Lorenzi2025,10.1038/s41586-025-09875-2,Urethral Epi,1076
Epi_Vagina_Lower_Fetal,celltype_Lorenzi2025,10.1038/s41586-025-09875-2,Preputial Lamina Epi,104
Epi_Vagina_Lower_Fetal,celltype_Lorenzi2025,10.1038/s41586-025-09875-2,Urogenital Sinus Epi,25
Epi_Vagina_Lower_Fetal,celltype_Lorenzi2025,10.1038/s41586-025-09875-2,Uterus/Cervix Epi,6
Epi_Vagina_Lower_Fetal,celltype_Lorenzi2025,10.1038/s41586-025-09875-2,Genital Surface Epi,5
Epi_Vagina_Lower_Fetal,celltype_Lorenzi2025,10.1038/s41586-025-09875-2,Uterus Mese,4
Epi_Vagina_Lower_Fetal,celltype_Lorenzi2025,10.1038/s41586-025-09875-2,Fallopian Epi,3
Epi_Vagina_Lower_Fetal,celltype_Lorenzi2025,10.1038/s41586-025-09875-2,Neural,2
Epi_Vagina_Lower_Fetal,celltype_Lorenzi2025,10.1038/s41586-025-09875-2,Corpus Cavernosum,1
Epi_Vagina_Lower_Fetal,celltype_Lorenzi2025,10.1038/s41586-025-09875-2,Lower Vagina Mese,1
Epi_Vagina_Lower_Fetal,celltype_Lorenzi2025,10.1038/s41586-025-09875-2,Müllerian Mese,1
Epi_Vagina_Lower_Fetal,celltype_Lorenzi2025,10.1038/s41586-025-09875-2,Uterus SmMu,1
Epi_Vagina_Lower_Fetal,celltype_Lorenzi2025,10.1038/s41586-025-09875-2,Wolffian Epi,1
Epi_Vagina_Upper_Fetal,celltype_GarciaAlonso2022,10.1038/s41586-022-04918-4,Epithelial,1
Epi_Vagina_Upper_Fetal,celltype_Lorenzi2025,10.1038/s41586-025-09875-2,Upper Vagina Epi,931
Epi_Vagina_Upper_Fetal,celltype_Lorenzi2025,10.1038/s41586-025-09875-2,Uterus/Cervix Epi,31
Epi_Vagina_Upper_Fetal,celltype_Lorenzi2025,10.1038/s41586-025-09875-2,Fallopian Epi,8
Epi_Vagina_Upper_Fetal,celltype_Lorenzi2025,10.1038/s41586-025-09875-2,Preputial Lamina Epi,4
Epi_Vagina_Upper_Fetal,celltype_Lorenzi2025,10.1038/s41586-025-09875-2,Lower Vagina Epi,3
Epi_Vagina_Upper_Fetal,celltype_Lorenzi2025,10.1038/s41586-025-09875-2,Coelomic Epi,1
Epi_Vagina_Upper_Fetal,celltype_Lorenzi2025,10.1038/s41586-025-09875-2,Urethral Epi,1
Epi_Vagina_Upper_Fetal,celltype_OvarySanger2026,(unresolved: Sanger ovary 2026),Epithelial,1
Epi_reteOvarii_Fetal_Undiff,celltype_GarciaAlonso2022,10.1038/s41586-022-04918-4,early_sPAX8,2970
Epi_reteOvarii_Fetal_Undiff,celltype_GarciaAlonso2022,10.1038/s41586-022-04918-4,preGC_I,94
Epi_reteOvarii_Fetal_Undiff,celltype_GarciaAlonso2022,10.1038/s41586-022-04918-4,Mesenchymal_GATA2,59
Epi_reteOvarii_Fetal_Undiff,celltype_GarciaAlonso2022,10.1038/s41586-022-04918-4,Gi,37
Epi_reteOvarii_Fetal_Undiff,celltype_GarciaAlonso2022,10.1038/s41586-022-04918-4,early_supporting,23
Epi_reteOvarii_Fetal_Undiff,celltype_GarciaAlonso2022,10.1038/s41586-022-04918-4,CoelEpi_LHX9_cycling,20
Epi_reteOvarii_Fetal_Undiff,celltype_GarciaAlonso2022,10.1038/s41586-022-04918-4,Oi,17
Epi_reteOvarii_Fetal_Undiff,celltype_GarciaAlonso2022,10.1038/s41586-022-04918-4,early_somatic,12
Epi_reteOvarii_Fetal_Undiff,celltype_GarciaAlonso2022,10.1038/s41586-022-04918-4,CoelEpi_LHX9,10
Epi_reteOvarii_Fetal_Undiff,celltype_GarciaAlonso2022,10.1038/s41586-022-04918-4,Epithelial,10
Epi_reteOvarii_Fetal_Undiff,celltype_GarciaAlonso2022,10.1038/s41586-022-04918-4,CoelEpi_GATA2,5
Epi_reteOvarii_Fetal_Undiff,celltype_GarciaAlonso2022,10.1038/s41586-022-04918-4,OSE,2
Epi_reteOvarii_Fetal_Undiff,celltype_GarciaAlonso2022,10.1038/s41586-022-04918-4,Immune,1
Epi_reteOvarii_Fetal_Undiff,celltype_GarciaAlonso2022,10.1038/s41586-022-04918-4,preGC_IIa,1
Epi_reteOvarii_Fetal_Undiff,celltype_Lardenois2026,10.1016/j.devcel.2025.09.011,Rete_testis_ovarii,895
Epi_reteOvarii_Fetal_Undiff,celltype_Lardenois2026,10.1016/j.devcel.2025.09.011,Pre_granulosa,65
Epi_reteOvarii_Fetal_Undiff,celltype_Lardenois2026,10.1016/j.devcel.2025.09.011,Undifferentiated_supporting,64
Epi_reteOvarii_Fetal_Undiff,celltype_Lardenois2026,10.1016/j.devcel.2025.09.011,Somatic_progenitors,14
Epi_reteOvarii_Fetal_Undiff,celltype_Lardenois2026,10.1016/j.devcel.2025.09.011,Gonadal_CE,12
Epi_reteOvarii_Fetal_Undiff,celltype_Lardenois2026,10.1016/j.devcel.2025.09.011,Interstitial,5
Epi_reteOvarii_Fetal_Undiff,celltype_Lorenzi2025,10.1038/s41586-025-09875-2,Müllerian Mese,48
Epi_reteOvarii_Fetal_Undiff,celltype_Lorenzi2025,10.1038/s41586-025-09875-2,Coelomic Epi,8
Epi_reteOvarii_Fetal_Undiff,celltype_Lorenzi2025,10.1038/s41586-025-09875-2,Wolffian/Mesonephros Mese,8
Epi_reteOvarii_Fetal_Undiff,celltype_Lorenzi2025,10.1038/s41586-025-09875-2,Fallopian Lig,3
Epi_reteOvarii_Fetal_Undiff,celltype_Lorenzi2025,10.1038/s41586-025-09875-2,Fallopian Mese,3
Epi_reteOvarii_Fetal_Undiff,celltype_Lorenzi2025,10.1038/s41586-025-09875-2,Müllerian Epi,3
Epi_reteOvarii_Fetal_Undiff,celltype_Lorenzi2025,10.1038/s41586-025-09875-2,Epoophron Mese,2
Epi_reteOvarii_Fetal_Undiff,celltype_Lorenzi2025,10.1038/s41586-025-09875-2,Fallopian Epi,2
Epi_reteOvarii_Fetal_Undiff,celltype_Lorenzi2025,10.1038/s41586-025-09875-2,Urogenital Sinus Lig,2
Epi_reteOvarii_Fetal_Undiff,celltype_Lorenzi2025,10.1038/s41586-025-09875-2,Mesonephric Tubules Epi,1
Epi_reteOvarii_Fetal_Undiff,celltype_OvarySanger2026,(unresolved: Sanger ovary 2026),preGranulosa_I_Fetal,9
Epi_reteOvarii_Fetal_Undiff,celltype_OvarySanger2026,(unresolved: Sanger ovary 2026),Epithelial,2
Epi_reteOvarii_Fetal_Undiff,celltype_OvarySanger2026,(unresolved: Sanger ovary 2026),Stroma_Fetal,2
Epi_reteOvarii_Fetal_Undiff,celltype_OvarySanger2026,(unresolved: Sanger ovary 2026),Fallopian_lig_Fetal,1
Epi_reteOvarii_Fetal_Undiff,celltype_OvarySanger2026,(unresolved: Sanger ovary 2026),Stroma_OutCor,1
Germcell_GGCs,celltype_GarciaAlonso2022,10.1038/s41586-022-04918-4,GermCells,1025
Germcell_GGCs,celltype_Lardenois2026,10.1016/j.devcel.2025.09.011,Germ,231
Germcell_GGCs,celltype_OvarySanger2026,(unresolved: Sanger ovary 2026),Germcell_Oogonia_STRA8_Fetal,575
Germcell_GGCs,celltype_OvarySanger2026,(unresolved: Sanger ovary 2026),Germcell_PGC_Fetal,288
Germcell_GGCs,celltype_OvarySanger2026,(unresolved: Sanger ovary 2026),Germcell_Oogonia_meiotic_Fetal,2
Germcell_Oogonia_meiotic,celltype_GarciaAlonso2022,10.1038/s41586-022-04918-4,GermCells,1415
Germcell_Oogonia_meiotic,celltype_Lardenois2026,10.1016/j.devcel.2025.09.011,Germ,14
Germcell_Oogonia_meiotic,celltype_Lorenzi2025,10.1038/s41586-025-09875-2,Prepuce,3
Germcell_Oogonia_meiotic,celltype_OvarySanger2026,(unresolved: Sanger ovary 2026),Germcell_Oogonia_meiotic_Fetal,975
Germcell_Oogonia_meiotic,celltype_OvarySanger2026,(unresolved: Sanger ovary 2026),Germcell_Oogonia_STRA8_Fetal,108
Germcell_Oogonia_meiotic,celltype_OvarySanger2026,(unresolved: Sanger ovary 2026),Germcell_preOocyte_Fetal,68
Germcell_Oogonia_meiotic,celltype_OvarySanger2026,(unresolved: Sanger ovary 2026),Germcell_PGC_Fetal,9
Germcell_Oogonia_meiotic,celltype_OvarySanger2026,(unresolved: Sanger ovary 2026),Germcell_Oocyte_I,3
Germcell_Oogonia_meiotic,celltype_OvarySanger2026,(unresolved: Sanger ovary 2026),OSE_Fetal,1
Germcell_Oogonia_premeiotic,celltype_GarciaAlonso2022,10.1038/s41586-022-04918-4,GermCells,2216
Germcell_Oogonia_premeiotic,celltype_Lardenois2026,10.1016/j.devcel.2025.09.011,Germ,155
Germcell_Oogonia_premeiotic,celltype_Lorenzi2025,10.1038/s41586-025-09875-2,Fallopian Mese,1
Germcell_Oogonia_premeiotic,celltype_OvarySanger2026,(unresolved: Sanger ovary 2026),Germcell_Oogonia_STRA8_Fetal,1450
Germcell_Oogonia_premeiotic,celltype_OvarySanger2026,(unresolved: Sanger ovary 2026),Germcell_PGC_Fetal,195
Germcell_Oogonia_premeiotic,celltype_OvarySanger2026,(unresolved: Sanger ovary 2026),Germcell_Oogonia_meiotic_Fetal,17
Germcell_PGC_Cyc,celltype_GarciaAlonso2022,10.1038/s41586-022-04918-4,GermCells,385
Germcell_PGC_Cyc,celltype_Lardenois2026,10.1016/j.devcel.2025.09.011,Germ,1617
Germcell_PGC_Cyc,celltype_Lorenzi2025,10.1038/s41586-025-09875-2,Müllerian Epi,3
Germcell_PGC_Cyc,celltype_OvarySanger2026,(unresolved: Sanger ovary 2026),Germcell_PGC_Fetal,212
Germcell_PGC_Cyc,celltype_OvarySanger2026,(unresolved: Sanger ovary 2026),Germcell_Oogonia_STRA8_Fetal,5
Germcell_PGCs,celltype_GarciaAlonso2022,10.1038/s41586-022-04918-4,GermCells,1133
Germcell_PGCs,celltype_Lardenois2026,10.1016/j.devcel.2025.09.011,Germ,3044
Germcell_PGCs,celltype_Lorenzi2025,10.1038/s41586-025-09875-2,Müllerian Epi,3
Germcell_PGCs,celltype_Lorenzi2025,10.1038/s41586-025-09875-2,Schwann,1
Germcell_PGCs,celltype_OvarySanger2026,(unresolved: Sanger ovary 2026),Germcell_PGC_Fetal,818
Germcell_PGCs,celltype_OvarySanger2026,(unresolved: Sanger ovary 2026),Germcell_Oogonia_STRA8_Fetal,13
Germcell_PGCs,celltype_OvarySanger2026,(unresolved: Sanger ovary 2026),Germcell_preOocyte_Fetal,2
Germcell_PrimaryOocyte_ZP4neg,celltype_GarciaAlonso2022,10.1038/s41586-022-04918-4,GermCells,690
Germcell_PrimaryOocyte_ZP4neg,celltype_Lardenois2026,10.1016/j.devcel.2025.09.011,Germ,2
Germcell_PrimaryOocyte_ZP4neg,celltype_OvarySanger2026,(unresolved: Sanger ovary 2026),Germcell_Oocyte_I,387
Germcell_PrimaryOocyte_ZP4neg,celltype_OvarySanger2026,(unresolved: Sanger ovary 2026),Germcell_preOocyte_Fetal,178
Germcell_PrimaryOocyte_ZP4neg,celltype_OvarySanger2026,(unresolved: Sanger ovary 2026),Germcell_Oocyte_II,87
Germcell_PrimaryOocyte_ZP4neg,celltype_OvarySanger2026,(unresolved: Sanger ovary 2026),Germcell_Oogonia_STRA8_Fetal,4
Germcell_PrimaryOocyte_ZP4neg,celltype_OvarySanger2026,(unresolved: Sanger ovary 2026),Germcell_Oogonia_meiotic_Fetal,2
Germcell_PrimaryOocyte_ZP4neg,celltype_OvarySanger2026,(unresolved: Sanger ovary 2026),Epithelial,1
Germcell_PrimaryOocyte_ZP4neg,celltype_OvarySanger2026,(unresolved: Sanger ovary 2026),Germcell_PGC_Fetal,1
Germcell_PrimaryOocyte_ZP4pos,celltype_GarciaAlonso2022,10.1038/s41586-022-04918-4,GermCells,53
Germcell_PrimaryOocyte_ZP4pos,celltype_OvarySanger2026,(unresolved: Sanger ovary 2026),Germcell_Oocyte_IIb,136
Germcell_PrimaryOocyte_ZP4pos,celltype_OvarySanger2026,(unresolved: Sanger ovary 2026),Germcell_Oocyte_II,124
Germcell_PrimaryOocyte_ZP4pos,celltype_OvarySanger2026,(unresolved: Sanger ovary 2026),Germcell_Oocyte_I,41
Germcell_PrimaryOocyte_ZP4pos,celltype_OvarySanger2026,(unresolved: Sanger ovary 2026),Germcell_preOocyte_Fetal,4
Germcell_PrimaryOocyte_ZP4pos,celltype_OvarySanger2026,(unresolved: Sanger ovary 2026),Germcell_PGC_Fetal,1
Gonadal_SomaticPrec,celltype_GarciaAlonso2022,10.1038/s41586-022-04918-4,early_somatic,1448
Gonadal_SomaticPrec,celltype_GarciaAlonso2022,10.1038/s41586-022-04918-4,Gi,230
Gonadal_SomaticPrec,celltype_GarciaAlonso2022,10.1038/s41586-022-04918-4,preGC_IIa,114
Gonadal_SomaticPrec,celltype_GarciaAlonso2022,10.1038/s41586-022-04918-4,Oi,97
Gonadal_SomaticPrec,celltype_GarciaAlonso2022,10.1038/s41586-022-04918-4,CoelEpi_LHX9,47
Gonadal_SomaticPrec,celltype_GarciaAlonso2022,10.1038/s41586-022-04918-4,early_sPAX8,42
Gonadal_SomaticPrec,celltype_GarciaAlonso2022,10.1038/s41586-022-04918-4,early_supporting,15
Gonadal_SomaticPrec,celltype_GarciaAlonso2022,10.1038/s41586-022-04918-4,preGC_I,13
Gonadal_SomaticPrec,celltype_GarciaAlonso2022,10.1038/s41586-022-04918-4,preGC_IIb,11
Gonadal_SomaticPrec,celltype_GarciaAlonso2022,10.1038/s41586-022-04918-4,CoelEpi_GATA2,5
Gonadal_SomaticPrec,celltype_GarciaAlonso2022,10.1038/s41586-022-04918-4,Mesenchymal_GATA2,5
Gonadal_SomaticPrec,celltype_GarciaAlonso2022,10.1038/s41586-022-04918-4,CoelEpi_LHX9_cycling,2
Gonadal_SomaticPrec,celltype_GarciaAlonso2022,10.1038/s41586-022-04918-4,Epithelial,1
Gonadal_SomaticPrec,celltype_Lardenois2026,10.1016/j.devcel.2025.09.011,Somatic_progenitors,2818
Gonadal_SomaticPrec,celltype_Lardenois2026,10.1016/j.devcel.2025.09.011,Pre_granulosa,688
Gonadal_SomaticPrec,celltype_Lardenois2026,10.1016/j.devcel.2025.09.011,Interstitial,285
Gonadal_SomaticPrec,celltype_Lardenois2026,10.1016/j.devcel.2025.09.011,Undifferentiated_supporting,168
Gonadal_SomaticPrec,celltype_Lardenois2026,10.1016/j.devcel.2025.09.011,Gonadal_CE,60
Gonadal_SomaticPrec,celltype_Lardenois2026,10.1016/j.devcel.2025.09.011,Low_QC,1
Gonadal_SomaticPrec,celltype_Lardenois2026,10.1016/j.devcel.2025.09.011,Ovarian_SE,1
Gonadal_SomaticPrec,celltype_Lardenois2026,10.1016/j.devcel.2025.09.011,Rete_testis_ovarii,1
Gonadal_SomaticPrec,celltype_Lorenzi2025,10.1038/s41586-025-09875-2,Müllerian Mese,6
Gonadal_SomaticPrec,celltype_Lorenzi2025,10.1038/s41586-025-09875-2,Vas Deferens Mese,2
Gonadal_SomaticPrec,celltype_Lorenzi2025,10.1038/s41586-025-09875-2,Coelomic Epi,1
Gonadal_SomaticPrec,celltype_Lorenzi2025,10.1038/s41586-025-09875-2,Wolffian/Mesonephros Mese,1
Gonadal_SomaticPrec,celltype_OvarySanger2026,(unresolved: Sanger ovary 2026),Stroma_Fetal,7
Gonadal_SomaticPrec,celltype_OvarySanger2026,(unresolved: Sanger ovary 2026),preGranulosa_II_Fetal,4
Gonadal_SupportingUndiff,celltype_GarciaAlonso2022,10.1038/s41586-022-04918-4,early_supporting,3325
Gonadal_SupportingUndiff,celltype_GarciaAlonso2022,10.1038/s41586-022-04918-4,preGC_I,785
Gonadal_SupportingUndiff,celltype_GarciaAlonso2022,10.1038/s41586-022-04918-4,early_somatic,207
Gonadal_SupportingUndiff,celltype_GarciaAlonso2022,10.1038/s41586-022-04918-4,early_sPAX8,202
Gonadal_SupportingUndiff,celltype_GarciaAlonso2022,10.1038/s41586-022-04918-4,Oi,27
Gonadal_SupportingUndiff,celltype_GarciaAlonso2022,10.1038/s41586-022-04918-4,preGC_IIa,26
Gonadal_SupportingUndiff,celltype_GarciaAlonso2022,10.1038/s41586-022-04918-4,CoelEpi_LHX9_cycling,15
Gonadal_SupportingUndiff,celltype_GarciaAlonso2022,10.1038/s41586-022-04918-4,Epithelial,7
Gonadal_SupportingUndiff,celltype_GarciaAlonso2022,10.1038/s41586-022-04918-4,Gi,6
Gonadal_SupportingUndiff,celltype_GarciaAlonso2022,10.1038/s41586-022-04918-4,preGC_IIb,6
Gonadal_SupportingUndiff,celltype_GarciaAlonso2022,10.1038/s41586-022-04918-4,CoelEpi_LHX9,5
Gonadal_SupportingUndiff,celltype_GarciaAlonso2022,10.1038/s41586-022-04918-4,Mesenchymal_GATA2,5
Gonadal_SupportingUndiff,celltype_GarciaAlonso2022,10.1038/s41586-022-04918-4,CoelEpi_GATA2,3
Gonadal_SupportingUndiff,celltype_GarciaAlonso2022,10.1038/s41586-022-04918-4,Neural,1
Gonadal_SupportingUndiff,celltype_GarciaAlonso2022,10.1038/s41586-022-04918-4,SMCs,1
Gonadal_SupportingUndiff,celltype_Lardenois2026,10.1016/j.devcel.2025.09.011,Undifferentiated_supporting,7967
Gonadal_SupportingUndiff,celltype_Lardenois2026,10.1016/j.devcel.2025.09.011,Pre_granulosa,928
Gonadal_SupportingUndiff,celltype_Lardenois2026,10.1016/j.devcel.2025.09.011,Somatic_progenitors,102
Gonadal_SupportingUndiff,celltype_Lardenois2026,10.1016/j.devcel.2025.09.011,Rete_testis_ovarii,47
Gonadal_SupportingUndiff,celltype_Lardenois2026,10.1016/j.devcel.2025.09.011,Pre_Sertoli,22
Gonadal_SupportingUndiff,celltype_Lardenois2026,10.1016/j.devcel.2025.09.011,Interstitial,10
Gonadal_SupportingUndiff,celltype_Lardenois2026,10.1016/j.devcel.2025.09.011,Gonadal_CE,9
Gonadal_SupportingUndiff,celltype_Lardenois2026,10.1016/j.devcel.2025.09.011,Low_QC,4
Gonadal_SupportingUndiff,celltype_Lorenzi2025,10.1038/s41586-025-09875-2,Müllerian Mese,3
Gonadal_SupportingUndiff,celltype_Lorenzi2025,10.1038/s41586-025-09875-2,Epoophron Mese,1
Gonadal_SupportingUndiff,celltype_Lorenzi2025,10.1038/s41586-025-09875-2,Lower Vagina Epi,1
Gonadal_SupportingUndiff,celltype_Lorenzi2025,10.1038/s41586-025-09875-2,Neural,1
Gonadal_SupportingUndiff,celltype_Lorenzi2025,10.1038/s41586-025-09875-2,Preputial Lamina Epi,1
Gonadal_SupportingUndiff,celltype_Lorenzi2025,10.1038/s41586-025-09875-2,Urogenital Sinus SmMu,1
Gonadal_SupportingUndiff,celltype_Lorenzi2025,10.1038/s41586-025-09875-2,Wolffian/Mesonephros Mese,1
Gonadal_SupportingUndiff,celltype_OvarySanger2026,(unresolved: Sanger ovary 2026),preGranulosa_I_Fetal,7
Gonadal_SupportingUndiff,celltype_OvarySanger2026,(unresolved: Sanger ovary 2026),preGranulosa_II_Fetal,3
Gonadal_SupportingUndiff,celltype_OvarySanger2026,(unresolved: Sanger ovary 2026),Fallopian_SMCs_Fetal,1
Gonadal_SupportingUndiff,celltype_OvarySanger2026,(unresolved: Sanger ovary 2026),Granulosa_AMH_antral_HedgLow,1
Gonadal_SupportingUndiff,celltype_OvarySanger2026,(unresolved: Sanger ovary 2026),Granulosa_sq_atr,1
Gonadal_preGranulosa-CEderived,celltype_GarciaAlonso2022,10.1038/s41586-022-04918-4,preGC_I,12919
Gonadal_preGranulosa-CEderived,celltype_GarciaAlonso2022,10.1038/s41586-022-04918-4,early_supporting,994
Gonadal_preGranulosa-CEderived,celltype_GarciaAlonso2022,10.1038/s41586-022-04918-4,preGC_IIa,254
Gonadal_preGranulosa-CEderived,celltype_GarciaAlonso2022,10.1038/s41586-022-04918-4,Oi,252
Gonadal_preGranulosa-CEderived,celltype_GarciaAlonso2022,10.1038/s41586-022-04918-4,preGC_IIb,245
Gonadal_preGranulosa-CEderived,celltype_GarciaAlonso2022,10.1038/s41586-022-04918-4,early_sPAX8,162
Gonadal_preGranulosa-CEderived,celltype_GarciaAlonso2022,10.1038/s41586-022-04918-4,Mesenchymal_GATA2,31
Gonadal_preGranulosa-CEderived,celltype_GarciaAlonso2022,10.1038/s41586-022-04918-4,early_somatic,17
Gonadal_preGranulosa-CEderived,celltype_GarciaAlonso2022,10.1038/s41586-022-04918-4,Epithelial,10
Gonadal_preGranulosa-CEderived,celltype_GarciaAlonso2022,10.1038/s41586-022-04918-4,granulosa,10
Gonadal_preGranulosa-CEderived,celltype_GarciaAlonso2022,10.1038/s41586-022-04918-4,CoelEpi_LHX9,9
Gonadal_preGranulosa-CEderived,celltype_GarciaAlonso2022,10.1038/s41586-022-04918-4,Gi,5
Gonadal_preGranulosa-CEderived,celltype_GarciaAlonso2022,10.1038/s41586-022-04918-4,PV,3
Gonadal_preGranulosa-CEderived,celltype_GarciaAlonso2022,10.1038/s41586-022-04918-4,OSE,2
Gonadal_preGranulosa-CEderived,celltype_GarciaAlonso2022,10.1038/s41586-022-04918-4,SMCs,2
Gonadal_preGranulosa-CEderived,celltype_GarciaAlonso2022,10.1038/s41586-022-04918-4,CoelEpi_GATA2,1
Gonadal_preGranulosa-CEderived,celltype_Lardenois2026,10.1016/j.devcel.2025.09.011,Pre_granulosa,4344
Gonadal_preGranulosa-CEderived,celltype_Lardenois2026,10.1016/j.devcel.2025.09.011,Undifferentiated_supporting,375
Gonadal_preGranulosa-CEderived,celltype_Lardenois2026,10.1016/j.devcel.2025.09.011,Interstitial,131
Gonadal_preGranulosa-CEderived,celltype_Lardenois2026,10.1016/j.devcel.2025.09.011,Rete_testis_ovarii,18
Gonadal_preGranulosa-CEderived,celltype_Lardenois2026,10.1016/j.devcel.2025.09.011,Low_QC,8
Gonadal_preGranulosa-CEderived,celltype_Lardenois2026,10.1016/j.devcel.2025.09.011,Pre_Sertoli,4
Gonadal_preGranulosa-CEderived,celltype_Lardenois2026,10.1016/j.devcel.2025.09.011,Gonadal_CE,1
Gonadal_preGranulosa-CEderived,celltype_Lardenois2026,10.1016/j.devcel.2025.09.011,Somatic_progenitors,1
Gonadal_preGranulosa-CEderived,celltype_Lorenzi2025,10.1038/s41586-025-09875-2,Fallopian Mese,6
Gonadal_preGranulosa-CEderived,celltype_Lorenzi2025,10.1038/s41586-025-09875-2,Fallopian Epi,4
Gonadal_preGranulosa-CEderived,celltype_Lorenzi2025,10.1038/s41586-025-09875-2,Wolffian/Mesonephros Mese,4
Gonadal_preGranulosa-CEderived,celltype_Lorenzi2025,10.1038/s41586-025-09875-2,Fallopian Lig,3
Gonadal_preGranulosa-CEderived,celltype_Lorenzi2025,10.1038/s41586-025-09875-2,Genital Surface Epi,1
Gonadal_preGranulosa-CEderived,celltype_Lorenzi2025,10.1038/s41586-025-09875-2,Urogenital Sinus Epi,1
Gonadal_preGranulosa-CEderived,celltype_OvarySanger2026,(unresolved: Sanger ovary 2026),preGranulosa_I_Fetal,4053
Gonadal_preGranulosa-CEderived,celltype_OvarySanger2026,(unresolved: Sanger ovary 2026),preGranulosa_II_Fetal,69
Gonadal_preGranulosa-CEderived,celltype_OvarySanger2026,(unresolved: Sanger ovary 2026),Stroma_Fetal,57
Gonadal_preGranulosa-CEderived,celltype_OvarySanger2026,(unresolved: Sanger ovary 2026),Epithelial,5
Gonadal_preGranulosa-CEderived,celltype_OvarySanger2026,(unresolved: Sanger ovary 2026),Granulosa_AMH_atr,5
Gonadal_preGranulosa-CEderived,celltype_OvarySanger2026,(unresolved: Sanger ovary 2026),Epoophon_mesen_Fetal,4
Gonadal_preGranulosa-CEderived,celltype_OvarySanger2026,(unresolved: Sanger ovary 2026),Granulosa_sq_atr,4
Gonadal_preGranulosa-CEderived,celltype_OvarySanger2026,(unresolved: Sanger ovary 2026),Granulosa_AMH_antral_HedgLow,3
Gonadal_preGranulosa-CEderived,celltype_OvarySanger2026,(unresolved: Sanger ovary 2026),Fallopian_mesen_Fetal,2
Gonadal_preGranulosa-CEderived,celltype_OvarySanger2026,(unresolved: Sanger ovary 2026),Granulosa_AMH_early,2
Gonadal_preGranulosa-CEderived,celltype_OvarySanger2026,(unresolved: Sanger ovary 2026),Granulosa_AMH_ml,2
Gonadal_preGranulosa-CEderived,celltype_OvarySanger2026,(unresolved: Sanger ovary 2026),Granulosa_sq,2
Gonadal_preGranulosa-CEderived,celltype_OvarySanger2026,(unresolved: Sanger ovary 2026),Fallopian_SMCs_Fetal,1
Gonadal_preGranulosa-CEderived,celltype_OvarySanger2026,(unresolved: Sanger ovary 2026),Granulosa_AMH_antral,1
Gonadal_preGranulosa-CEderived,celltype_OvarySanger2026,(unresolved: Sanger ovary 2026),Stroma_Medulla,1
Gonadal_preGranulosa-OSEderived_early,celltype_GarciaAlonso2022,10.1038/s41586-022-04918-4,preGC_IIa,2034
Gonadal_preGranulosa-OSEderived_early,celltype_GarciaAlonso2022,10.1038/s41586-022-04918-4,OSE,154
Gonadal_preGranulosa-OSEderived_early,celltype_GarciaAlonso2022,10.1038/s41586-022-04918-4,CoelEpi_LHX9,80
Gonadal_preGranulosa-OSEderived_early,celltype_GarciaAlonso2022,10.1038/s41586-022-04918-4,preGC_IIb,62
Gonadal_preGranulosa-OSEderived_early,celltype_GarciaAlonso2022,10.1038/s41586-022-04918-4,early_somatic,52
Gonadal_preGranulosa-OSEderived_early,celltype_GarciaAlonso2022,10.1038/s41586-022-04918-4,Oi,18
Gonadal_preGranulosa-OSEderived_early,celltype_GarciaAlonso2022,10.1038/s41586-022-04918-4,Gi,14
Gonadal_preGranulosa-OSEderived_early,celltype_GarciaAlonso2022,10.1038/s41586-022-04918-4,preGC_I,13
Gonadal_preGranulosa-OSEderived_early,celltype_GarciaAlonso2022,10.1038/s41586-022-04918-4,CoelEpi_GATA2,5
Gonadal_preGranulosa-OSEderived_early,celltype_GarciaAlonso2022,10.1038/s41586-022-04918-4,early_sPAX8,2
Gonadal_preGranulosa-OSEderived_early,celltype_GarciaAlonso2022,10.1038/s41586-022-04918-4,Epithelial,1
Gonadal_preGranulosa-OSEderived_early,celltype_GarciaAlonso2022,10.1038/s41586-022-04918-4,GermCells,1
Gonadal_preGranulosa-OSEderived_early,celltype_GarciaAlonso2022,10.1038/s41586-022-04918-4,Immune,1
Gonadal_preGranulosa-OSEderived_early,celltype_GarciaAlonso2022,10.1038/s41586-022-04918-4,Mesenchymal_GATA2,1
Gonadal_preGranulosa-OSEderived_early,celltype_Lardenois2026,10.1016/j.devcel.2025.09.011,Pre_granulosa,2690
Gonadal_preGranulosa-OSEderived_early,celltype_Lardenois2026,10.1016/j.devcel.2025.09.011,Ovarian_SE,264
Gonadal_preGranulosa-OSEderived_early,celltype_Lardenois2026,10.1016/j.devcel.2025.09.011,Somatic_progenitors,122
Gonadal_preGranulosa-OSEderived_early,celltype_Lardenois2026,10.1016/j.devcel.2025.09.011,Interstitial,23
Gonadal_preGranulosa-OSEderived_early,celltype_Lardenois2026,10.1016/j.devcel.2025.09.011,Gonadal_CE,11
Gonadal_preGranulosa-OSEderived_early,celltype_Lardenois2026,10.1016/j.devcel.2025.09.011,Low_QC,4
Gonadal_preGranulosa-OSEderived_early,celltype_Lardenois2026,10.1016/j.devcel.2025.09.011,Undifferentiated_supporting,2
Gonadal_preGranulosa-OSEderived_early,celltype_Lardenois2026,10.1016/j.devcel.2025.09.011,Germ,1
Gonadal_preGranulosa-OSEderived_early,celltype_Lardenois2026,10.1016/j.devcel.2025.09.011,Rete_testis_ovarii,1
Gonadal_preGranulosa-OSEderived_early,celltype_Lorenzi2025,10.1038/s41586-025-09875-2,Coelomic Epi,3
Gonadal_preGranulosa-OSEderived_early,celltype_Lorenzi2025,10.1038/s41586-025-09875-2,Vas Deferens Mese,2
Gonadal_preGranulosa-OSEderived_early,celltype_OvarySanger2026,(unresolved: Sanger ovary 2026),preGranulosa_II_Fetal,890
Gonadal_preGranulosa-OSEderived_early,celltype_OvarySanger2026,(unresolved: Sanger ovary 2026),OSE_Fetal,33
Gonadal_preGranulosa-OSEderived_early,celltype_OvarySanger2026,(unresolved: Sanger ovary 2026),Stroma_Fetal,2
Gonadal_preGranulosa-OSEderived_early,celltype_OvarySanger2026,(unresolved: Sanger ovary 2026),Epithelial,1
Gonadal_preGranulosa-OSEderived_late,celltype_GarciaAlonso2022,10.1038/s41586-022-04918-4,preGC_IIb,19064
Gonadal_preGranulosa-OSEderived_late,celltype_GarciaAlonso2022,10.1038/s41586-022-04918-4,preGC_IIa,9179
Gonadal_preGranulosa-OSEderived_late,celltype_GarciaAlonso2022,10.1038/s41586-022-04918-4,preGC_I,1286
Gonadal_preGranulosa-OSEderived_late,celltype_GarciaAlonso2022,10.1038/s41586-022-04918-4,OSE,97
Gonadal_preGranulosa-OSEderived_late,celltype_GarciaAlonso2022,10.1038/s41586-022-04918-4,Oi,61
Gonadal_preGranulosa-OSEderived_late,celltype_GarciaAlonso2022,10.1038/s41586-022-04918-4,Mesenchymal_GATA2,28
Gonadal_preGranulosa-OSEderived_late,celltype_GarciaAlonso2022,10.1038/s41586-022-04918-4,early_somatic,27
Gonadal_preGranulosa-OSEderived_late,celltype_GarciaAlonso2022,10.1038/s41586-022-04918-4,Epithelial,14
Gonadal_preGranulosa-OSEderived_late,celltype_GarciaAlonso2022,10.1038/s41586-022-04918-4,early_supporting,6
Gonadal_preGranulosa-OSEderived_late,celltype_GarciaAlonso2022,10.1038/s41586-022-04918-4,granulosa,4
Gonadal_preGranulosa-OSEderived_late,celltype_GarciaAlonso2022,10.1038/s41586-022-04918-4,Gi,3
Gonadal_preGranulosa-OSEderived_late,celltype_GarciaAlonso2022,10.1038/s41586-022-04918-4,PV,3
Gonadal_preGranulosa-OSEderived_late,celltype_GarciaAlonso2022,10.1038/s41586-022-04918-4,CoelEpi_LHX9,2
Gonadal_preGranulosa-OSEderived_late,celltype_GarciaAlonso2022,10.1038/s41586-022-04918-4,GermCells,2
Gonadal_preGranulosa-OSEderived_late,celltype_GarciaAlonso2022,10.1038/s41586-022-04918-4,SMCs,2
Gonadal_preGranulosa-OSEderived_late,celltype_Lardenois2026,10.1016/j.devcel.2025.09.011,Pre_granulosa,13074
Gonadal_preGranulosa-OSEderived_late,celltype_Lardenois2026,10.1016/j.devcel.2025.09.011,Low_QC,40
Gonadal_preGranulosa-OSEderived_late,celltype_Lardenois2026,10.1016/j.devcel.2025.09.011,Undifferentiated_supporting,29
Gonadal_preGranulosa-OSEderived_late,celltype_Lardenois2026,10.1016/j.devcel.2025.09.011,Ovarian_SE,21
Gonadal_preGranulosa-OSEderived_late,celltype_Lardenois2026,10.1016/j.devcel.2025.09.011,Somatic_progenitors,17
Gonadal_preGranulosa-OSEderived_late,celltype_Lardenois2026,10.1016/j.devcel.2025.09.011,Germ,2
Gonadal_preGranulosa-OSEderived_late,celltype_Lorenzi2025,10.1038/s41586-025-09875-2,Uterus/Cervix Epi,7
Gonadal_preGranulosa-OSEderived_late,celltype_Lorenzi2025,10.1038/s41586-025-09875-2,Preputial Lamina Epi,4
Gonadal_preGranulosa-OSEderived_late,celltype_Lorenzi2025,10.1038/s41586-025-09875-2,Lower Vagina Epi,3
Gonadal_preGranulosa-OSEderived_late,celltype_Lorenzi2025,10.1038/s41586-025-09875-2,Fallopian Epi,2
Gonadal_preGranulosa-OSEderived_late,celltype_Lorenzi2025,10.1038/s41586-025-09875-2,Müllerian Epi,2
Gonadal_preGranulosa-OSEderived_late,celltype_Lorenzi2025,10.1038/s41586-025-09875-2,Fallopian Lig,1
Gonadal_preGranulosa-OSEderived_late,celltype_Lorenzi2025,10.1038/s41586-025-09875-2,Upper Urogenital Sinus Mese,1
Gonadal_preGranulosa-OSEderived_late,celltype_Lorenzi2025,10.1038/s41586-025-09875-2,Wolffian/Mesonephros Lig,1
Gonadal_preGranulosa-OSEderived_late,celltype_Lorenzi2025,10.1038/s41586-025-09875-2,Wolffian/Mesonephros Mese,1
Gonadal_preGranulosa-OSEderived_late,celltype_OvarySanger2026,(unresolved: Sanger ovary 2026),preGranulosa_II_Fetal,14378
Gonadal_preGranulosa-OSEderived_late,celltype_OvarySanger2026,(unresolved: Sanger ovary 2026),preGranulosa_I_Fetal,649
Gonadal_preGranulosa-OSEderived_late,celltype_OvarySanger2026,(unresolved: Sanger ovary 2026),OSE_cycling,105
Gonadal_preGranulosa-OSEderived_late,celltype_OvarySanger2026,(unresolved: Sanger ovary 2026),Granulosa_AMH_atr,51
Gonadal_preGranulosa-OSEderived_late,celltype_OvarySanger2026,(unresolved: Sanger ovary 2026),Stroma_Fetal,47
Gonadal_preGranulosa-OSEderived_late,celltype_OvarySanger2026,(unresolved: Sanger ovary 2026),OSE_Fetal,44
Gonadal_preGranulosa-OSEderived_late,celltype_OvarySanger2026,(unresolved: Sanger ovary 2026),Granulosa_sq_atr,14
Gonadal_preGranulosa-OSEderived_late,celltype_OvarySanger2026,(unresolved: Sanger ovary 2026),Granulosa_sq,12
Gonadal_preGranulosa-OSEderived_late,celltype_OvarySanger2026,(unresolved: Sanger ovary 2026),Granulosa_AMH_antral_HedgLow,4
Gonadal_preGranulosa-OSEderived_late,celltype_OvarySanger2026,(unresolved: Sanger ovary 2026),Granulosa_AMH_cycling,4
Gonadal_preGranulosa-OSEderived_late,celltype_OvarySanger2026,(unresolved: Sanger ovary 2026),Epithelial,3
Gonadal_preGranulosa-OSEderived_late,celltype_OvarySanger2026,(unresolved: Sanger ovary 2026),Fallopian_lig_Fetal,3
Gonadal_preGranulosa-OSEderived_late,celltype_OvarySanger2026,(unresolved: Sanger ovary 2026),Fallopian_mesen_Fetal,2
Gonadal_preGranulosa-OSEderived_late,celltype_OvarySanger2026,(unresolved: Sanger ovary 2026),Epoophon_mesen_Fetal,1
Gonadal_preGranulosa-OSEderived_late,celltype_OvarySanger2026,(unresolved: Sanger ovary 2026),Granulosa_AMH_antral,1
Gonadal_preGranulosa-OSEderived_late,celltype_OvarySanger2026,(unresolved: Sanger ovary 2026),Granulosa_AMH_ml,1
Gonadal_preGranulosa-OSEderived_late,celltype_OvarySanger2026,(unresolved: Sanger ovary 2026),PV_Fibroblast,1
Gonadal_preGranulosa-OSEderived_late,celltype_OvarySanger2026,(unresolved: Sanger ovary 2026),PV_SMC_Arterial,1
Gonadal_preGranulosa-OSEderived_late,celltype_OvarySanger2026,(unresolved: Sanger ovary 2026),Stroma_InnCor,1
Granulosa_AMHneg_Atretic,celltype_OvarySanger2026,(unresolved: Sanger ovary 2026),Granulosa_sq_atr,1982
Granulosa_AMHneg_Atretic,celltype_OvarySanger2026,(unresolved: Sanger ovary 2026),Granulosa_sq,134
Granulosa_AMHneg_Atretic,celltype_OvarySanger2026,(unresolved: Sanger ovary 2026),Granulosa_sq_transitioning,48
Granulosa_AMHneg_Atretic,celltype_OvarySanger2026,(unresolved: Sanger ovary 2026),Granulosa_AMH_atr,6
Granulosa_AMHneg_Atretic,celltype_OvarySanger2026,(unresolved: Sanger ovary 2026),Granulosa_AMH_antral_HedgLow,2
Granulosa_AMHneg_Atretic,celltype_OvarySanger2026,(unresolved: Sanger ovary 2026),Endo_Cap,1
Granulosa_AMHneg_Atretic,celltype_OvarySanger2026,(unresolved: Sanger ovary 2026),Granulosa_AMH_antral,1
Granulosa_AMHneg_Atretic,celltype_OvarySanger2026,(unresolved: Sanger ovary 2026),Granulosa_AMH_ml,1
Granulosa_AMHneg_Squamous,celltype_OvarySanger2026,(unresolved: Sanger ovary 2026),Granulosa_sq,5337
Granulosa_AMHneg_Squamous,celltype_OvarySanger2026,(unresolved: Sanger ovary 2026),Granulosa_sq_atr,102
Granulosa_AMHneg_Squamous,celltype_OvarySanger2026,(unresolved: Sanger ovary 2026),Granulosa_sq_transitioning,69
Granulosa_AMHneg_Squamous,celltype_OvarySanger2026,(unresolved: Sanger ovary 2026),Granulosa_AMH_early,6
Granulosa_AMHneg_Squamous,celltype_OvarySanger2026,(unresolved: Sanger ovary 2026),Granulosa_AMH_atr,1
Granulosa_AMHneg_Squamous,celltype_OvarySanger2026,(unresolved: Sanger ovary 2026),Granulosa_AMH_cycling,1
Granulosa_AMHneg_Squamous,celltype_OvarySanger2026,(unresolved: Sanger ovary 2026),Granulosa_AMH_ml,1
Granulosa_AMHneg_Squamous,celltype_OvarySanger2026,(unresolved: Sanger ovary 2026),Neural_Glia_Adult,1
Granulosa_AMHneg_Squamous,celltype_OvarySanger2026,(unresolved: Sanger ovary 2026),PV_Fibroblast,1
Granulosa_AMHpos_Atretic,celltype_OvarySanger2026,(unresolved: Sanger ovary 2026),Granulosa_AMH_atr,1434
Granulosa_AMHpos_Atretic,celltype_OvarySanger2026,(unresolved: Sanger ovary 2026),Granulosa_sq_atr,421
Granulosa_AMHpos_Atretic,celltype_OvarySanger2026,(unresolved: Sanger ovary 2026),Granulosa_AMH_cycling,15
Granulosa_AMHpos_Atretic,celltype_OvarySanger2026,(unresolved: Sanger ovary 2026),Granulosa_AMH_antral,14
Granulosa_AMHpos_Atretic,celltype_OvarySanger2026,(unresolved: Sanger ovary 2026),Granulosa_AMH_antral_HedgLow,10
Granulosa_AMHpos_Atretic,celltype_OvarySanger2026,(unresolved: Sanger ovary 2026),Granulosa_AMH_early,10
Granulosa_AMHpos_Atretic,celltype_OvarySanger2026,(unresolved: Sanger ovary 2026),Granulosa_AMH_ml,5
Granulosa_AMHpos_Atretic,celltype_OvarySanger2026,(unresolved: Sanger ovary 2026),Granulosa_AMH_cumulus,3
Granulosa_AMHpos_Atretic,celltype_OvarySanger2026,(unresolved: Sanger ovary 2026),Endo_Lymph,1
Granulosa_AMHpos_Atretic,celltype_OvarySanger2026,(unresolved: Sanger ovary 2026),Granulosa_sq,1
Granulosa_AMHpos_Atretic,celltype_OvarySanger2026,(unresolved: Sanger ovary 2026),Granulosa_sq_transitioning,1
Granulosa_AMHpos_Atretic,celltype_OvarySanger2026,(unresolved: Sanger ovary 2026),Stroma_Medulla,1
Granulosa_AMHpos_Cyc,celltype_OvarySanger2026,(unresolved: Sanger ovary 2026),Granulosa_AMH_cycling,4501
Granulosa_AMHpos_Cyc,celltype_OvarySanger2026,(unresolved: Sanger ovary 2026),Granulosa_AMH_antral,1517
Granulosa_AMHpos_Cyc,celltype_OvarySanger2026,(unresolved: Sanger ovary 2026),Granulosa_AMH_atr,382
Granulosa_AMHpos_Cyc,celltype_OvarySanger2026,(unresolved: Sanger ovary 2026),Granulosa_AMH_antral_HedgLow,307
Granulosa_AMHpos_Cyc,celltype_OvarySanger2026,(unresolved: Sanger ovary 2026),Granulosa_AMH_ml,72
Granulosa_AMHpos_Cyc,celltype_OvarySanger2026,(unresolved: Sanger ovary 2026),Granulosa_AMH_cumulus,65
Granulosa_AMHpos_Cyc,celltype_OvarySanger2026,(unresolved: Sanger ovary 2026),Granulosa_sq_atr,30
Granulosa_AMHpos_Cyc,celltype_OvarySanger2026,(unresolved: Sanger ovary 2026),Granulosa_sq,6
Granulosa_AMHpos_Cyc,celltype_OvarySanger2026,(unresolved: Sanger ovary 2026),Granulosa_AMH_early,1
Granulosa_AMHpos_Cyc,celltype_OvarySanger2026,(unresolved: Sanger ovary 2026),PV_Fibroblast,1
Granulosa_AMHpos_Steroidogenic,celltype_OvarySanger2026,(unresolved: Sanger ovary 2026),Granulosa_AMH_antral,7227
Granulosa_AMHpos_Steroidogenic,celltype_OvarySanger2026,(unresolved: Sanger ovary 2026),Granulosa_AMH_antral_HedgLow,2940
Granulosa_AMHpos_Steroidogenic,celltype_OvarySanger2026,(unresolved: Sanger ovary 2026),Granulosa_AMH_cycling,976
Granulosa_AMHpos_Steroidogenic,celltype_OvarySanger2026,(unresolved: Sanger ovary 2026),Granulosa_AMH_atr,817
Granulosa_AMHpos_Steroidogenic,celltype_OvarySanger2026,(unresolved: Sanger ovary 2026),Granulosa_AMH_ml,799
Granulosa_AMHpos_Steroidogenic,celltype_OvarySanger2026,(unresolved: Sanger ovary 2026),Granulosa_AMH_cumulus,491
Granulosa_AMHpos_Steroidogenic,celltype_OvarySanger2026,(unresolved: Sanger ovary 2026),Granulosa_sq_atr,103
Granulosa_AMHpos_Steroidogenic,celltype_OvarySanger2026,(unresolved: Sanger ovary 2026),Granulosa_AMH_early,31
Granulosa_AMHpos_Steroidogenic,celltype_OvarySanger2026,(unresolved: Sanger ovary 2026),Granulosa_sq,6
Granulosa_AMHpos_Steroidogenic,celltype_OvarySanger2026,(unresolved: Sanger ovary 2026),Granulosa_sq_transitioning,5
Granulosa_AMHpos_Steroidogenic,celltype_OvarySanger2026,(unresolved: Sanger ovary 2026),OSE_cycling,2
Granulosa_AMHpos_Steroidogenic,celltype_OvarySanger2026,(unresolved: Sanger ovary 2026),Stroma_InnCor,1
Granulosa_AMHpos_nonSteroidogenic,celltype_OvarySanger2026,(unresolved: Sanger ovary 2026),Granulosa_AMH_early,498
Granulosa_AMHpos_nonSteroidogenic,celltype_OvarySanger2026,(unresolved: Sanger ovary 2026),Granulosa_AMH_ml,71
Granulosa_AMHpos_nonSteroidogenic,celltype_OvarySanger2026,(unresolved: Sanger ovary 2026),Granulosa_sq,28
Granulosa_AMHpos_nonSteroidogenic,celltype_OvarySanger2026,(unresolved: Sanger ovary 2026),Granulosa_sq_atr,26
Granulosa_AMHpos_nonSteroidogenic,celltype_OvarySanger2026,(unresolved: Sanger ovary 2026),Granulosa_sq_transitioning,16
Granulosa_AMHpos_nonSteroidogenic,celltype_OvarySanger2026,(unresolved: Sanger ovary 2026),Granulosa_AMH_atr,3
Granulosa_AMHpos_nonSteroidogenic,celltype_OvarySanger2026,(unresolved: Sanger ovary 2026),Granulosa_AMH_cycling,2
Granulosa_AMHpos_nonSteroidogenic,celltype_OvarySanger2026,(unresolved: Sanger ovary 2026),Granulosa_AMH_antral,1
Granulosa_AMHpos_nonSteroidogenic_early,celltype_OvarySanger2026,(unresolved: Sanger ovary 2026),Granulosa_sq_transitioning,529
Granulosa_AMHpos_nonSteroidogenic_early,celltype_OvarySanger2026,(unresolved: Sanger ovary 2026),Granulosa_AMH_early,264
Granulosa_AMHpos_nonSteroidogenic_early,celltype_OvarySanger2026,(unresolved: Sanger ovary 2026),Granulosa_sq,240
Granulosa_AMHpos_nonSteroidogenic_early,celltype_OvarySanger2026,(unresolved: Sanger ovary 2026),Granulosa_sq_atr,128
Granulosa_AMHpos_nonSteroidogenic_early,celltype_OvarySanger2026,(unresolved: Sanger ovary 2026),Granulosa_AMH_cumulus,7
Granulosa_AMHpos_nonSteroidogenic_early,celltype_OvarySanger2026,(unresolved: Sanger ovary 2026),Granulosa_AMH_atr,4
Granulosa_AMHpos_nonSteroidogenic_early,celltype_OvarySanger2026,(unresolved: Sanger ovary 2026),Granulosa_AMH_ml,3
Granulosa_AMHpos_nonSteroidogenic_early,celltype_OvarySanger2026,(unresolved: Sanger ovary 2026),Granulosa_AMH_cycling,2
Granulosa_sq_Fetal,celltype_GarciaAlonso2022,10.1038/s41586-022-04918-4,preGC_IIb,3390
Granulosa_sq_Fetal,celltype_GarciaAlonso2022,10.1038/s41586-022-04918-4,granulosa,55
Granulosa_sq_Fetal,celltype_GarciaAlonso2022,10.1038/s41586-022-04918-4,preGC_IIa,53
Granulosa_sq_Fetal,celltype_GarciaAlonso2022,10.1038/s41586-022-04918-4,preGC_I,36
Granulosa_sq_Fetal,celltype_GarciaAlonso2022,10.1038/s41586-022-04918-4,Oi,8
Granulosa_sq_Fetal,celltype_GarciaAlonso2022,10.1038/s41586-022-04918-4,SMCs,2
Granulosa_sq_Fetal,celltype_GarciaAlonso2022,10.1038/s41586-022-04918-4,GermCells,1
Granulosa_sq_Fetal,celltype_GarciaAlonso2022,10.1038/s41586-022-04918-4,Immune,1
Granulosa_sq_Fetal,celltype_GarciaAlonso2022,10.1038/s41586-022-04918-4,Mesenchymal_GATA2,1
Granulosa_sq_Fetal,celltype_GarciaAlonso2022,10.1038/s41586-022-04918-4,PV,1
Granulosa_sq_Fetal,celltype_Lardenois2026,10.1016/j.devcel.2025.09.011,Pre_granulosa,82
Granulosa_sq_Fetal,celltype_OvarySanger2026,(unresolved: Sanger ovary 2026),preGranulosa_II_Fetal,2943
Granulosa_sq_Fetal,celltype_OvarySanger2026,(unresolved: Sanger ovary 2026),preGranulosa_I_Fetal,59
Granulosa_sq_Fetal,celltype_OvarySanger2026,(unresolved: Sanger ovary 2026),Granulosa_sq,25
Granulosa_sq_Fetal,celltype_OvarySanger2026,(unresolved: Sanger ovary 2026),Granulosa_AMH_atr,10
Granulosa_sq_Fetal,celltype_OvarySanger2026,(unresolved: Sanger ovary 2026),Granulosa_sq_atr,9
Granulosa_sq_Fetal,celltype_OvarySanger2026,(unresolved: Sanger ovary 2026),OSE_Fetal,9
Granulosa_sq_Fetal,celltype_OvarySanger2026,(unresolved: Sanger ovary 2026),Stroma_Fetal,2
Granulosa_sq_Fetal,celltype_OvarySanger2026,(unresolved: Sanger ovary 2026),Fallopian_SMCs_Fetal,1
Granulosa_sq_Fetal,celltype_OvarySanger2026,(unresolved: Sanger ovary 2026),Granulosa_AMH_cycling,1
Granulosa_sq_Fetal,celltype_OvarySanger2026,(unresolved: Sanger ovary 2026),RepTract_prePV_Fetal,1
Immune_ASDC,celltype_OvarySanger2026,(unresolved: Sanger ovary 2026),Immune_Dendritic,1
Immune_ASDC,celltype_Weigert2025,10.1038/s41467-024-55440-2,macrophage,1
Immune_BasoEosino,celltype_Ulrich2022,10.1016/j.devcel.2022.02.017,mast cell,9
Immune_BasoEosino,celltype_Ulrich2024,10.1073/pnas.2404775121,Res-Mem-T,1
Immune_BasoEosino,celltype_Weigert2025,10.1038/s41467-024-55440-2,mast cell,1
Immune_CD4_NaiveT,celltype_GarciaAlonso2021,10.1038/s41588-021-00972-2,Lymphoid,30
Immune_CD4_NaiveT,celltype_GarciaAlonso2022,10.1038/s41586-022-04918-4,Immune,33
Immune_CD4_NaiveT,celltype_HECA,"10.1038/s41588-024-01873-w (HECA/Marečková 2024, tentative)",Immune_Lymphoid,118
Immune_CD4_NaiveT,celltype_Lardenois2026,10.1016/j.devcel.2025.09.011,Immune,1
Immune_CD4_NaiveT,celltype_Lorenzi2025,10.1038/s41586-025-09875-2,Immune,23
Immune_CD4_NaiveT,celltype_OvarySanger2026,(unresolved: Sanger ovary 2026),Immune_Tem/Trm_CD8,26
Immune_CD4_NaiveT,celltype_OvarySanger2026,(unresolved: Sanger ovary 2026),Immune_Tcm/Naive_CD4,25
Immune_CD4_NaiveT,celltype_Ulrich2022,10.1016/j.devcel.2022.02.017,mature NK T cell,35
Immune_CD4_NaiveT,celltype_Ulrich2024,10.1073/pnas.2404775121,TMEM-CD4,74
Immune_CD4_NaiveT,celltype_Ulrich2024,10.1073/pnas.2404775121,TMEM-CD8,3
Immune_CD4_NaiveT,celltype_Weigert2025,10.1038/s41467-024-55440-2,lymphocyte,88
Immune_CD4_T_Unpolarised,celltype_GarciaAlonso2021,10.1038/s41588-021-00972-2,Lymphoid,54
Immune_CD4_T_Unpolarised,celltype_GarciaAlonso2022,10.1038/s41586-022-04918-4,Immune,13
Immune_CD4_T_Unpolarised,celltype_HECA,"10.1038/s41588-024-01873-w (HECA/Marečková 2024, tentative)",Immune_Lymphoid,1780
Immune_CD4_T_Unpolarised,celltype_Lorenzi2025,10.1038/s41586-025-09875-2,Immune,5
Immune_CD4_T_Unpolarised,celltype_OvarySanger2026,(unresolved: Sanger ovary 2026),Immune_Tem/Trm_CD8,139
Immune_CD4_T_Unpolarised,celltype_OvarySanger2026,(unresolved: Sanger ovary 2026),Immune_Tcm/Naive_CD4,118
Immune_CD4_T_Unpolarised,celltype_OvarySanger2026,(unresolved: Sanger ovary 2026),Immune_NK_CD16+,4
Immune_CD4_T_Unpolarised,celltype_OvarySanger2026,(unresolved: Sanger ovary 2026),Immune_NK_CD16-,1
Immune_CD4_T_Unpolarised,celltype_Ulrich2022,10.1016/j.devcel.2022.02.017,mature NK T cell,574
Immune_CD4_T_Unpolarised,celltype_Ulrich2022,10.1016/j.devcel.2022.02.017,macrophage,1
Immune_CD4_T_Unpolarised,celltype_Ulrich2024,10.1073/pnas.2404775121,TMEM-CD4,418
Immune_CD4_T_Unpolarised,celltype_Ulrich2024,10.1073/pnas.2404775121,TMEM-CD8,58
Immune_CD4_T_Unpolarised,celltype_Ulrich2024,10.1073/pnas.2404775121,Mast,4
Immune_CD4_T_Unpolarised,celltype_Ulrich2024,10.1073/pnas.2404775121,NK-cells,4
Immune_CD4_T_Unpolarised,celltype_Ulrich2024,10.1073/pnas.2404775121,Hematopoietic-progenitor,3
Immune_CD4_T_Unpolarised,celltype_Ulrich2024,10.1073/pnas.2404775121,TReg,2
Immune_CD4_T_Unpolarised,celltype_Ulrich2024,10.1073/pnas.2404775121,Fibrocytes,1
Immune_CD4_T_Unpolarised,celltype_Ulrich2024,10.1073/pnas.2404775121,ILC,1
Immune_CD4_T_Unpolarised,celltype_Ulrich2024,10.1073/pnas.2404775121,Macrophage,1
Immune_CD4_T_Unpolarised,celltype_Ulrich2024,10.1073/pnas.2404775121,RUNX3+_Fibroblast,1
Immune_CD4_T_Unpolarised,celltype_Ulrich2024,10.1073/pnas.2404775121,uSMC,1
Immune_CD4_T_Unpolarised,celltype_Weigert2025,10.1038/s41467-024-55440-2,lymphocyte,1019
Immune_CD4_T_Unpolarised,celltype_Weigert2025,10.1038/s41467-024-55440-2,stromal cell,2
Immune_CD4_Th17,celltype_GarciaAlonso2021,10.1038/s41588-021-00972-2,Lymphoid,21
Immune_CD4_Th17,celltype_GarciaAlonso2022,10.1038/s41586-022-04918-4,Immune,3
Immune_CD4_Th17,celltype_HECA,"10.1038/s41588-024-01873-w (HECA/Marečková 2024, tentative)",Immune_Lymphoid,245
Immune_CD4_Th17,celltype_HECA,"10.1038/s41588-024-01873-w (HECA/Marečková 2024, tentative)",Immune_Myeloid,2
Immune_CD4_Th17,celltype_OvarySanger2026,(unresolved: Sanger ovary 2026),Immune_Tem/Trm_CD8,102
Immune_CD4_Th17,celltype_OvarySanger2026,(unresolved: Sanger ovary 2026),Immune_Tcm/Naive_CD4,25
Immune_CD4_Th17,celltype_OvarySanger2026,(unresolved: Sanger ovary 2026),Immune_NK_CD16-,1
Immune_CD4_Th17,celltype_Ulrich2022,10.1016/j.devcel.2022.02.017,mature NK T cell,906
Immune_CD4_Th17,celltype_Ulrich2024,10.1073/pnas.2404775121,TMEM-CD4,239
Immune_CD4_Th17,celltype_Ulrich2024,10.1073/pnas.2404775121,Mast,8
Immune_CD4_Th17,celltype_Ulrich2024,10.1073/pnas.2404775121,TMEM-CD8,2
Immune_CD4_Th17,celltype_Weigert2025,10.1038/s41467-024-55440-2,lymphocyte,2329
Immune_CD4_Th17,celltype_Weigert2025,10.1038/s41467-024-55440-2,stromal cell,4
Immune_CD4_Th17_SCMlike,celltype_GarciaAlonso2021,10.1038/s41588-021-00972-2,Lymphoid,44
Immune_CD4_Th17_SCMlike,celltype_GarciaAlonso2022,10.1038/s41586-022-04918-4,Immune,1
Immune_CD4_Th17_SCMlike,celltype_HECA,"10.1038/s41588-024-01873-w (HECA/Marečková 2024, tentative)",Immune_Lymphoid,155
Immune_CD4_Th17_SCMlike,celltype_Lorenzi2025,10.1038/s41586-025-09875-2,Immune,12
Immune_CD4_Th17_SCMlike,celltype_OvarySanger2026,(unresolved: Sanger ovary 2026),Immune_Tem/Trm_CD8,19
Immune_CD4_Th17_SCMlike,celltype_OvarySanger2026,(unresolved: Sanger ovary 2026),Immune_Tcm/Naive_CD4,10
Immune_CD4_Th17_SCMlike,celltype_Ulrich2022,10.1016/j.devcel.2022.02.017,mature NK T cell,107
Immune_CD4_Th17_SCMlike,celltype_Ulrich2022,10.1016/j.devcel.2022.02.017,macrophage,1
Immune_CD4_Th17_SCMlike,celltype_Ulrich2024,10.1073/pnas.2404775121,TMEM-CD4,120
Immune_CD4_Th17_SCMlike,celltype_Ulrich2024,10.1073/pnas.2404775121,TMEM-CD8,3
Immune_CD4_Th17_SCMlike,celltype_Ulrich2024,10.1073/pnas.2404775121,Mast,1
Immune_CD4_Th17_SCMlike,celltype_Ulrich2024,10.1073/pnas.2404775121,TReg,1
Immune_CD4_Th17_SCMlike,celltype_Weigert2025,10.1038/s41467-024-55440-2,lymphocyte,123
Immune_CD4_Treg,celltype_GarciaAlonso2021,10.1038/s41588-021-00972-2,Lymphoid,29
Immune_CD4_Treg,celltype_GarciaAlonso2022,10.1038/s41586-022-04918-4,Immune,4
Immune_CD4_Treg,celltype_HECA,"10.1038/s41588-024-01873-w (HECA/Marečková 2024, tentative)",Immune_Lymphoid,495
Immune_CD4_Treg,celltype_Lorenzi2025,10.1038/s41586-025-09875-2,Immune,2
Immune_CD4_Treg,celltype_OvarySanger2026,(unresolved: Sanger ovary 2026),Immune_Tcm/Naive_CD4,13
Immune_CD4_Treg,celltype_OvarySanger2026,(unresolved: Sanger ovary 2026),Immune_Tem/Trm_CD8,4
Immune_CD4_Treg,celltype_Ulrich2022,10.1016/j.devcel.2022.02.017,mature NK T cell,27
Immune_CD4_Treg,celltype_Ulrich2024,10.1073/pnas.2404775121,TReg,122
Immune_CD4_Treg,celltype_Ulrich2024,10.1073/pnas.2404775121,TMEM-CD4,38
Immune_CD4_Treg,celltype_Ulrich2024,10.1073/pnas.2404775121,B-cells,1
Immune_CD4_Treg,celltype_Ulrich2024,10.1073/pnas.2404775121,Hematopoietic-progenitor,1
Immune_CD4_Treg,celltype_Ulrich2024,10.1073/pnas.2404775121,NK-cells,1
Immune_CD4_Treg,celltype_Weigert2025,10.1038/s41467-024-55440-2,lymphocyte,166
Immune_CD4_Treg,celltype_Weigert2025,10.1038/s41467-024-55440-2,fallopian tube secretory epithelial cell,1
Immune_CD4_Treg_Cyc,celltype_GarciaAlonso2021,10.1038/s41588-021-00972-2,Lymphoid,4
Immune_CD4_Treg_Cyc,celltype_HECA,"10.1038/s41588-024-01873-w (HECA/Marečková 2024, tentative)",Immune_Lymphoid,9
Immune_CD4_Treg_Cyc,celltype_Ulrich2024,10.1073/pnas.2404775121,TMEM-CD4,3
Immune_CD4_Treg_Cyc,celltype_Ulrich2024,10.1073/pnas.2404775121,Hematopoietic-progenitor,1
Immune_CD4_Treg_Cyc,celltype_Weigert2025,10.1038/s41467-024-55440-2,lymphocyte,2
Immune_CD8_NaiveT,celltype_GarciaAlonso2021,10.1038/s41588-021-00972-2,Lymphoid,7
Immune_CD8_NaiveT,celltype_GarciaAlonso2022,10.1038/s41586-022-04918-4,Immune,12
Immune_CD8_NaiveT,celltype_HECA,"10.1038/s41588-024-01873-w (HECA/Marečková 2024, tentative)",Immune_Lymphoid,49
Immune_CD8_NaiveT,celltype_HECA,"10.1038/s41588-024-01873-w (HECA/Marečková 2024, tentative)",Immune_Myeloid,2
Immune_CD8_NaiveT,celltype_Lorenzi2025,10.1038/s41586-025-09875-2,Immune,19
Immune_CD8_NaiveT,celltype_OvarySanger2026,(unresolved: Sanger ovary 2026),Immune_Tem/Trm_CD8,14
Immune_CD8_NaiveT,celltype_OvarySanger2026,(unresolved: Sanger ovary 2026),Immune_Tcm/Naive_CD4,5
Immune_CD8_NaiveT,celltype_OvarySanger2026,(unresolved: Sanger ovary 2026),Immune_NK_CD16+,1
Immune_CD8_NaiveT,celltype_Ulrich2022,10.1016/j.devcel.2022.02.017,mature NK T cell,19
Immune_CD8_NaiveT,celltype_Ulrich2022,10.1016/j.devcel.2022.02.017,macrophage,6
Immune_CD8_NaiveT,celltype_Ulrich2024,10.1073/pnas.2404775121,TMEM-CD8,11
Immune_CD8_NaiveT,celltype_Ulrich2024,10.1073/pnas.2404775121,TMEM-CD4,6
Immune_CD8_NaiveT,celltype_Ulrich2024,10.1073/pnas.2404775121,Fibrocytes,1
Immune_CD8_NaiveT,celltype_Ulrich2024,10.1073/pnas.2404775121,NK-cells,1
Immune_CD8_NaiveT,celltype_Weigert2025,10.1038/s41467-024-55440-2,lymphocyte,23
Immune_CD8_NaiveT,celltype_Weigert2025,10.1038/s41467-024-55440-2,peg cell,1
Immune_CD8_T_EM,celltype_GarciaAlonso2021,10.1038/s41588-021-00972-2,Lymphoid,2
Immune_CD8_T_EM,celltype_GarciaAlonso2022,10.1038/s41586-022-04918-4,Immune,1
Immune_CD8_T_EM,celltype_HECA,"10.1038/s41588-024-01873-w (HECA/Marečková 2024, tentative)",Immune_Lymphoid,252
Immune_CD8_T_EM,celltype_Lorenzi2025,10.1038/s41586-025-09875-2,Immune,1
Immune_CD8_T_EM,celltype_OvarySanger2026,(unresolved: Sanger ovary 2026),Immune_Tem/Trm_CD8,108
Immune_CD8_T_EM,celltype_OvarySanger2026,(unresolved: Sanger ovary 2026),Immune_NK_CD16+,4
Immune_CD8_T_EM,celltype_Ulrich2022,10.1016/j.devcel.2022.02.017,mature NK T cell,74
Immune_CD8_T_EM,celltype_Ulrich2024,10.1073/pnas.2404775121,TMEM-CD8,95
Immune_CD8_T_EM,celltype_Ulrich2024,10.1073/pnas.2404775121,NK-cells,52
Immune_CD8_T_EM,celltype_Ulrich2024,10.1073/pnas.2404775121,TMEM-CD4,6
Immune_CD8_T_EM,celltype_Ulrich2024,10.1073/pnas.2404775121,Hematopoietic-progenitor,1
Immune_CD8_T_EM,celltype_Ulrich2024,10.1073/pnas.2404775121,Macrophage,1
Immune_CD8_T_EM,celltype_Weigert2025,10.1038/s41467-024-55440-2,lymphocyte,141
Immune_CD8_T_RM,celltype_GarciaAlonso2021,10.1038/s41588-021-00972-2,Lymphoid,36
Immune_CD8_T_RM,celltype_HECA,"10.1038/s41588-024-01873-w (HECA/Marečková 2024, tentative)",Immune_Lymphoid,791
Immune_CD8_T_RM,celltype_HECA,"10.1038/s41588-024-01873-w (HECA/Marečková 2024, tentative)",Immune_Myeloid,3
Immune_CD8_T_RM,celltype_Lorenzi2025,10.1038/s41586-025-09875-2,Immune,1
Immune_CD8_T_RM,celltype_OvarySanger2026,(unresolved: Sanger ovary 2026),Immune_Tem/Trm_CD8,79
Immune_CD8_T_RM,celltype_OvarySanger2026,(unresolved: Sanger ovary 2026),Immune_Tcm/Naive_CD4,3
Immune_CD8_T_RM,celltype_Ulrich2022,10.1016/j.devcel.2022.02.017,mature NK T cell,949
Immune_CD8_T_RM,celltype_Ulrich2022,10.1016/j.devcel.2022.02.017,macrophage,1
Immune_CD8_T_RM,celltype_Ulrich2024,10.1073/pnas.2404775121,TMEM-CD8,415
Immune_CD8_T_RM,celltype_Ulrich2024,10.1073/pnas.2404775121,TMEM-CD4,39
Immune_CD8_T_RM,celltype_Ulrich2024,10.1073/pnas.2404775121,NK-cells,8
Immune_CD8_T_RM,celltype_Ulrich2024,10.1073/pnas.2404775121,Hematopoietic-progenitor,7
Immune_CD8_T_RM,celltype_Ulrich2024,10.1073/pnas.2404775121,Mast,2
Immune_CD8_T_RM,celltype_Ulrich2024,10.1073/pnas.2404775121,RUNX3+_Fibroblast,2
Immune_CD8_T_RM,celltype_Ulrich2024,10.1073/pnas.2404775121,Res-Mem-T,2
Immune_CD8_T_RM,celltype_Ulrich2024,10.1073/pnas.2404775121,Fibrocytes,1
Immune_CD8_T_RM,celltype_Ulrich2024,10.1073/pnas.2404775121,Macrophage,1
Immune_CD8_T_RM,celltype_Weigert2025,10.1038/s41467-024-55440-2,lymphocyte,3151
Immune_CD8_T_RM,celltype_Weigert2025,10.1038/s41467-024-55440-2,stromal cell,2
Immune_CD8_T_RM_GZMKhi,celltype_GarciaAlonso2021,10.1038/s41588-021-00972-2,Lymphoid,80
Immune_CD8_T_RM_GZMKhi,celltype_GarciaAlonso2022,10.1038/s41586-022-04918-4,Immune,3
Immune_CD8_T_RM_GZMKhi,celltype_HECA,"10.1038/s41588-024-01873-w (HECA/Marečková 2024, tentative)",Immune_Lymphoid,3178
Immune_CD8_T_RM_GZMKhi,celltype_HECA,"10.1038/s41588-024-01873-w (HECA/Marečková 2024, tentative)",Immune_Myeloid,1
Immune_CD8_T_RM_GZMKhi,celltype_Lardenois2026,10.1016/j.devcel.2025.09.011,Immune,1
Immune_CD8_T_RM_GZMKhi,celltype_Lorenzi2025,10.1038/s41586-025-09875-2,Immune,9
Immune_CD8_T_RM_GZMKhi,celltype_OvarySanger2026,(unresolved: Sanger ovary 2026),Immune_Tem/Trm_CD8,254
Immune_CD8_T_RM_GZMKhi,celltype_OvarySanger2026,(unresolved: Sanger ovary 2026),Immune_Tcm/Naive_CD4,6
Immune_CD8_T_RM_GZMKhi,celltype_OvarySanger2026,(unresolved: Sanger ovary 2026),Immune_NK_CD16-,4
Immune_CD8_T_RM_GZMKhi,celltype_Ulrich2022,10.1016/j.devcel.2022.02.017,mature NK T cell,1116
Immune_CD8_T_RM_GZMKhi,celltype_Ulrich2022,10.1016/j.devcel.2022.02.017,macrophage,1
Immune_CD8_T_RM_GZMKhi,celltype_Ulrich2024,10.1073/pnas.2404775121,TMEM-CD8,829
Immune_CD8_T_RM_GZMKhi,celltype_Ulrich2024,10.1073/pnas.2404775121,TMEM-CD4,84
Immune_CD8_T_RM_GZMKhi,celltype_Ulrich2024,10.1073/pnas.2404775121,NK-cells,39
Immune_CD8_T_RM_GZMKhi,celltype_Ulrich2024,10.1073/pnas.2404775121,Hematopoietic-progenitor,28
Immune_CD8_T_RM_GZMKhi,celltype_Ulrich2024,10.1073/pnas.2404775121,Mast,26
Immune_CD8_T_RM_GZMKhi,celltype_Ulrich2024,10.1073/pnas.2404775121,Macrophage,6
Immune_CD8_T_RM_GZMKhi,celltype_Ulrich2024,10.1073/pnas.2404775121,Res-Mem-T,6
Immune_CD8_T_RM_GZMKhi,celltype_Ulrich2024,10.1073/pnas.2404775121,RUNX3+_Fibroblast,3
Immune_CD8_T_RM_GZMKhi,celltype_Ulrich2024,10.1073/pnas.2404775121,Tissue-resident-vascular-progenitor,2
Immune_CD8_T_RM_GZMKhi,celltype_Ulrich2024,10.1073/pnas.2404775121,Fibrocytes,1
Immune_CD8_T_RM_GZMKhi,celltype_Ulrich2024,10.1073/pnas.2404775121,ILC,1
Immune_CD8_T_RM_GZMKhi,celltype_Ulrich2024,10.1073/pnas.2404775121,dS2,1
Immune_CD8_T_RM_GZMKhi,celltype_Weigert2025,10.1038/s41467-024-55440-2,lymphocyte,2304
Immune_CD8_T_RM_GZMKhi,celltype_Weigert2025,10.1038/s41467-024-55440-2,stromal cell,4
Immune_CD8_T_RM_GZMKhi,celltype_Weigert2025,10.1038/s41467-024-55440-2,ciliated epithelial cell,1
Immune_EarlyMidErythroid,celltype_GarciaAlonso2022,10.1038/s41586-022-04918-4,Erythroid,1
Immune_EarlyMidErythroid,celltype_Lardenois2026,10.1016/j.devcel.2025.09.011,Erythrocyte,2
Immune_EarlyMidErythroid,celltype_Lorenzi2025,10.1038/s41586-025-09875-2,Erythroid,14
Immune_HPC,celltype_GarciaAlonso2022,10.1038/s41586-022-04918-4,Immune,27
Immune_HPC,celltype_Lardenois2026,10.1016/j.devcel.2025.09.011,Immune,3
Immune_HPC,celltype_Lorenzi2025,10.1038/s41586-025-09875-2,Immune,37
Immune_HPC,celltype_Lorenzi2025,10.1038/s41586-025-09875-2,Uterus/Cervix Epi,1
Immune_HPC,celltype_OvarySanger2026,(unresolved: Sanger ovary 2026),Immune_B_naive,1
Immune_HPC,celltype_OvarySanger2026,(unresolved: Sanger ovary 2026),Immune_Tcm/Naive_CD4,1
Immune_HPC,celltype_Ulrich2022,10.1016/j.devcel.2022.02.017,mature NK T cell,1
Immune_ILC3_NCRhi,celltype_GarciaAlonso2021,10.1038/s41588-021-00972-2,Lymphoid,74
Immune_ILC3_NCRhi,celltype_GarciaAlonso2022,10.1038/s41586-022-04918-4,Immune,23
Immune_ILC3_NCRhi,celltype_HECA,"10.1038/s41588-024-01873-w (HECA/Marečková 2024, tentative)",Immune_Lymphoid,544
Immune_ILC3_NCRhi,celltype_HECA,"10.1038/s41588-024-01873-w (HECA/Marečková 2024, tentative)",Immune_Myeloid,1
Immune_ILC3_NCRhi,celltype_Lardenois2026,10.1016/j.devcel.2025.09.011,Immune,19
Immune_ILC3_NCRhi,celltype_Lorenzi2025,10.1038/s41586-025-09875-2,Immune,58
Immune_ILC3_NCRhi,celltype_OvarySanger2026,(unresolved: Sanger ovary 2026),Immune_Tem/Trm_CD8,11
Immune_ILC3_NCRhi,celltype_OvarySanger2026,(unresolved: Sanger ovary 2026),Immune_Tcm/Naive_CD4,5
Immune_ILC3_NCRhi,celltype_OvarySanger2026,(unresolved: Sanger ovary 2026),Immune_NK_CD16-,2
Immune_ILC3_NCRhi,celltype_Ulrich2022,10.1016/j.devcel.2022.02.017,mature NK T cell,36
Immune_ILC3_NCRhi,celltype_Ulrich2024,10.1073/pnas.2404775121,ILC,583
Immune_ILC3_NCRhi,celltype_Ulrich2024,10.1073/pnas.2404775121,Hematopoietic-progenitor,17
Immune_ILC3_NCRhi,celltype_Ulrich2024,10.1073/pnas.2404775121,Mast,15
Immune_ILC3_NCRhi,celltype_Ulrich2024,10.1073/pnas.2404775121,TMEM-CD4,3
Immune_ILC3_NCRhi,celltype_Ulrich2024,10.1073/pnas.2404775121,Res-Mem-T,2
Immune_ILC3_NCRhi,celltype_Ulrich2024,10.1073/pnas.2404775121,Fibrocytes,1
Immune_ILC3_NCRhi,celltype_Ulrich2024,10.1073/pnas.2404775121,Macrophage,1
Immune_ILC3_NCRhi,celltype_Ulrich2024,10.1073/pnas.2404775121,RUNX3+_Fibroblast,1
Immune_ILC3_NCRhi,celltype_Weigert2025,10.1038/s41467-024-55440-2,lymphocyte,171
Immune_ILC3_NCRhi,celltype_Weigert2025,10.1038/s41467-024-55440-2,plasma cell,1
Immune_ILC3_NCRlo,celltype_GarciaAlonso2021,10.1038/s41588-021-00972-2,Lymphoid,10
Immune_ILC3_NCRlo,celltype_HECA,"10.1038/s41588-024-01873-w (HECA/Marečková 2024, tentative)",Immune_Lymphoid,63
Immune_ILC3_NCRlo,celltype_Lorenzi2025,10.1038/s41586-025-09875-2,Immune,3
Immune_ILC3_NCRlo,celltype_Ulrich2022,10.1016/j.devcel.2022.02.017,mature NK T cell,15
Immune_ILC3_NCRlo,celltype_Ulrich2024,10.1073/pnas.2404775121,ILC,24
Immune_ILC3_NCRlo,celltype_Ulrich2024,10.1073/pnas.2404775121,Mast,7
Immune_ILC3_NCRlo,celltype_Ulrich2024,10.1073/pnas.2404775121,TMEM-CD4,5
Immune_ILC3_NCRlo,celltype_Ulrich2024,10.1073/pnas.2404775121,NK-cells,2
Immune_ILC3_NCRlo,celltype_Ulrich2024,10.1073/pnas.2404775121,Hematopoietic-progenitor,1
Immune_ILC3_NCRlo,celltype_Ulrich2024,10.1073/pnas.2404775121,Macrophage,1
Immune_ILC3_NCRlo,celltype_Weigert2025,10.1038/s41467-024-55440-2,lymphocyte,50
Immune_ImmatureB,celltype_GarciaAlonso2022,10.1038/s41586-022-04918-4,Immune,11
Immune_ImmatureB,celltype_HECA,"10.1038/s41588-024-01873-w (HECA/Marečková 2024, tentative)",Immune_Lymphoid,1
Immune_ImmatureB,celltype_Lorenzi2025,10.1038/s41586-025-09875-2,Immune,60
Immune_ImmatureB,celltype_OvarySanger2026,(unresolved: Sanger ovary 2026),Immune_B_naive,12
Immune_LargePreB,celltype_GarciaAlonso2022,10.1038/s41586-022-04918-4,Immune,22
Immune_LargePreB,celltype_Lardenois2026,10.1016/j.devcel.2025.09.011,Immune,2
Immune_LargePreB,celltype_Lorenzi2025,10.1038/s41586-025-09875-2,Immune,44
Immune_LargePreB,celltype_OvarySanger2026,(unresolved: Sanger ovary 2026),Immune_B_naive,17
Immune_LargePreB,celltype_Weigert2025,10.1038/s41467-024-55440-2,lymphocyte,1
Immune_LargePreB,celltype_Weigert2025,10.1038/s41467-024-55440-2,plasma cell,1
Immune_LateErythroid,celltype_GarciaAlonso2022,10.1038/s41586-022-04918-4,Immune,10
Immune_LateErythroid,celltype_Lardenois2026,10.1016/j.devcel.2025.09.011,Immune,3
Immune_LateErythroid,celltype_Lorenzi2025,10.1038/s41586-025-09875-2,Immune,3
Immune_LateErythroid,celltype_Lorenzi2025,10.1038/s41586-025-09875-2,Erythroid,2
Immune_LateErythroid,celltype_OvarySanger2026,(unresolved: Sanger ovary 2026),Immune_B_naive,5
Immune_LateErythroid,celltype_OvarySanger2026,(unresolved: Sanger ovary 2026),Immune_Mac_Fetal,1
Immune_LateErythroid,celltype_OvarySanger2026,(unresolved: Sanger ovary 2026),Immune_Tcm/Naive_CD4,1
Immune_MAIT,celltype_GarciaAlonso2021,10.1038/s41588-021-00972-2,Lymphoid,16
Immune_MAIT,celltype_GarciaAlonso2022,10.1038/s41586-022-04918-4,Immune,10
Immune_MAIT,celltype_HECA,"10.1038/s41588-024-01873-w (HECA/Marečková 2024, tentative)",Immune_Lymphoid,111
Immune_MAIT,celltype_HECA,"10.1038/s41588-024-01873-w (HECA/Marečková 2024, tentative)",Immune_Myeloid,1
Immune_MAIT,celltype_Lorenzi2025,10.1038/s41586-025-09875-2,Immune,6
Immune_MAIT,celltype_OvarySanger2026,(unresolved: Sanger ovary 2026),Immune_Tem/Trm_CD8,34
Immune_MAIT,celltype_OvarySanger2026,(unresolved: Sanger ovary 2026),Immune_Tcm/Naive_CD4,9
Immune_MAIT,celltype_OvarySanger2026,(unresolved: Sanger ovary 2026),Immune_NK_CD16-,1
Immune_MAIT,celltype_Ulrich2022,10.1016/j.devcel.2022.02.017,mature NK T cell,478
Immune_MAIT,celltype_Ulrich2024,10.1073/pnas.2404775121,TMEM-CD4,54
Immune_MAIT,celltype_Ulrich2024,10.1073/pnas.2404775121,TMEM-CD8,15
Immune_MAIT,celltype_Ulrich2024,10.1073/pnas.2404775121,Mast,7
Immune_MAIT,celltype_Ulrich2024,10.1073/pnas.2404775121,ILC,4
Immune_MAIT,celltype_Ulrich2024,10.1073/pnas.2404775121,Fibrocytes,1
Immune_MAIT,celltype_Ulrich2024,10.1073/pnas.2404775121,TReg,1
Immune_MAIT,celltype_Weigert2025,10.1038/s41467-024-55440-2,lymphocyte,595
Immune_MEMP,celltype_GarciaAlonso2022,10.1038/s41586-022-04918-4,Immune,22
Immune_MEMP,celltype_HECA,"10.1038/s41588-024-01873-w (HECA/Marečková 2024, tentative)",Immune_Lymphoid,1
Immune_MEMP,celltype_Lardenois2026,10.1016/j.devcel.2025.09.011,Erythrocyte,1
Immune_MEMP,celltype_Lorenzi2025,10.1038/s41586-025-09875-2,Immune,17
Immune_MEMP,celltype_Ulrich2022,10.1016/j.devcel.2022.02.017,macrophage,1
Immune_MEMP,celltype_Ulrich2022,10.1016/j.devcel.2022.02.017,mast cell,1
Immune_MEMP,celltype_Ulrich2024,10.1073/pnas.2404775121,Mast,1
Immune_MO_Classical,celltype_GarciaAlonso2021,10.1038/s41588-021-00972-2,Myeloid,77
Immune_MO_Classical,celltype_GarciaAlonso2022,10.1038/s41586-022-04918-4,Immune,118
Immune_MO_Classical,celltype_HECA,"10.1038/s41588-024-01873-w (HECA/Marečková 2024, tentative)",Immune_Myeloid,381
Immune_MO_Classical,celltype_Lardenois2026,10.1016/j.devcel.2025.09.011,Immune,25
Immune_MO_Classical,celltype_Lorenzi2025,10.1038/s41586-025-09875-2,Immune,218
Immune_MO_Classical,celltype_OvarySanger2026,(unresolved: Sanger ovary 2026),Immune_Monocyte,210
Immune_MO_Classical,celltype_OvarySanger2026,(unresolved: Sanger ovary 2026),Immune_oLAMs_SPP1,6
Immune_MO_Classical,celltype_OvarySanger2026,(unresolved: Sanger ovary 2026),Immune_oLAMs,2
Immune_MO_Classical,celltype_OvarySanger2026,(unresolved: Sanger ovary 2026),Immune_Mac_Fetal,1
Immune_MO_Classical,celltype_OvarySanger2026,(unresolved: Sanger ovary 2026),Immune_Mac_LYVE1,1
Immune_MO_Classical,celltype_Ulrich2022,10.1016/j.devcel.2022.02.017,macrophage,1564
Immune_MO_Classical,celltype_Ulrich2024,10.1073/pnas.2404775121,Macrophage,553
Immune_MO_Classical,celltype_Ulrich2024,10.1073/pnas.2404775121,Gland-sec-progenitor-A,2
Immune_MO_Classical,celltype_Ulrich2024,10.1073/pnas.2404775121,Res-Mem-T,2
Immune_MO_Classical,celltype_Ulrich2024,10.1073/pnas.2404775121,MUC16+_Gland_sec,1
Immune_MO_Classical,celltype_Weigert2025,10.1038/s41467-024-55440-2,macrophage,334
Immune_MO_NonClassical,celltype_GarciaAlonso2021,10.1038/s41588-021-00972-2,Myeloid,6
Immune_MO_NonClassical,celltype_GarciaAlonso2022,10.1038/s41586-022-04918-4,Immune,7
Immune_MO_NonClassical,celltype_HECA,"10.1038/s41588-024-01873-w (HECA/Marečková 2024, tentative)",Immune_Myeloid,34
Immune_MO_NonClassical,celltype_Lardenois2026,10.1016/j.devcel.2025.09.011,Immune,2
Immune_MO_NonClassical,celltype_Lorenzi2025,10.1038/s41586-025-09875-2,Immune,4
Immune_MO_NonClassical,celltype_OvarySanger2026,(unresolved: Sanger ovary 2026),Immune_Monocyte,24
Immune_MO_NonClassical,celltype_OvarySanger2026,(unresolved: Sanger ovary 2026),Immune_Mac_Fetal,1
Immune_MO_NonClassical,celltype_Ulrich2022,10.1016/j.devcel.2022.02.017,macrophage,145
Immune_MO_NonClassical,celltype_Ulrich2024,10.1073/pnas.2404775121,Macrophage,55
Immune_MO_NonClassical,celltype_Ulrich2024,10.1073/pnas.2404775121,Fibrocytes,1
Immune_MO_NonClassical,celltype_Weigert2025,10.1038/s41467-024-55440-2,macrophage,64
Immune_Mac_Cyc,celltype_GarciaAlonso2021,10.1038/s41588-021-00972-2,Myeloid,39
Immune_Mac_Cyc,celltype_GarciaAlonso2022,10.1038/s41586-022-04918-4,Immune,215
Immune_Mac_Cyc,celltype_HECA,"10.1038/s41588-024-01873-w (HECA/Marečková 2024, tentative)",Immune_Myeloid,161
Immune_Mac_Cyc,celltype_Lardenois2026,10.1016/j.devcel.2025.09.011,Immune,73
Immune_Mac_Cyc,celltype_Lorenzi2025,10.1038/s41586-025-09875-2,Immune,278
Immune_Mac_Cyc,celltype_OvarySanger2026,(unresolved: Sanger ovary 2026),Immune_oLAMs_SPP1,96
Immune_Mac_Cyc,celltype_OvarySanger2026,(unresolved: Sanger ovary 2026),Immune_Mac_LYVE1,12
Immune_Mac_Cyc,celltype_OvarySanger2026,(unresolved: Sanger ovary 2026),Immune_Mac_Fetal,4
Immune_Mac_Cyc,celltype_OvarySanger2026,(unresolved: Sanger ovary 2026),Immune_Monocyte,4
Immune_Mac_Cyc,celltype_OvarySanger2026,(unresolved: Sanger ovary 2026),Immune_Dendritic,1
Immune_Mac_Cyc,celltype_OvarySanger2026,(unresolved: Sanger ovary 2026),Immune_oLAMs,1
Immune_Mac_Cyc,celltype_Ulrich2022,10.1016/j.devcel.2022.02.017,macrophage,15
Immune_Mac_Cyc,celltype_Ulrich2024,10.1073/pnas.2404775121,Macrophage,119
Immune_Mac_Cyc,celltype_Weigert2025,10.1038/s41467-024-55440-2,macrophage,68
Immune_Mac_LYVE1hi,celltype_GarciaAlonso2021,10.1038/s41588-021-00972-2,Myeloid,167
Immune_Mac_LYVE1hi,celltype_GarciaAlonso2022,10.1038/s41586-022-04918-4,Immune,721
Immune_Mac_LYVE1hi,celltype_HECA,"10.1038/s41588-024-01873-w (HECA/Marečková 2024, tentative)",Immune_Myeloid,600
Immune_Mac_LYVE1hi,celltype_Lardenois2026,10.1016/j.devcel.2025.09.011,Immune,220
Immune_Mac_LYVE1hi,celltype_Lorenzi2025,10.1038/s41586-025-09875-2,Immune,675
Immune_Mac_LYVE1hi,celltype_OvarySanger2026,(unresolved: Sanger ovary 2026),Immune_Mac_LYVE1,399
Immune_Mac_LYVE1hi,celltype_OvarySanger2026,(unresolved: Sanger ovary 2026),Immune_Mac_Fetal,190
Immune_Mac_LYVE1hi,celltype_OvarySanger2026,(unresolved: Sanger ovary 2026),Immune_oLAMs_SPP1,40
Immune_Mac_LYVE1hi,celltype_OvarySanger2026,(unresolved: Sanger ovary 2026),Immune_Monocyte,26
Immune_Mac_LYVE1hi,celltype_OvarySanger2026,(unresolved: Sanger ovary 2026),Immune_oLAMs,18
Immune_Mac_LYVE1hi,celltype_OvarySanger2026,(unresolved: Sanger ovary 2026),Immune_Dendritic,7
Immune_Mac_LYVE1hi,celltype_OvarySanger2026,(unresolved: Sanger ovary 2026),Immune_Tem/Trm_CD8,1
Immune_Mac_LYVE1hi,celltype_Ulrich2022,10.1016/j.devcel.2022.02.017,macrophage,822
Immune_Mac_LYVE1hi,celltype_Ulrich2024,10.1073/pnas.2404775121,Macrophage,1070
Immune_Mac_LYVE1hi,celltype_Ulrich2024,10.1073/pnas.2404775121,Fibrocytes,8
Immune_Mac_LYVE1hi,celltype_Ulrich2024,10.1073/pnas.2404775121,Mast,2
Immune_Mac_LYVE1hi,celltype_Ulrich2024,10.1073/pnas.2404775121,Gland-sec-progenitor-A,1
Immune_Mac_LYVE1hi,celltype_Ulrich2024,10.1073/pnas.2404775121,Gland-sec-progenitor-B,1
Immune_Mac_LYVE1hi,celltype_Ulrich2024,10.1073/pnas.2404775121,MUC16+_Gland_sec,1
Immune_Mac_LYVE1hi,celltype_Ulrich2024,10.1073/pnas.2404775121,Res-Mem-T,1
Immune_Mac_LYVE1hi,celltype_Weigert2025,10.1038/s41467-024-55440-2,macrophage,2805
Immune_Mac_Transitional,celltype_GarciaAlonso2021,10.1038/s41588-021-00972-2,Myeloid,54
Immune_Mac_Transitional,celltype_GarciaAlonso2022,10.1038/s41586-022-04918-4,Immune,126
Immune_Mac_Transitional,celltype_HECA,"10.1038/s41588-024-01873-w (HECA/Marečková 2024, tentative)",Immune_Myeloid,284
Immune_Mac_Transitional,celltype_Lardenois2026,10.1016/j.devcel.2025.09.011,Immune,25
Immune_Mac_Transitional,celltype_Lorenzi2025,10.1038/s41586-025-09875-2,Immune,27
Immune_Mac_Transitional,celltype_OvarySanger2026,(unresolved: Sanger ovary 2026),Immune_Mac_Fetal,101
Immune_Mac_Transitional,celltype_OvarySanger2026,(unresolved: Sanger ovary 2026),Immune_oLAMs,95
Immune_Mac_Transitional,celltype_OvarySanger2026,(unresolved: Sanger ovary 2026),Immune_oLAMs_SPP1,79
Immune_Mac_Transitional,celltype_OvarySanger2026,(unresolved: Sanger ovary 2026),Immune_Mac_LYVE1,22
Immune_Mac_Transitional,celltype_OvarySanger2026,(unresolved: Sanger ovary 2026),Immune_Monocyte,4
Immune_Mac_Transitional,celltype_Ulrich2022,10.1016/j.devcel.2022.02.017,macrophage,10
Immune_Mac_Transitional,celltype_Ulrich2024,10.1073/pnas.2404775121,Macrophage,177
Immune_Mac_Transitional,celltype_Ulrich2024,10.1073/pnas.2404775121,Fibrocytes,3
Immune_Mac_Transitional,celltype_Weigert2025,10.1038/s41467-024-55440-2,macrophage,50
Immune_Mac_Transitional,celltype_Weigert2025,10.1038/s41467-024-55440-2,fallopian tube secretory epithelial cell,1
Immune_Mast,celltype_GarciaAlonso2021,10.1038/s41588-021-00972-2,Lymphoid,9
Immune_Mast,celltype_GarciaAlonso2022,10.1038/s41586-022-04918-4,Immune,11
Immune_Mast,celltype_HECA,"10.1038/s41588-024-01873-w (HECA/Marečková 2024, tentative)",Immune_Lymphoid,401
Immune_Mast,celltype_Lardenois2026,10.1016/j.devcel.2025.09.011,Immune,1
Immune_Mast,celltype_Lorenzi2025,10.1038/s41586-025-09875-2,Immune,34
Immune_Mast,celltype_OvarySanger2026,(unresolved: Sanger ovary 2026),Immune_Mast,9
Immune_Mast,celltype_Ulrich2022,10.1016/j.devcel.2022.02.017,mast cell,1342
Immune_Mast,celltype_Ulrich2022,10.1016/j.devcel.2022.02.017,macrophage,7
Immune_Mast,celltype_Ulrich2022,10.1016/j.devcel.2022.02.017,mature NK T cell,1
Immune_Mast,celltype_Ulrich2024,10.1073/pnas.2404775121,Mast,485
Immune_Mast,celltype_Ulrich2024,10.1073/pnas.2404775121,MUC16+_Gland_sec,16
Immune_Mast,celltype_Ulrich2024,10.1073/pnas.2404775121,Fibrocytes,4
Immune_Mast,celltype_Ulrich2024,10.1073/pnas.2404775121,RUNX3+_Fibroblast,3
Immune_Mast,celltype_Ulrich2024,10.1073/pnas.2404775121,NK-cells,2
Immune_Mast,celltype_Ulrich2024,10.1073/pnas.2404775121,TMEM-CD4,2
Immune_Mast,celltype_Ulrich2024,10.1073/pnas.2404775121,Gland-sec-progenitor-A,1
Immune_Mast,celltype_Ulrich2024,10.1073/pnas.2404775121,ILC,1
Immune_Mast,celltype_Ulrich2024,10.1073/pnas.2404775121,Macrophage,1
Immune_Mast,celltype_Ulrich2024,10.1073/pnas.2404775121,Res-Mem-T,1
Immune_Mast,celltype_Ulrich2024,10.1073/pnas.2404775121,Sox9-Glandular,1
Immune_Mast,celltype_Ulrich2024,10.1073/pnas.2404775121,TMEM-CD8,1
Immune_Mast,celltype_Ulrich2024,10.1073/pnas.2404775121,aPCV,1
Immune_Mast,celltype_Weigert2025,10.1038/s41467-024-55440-2,mast cell,589
Immune_Mast,celltype_Weigert2025,10.1038/s41467-024-55440-2,lymphocyte,3
Immune_Mast,celltype_Weigert2025,10.1038/s41467-024-55440-2,macrophage,2
Immune_MegaPlat,celltype_GarciaAlonso2022,10.1038/s41586-022-04918-4,Immune,51
Immune_MegaPlat,celltype_Lardenois2026,10.1016/j.devcel.2025.09.011,Immune,6
Immune_MegaPlat,celltype_Lorenzi2025,10.1038/s41586-025-09875-2,Immune,62
Immune_MegaPlat,celltype_Lorenzi2025,10.1038/s41586-025-09875-2,Corpus Spongiosum,1
Immune_MegaPlat,celltype_Lorenzi2025,10.1038/s41586-025-09875-2,Müllerian Mese,1
Immune_MemoryB,celltype_GarciaAlonso2021,10.1038/s41588-021-00972-2,Myeloid,22
Immune_MemoryB,celltype_GarciaAlonso2021,10.1038/s41588-021-00972-2,Lymphoid,6
Immune_MemoryB,celltype_GarciaAlonso2022,10.1038/s41586-022-04918-4,Immune,17
Immune_MemoryB,celltype_HECA,"10.1038/s41588-024-01873-w (HECA/Marečková 2024, tentative)",Immune_Lymphoid,157
Immune_MemoryB,celltype_Lorenzi2025,10.1038/s41586-025-09875-2,Immune,5
Immune_MemoryB,celltype_OvarySanger2026,(unresolved: Sanger ovary 2026),Immune_B_naive,25
Immune_MemoryB,celltype_Ulrich2022,10.1016/j.devcel.2022.02.017,macrophage,17
Immune_MemoryB,celltype_Ulrich2022,10.1016/j.devcel.2022.02.017,mature NK T cell,5
Immune_MemoryB,celltype_Ulrich2024,10.1073/pnas.2404775121,B-cells,49
Immune_MemoryB,celltype_Ulrich2024,10.1073/pnas.2404775121,TMEM-CD8,2
Immune_MemoryB,celltype_Ulrich2024,10.1073/pnas.2404775121,MUC16+_Gland_sec,1
Immune_MemoryB,celltype_Ulrich2024,10.1073/pnas.2404775121,TMEM-CD4,1
Immune_MemoryB,celltype_Weigert2025,10.1038/s41467-024-55440-2,plasma cell,283
Immune_MemoryB,celltype_Weigert2025,10.1038/s41467-024-55440-2,lymphocyte,4
Immune_MemoryB,celltype_Weigert2025,10.1038/s41467-024-55440-2,macrophage,1
Immune_NKT_γδT_Vδ1,celltype_GarciaAlonso2021,10.1038/s41588-021-00972-2,Lymphoid,12
Immune_NKT_γδT_Vδ1,celltype_GarciaAlonso2022,10.1038/s41586-022-04918-4,Immune,3
Immune_NKT_γδT_Vδ1,celltype_HECA,"10.1038/s41588-024-01873-w (HECA/Marečková 2024, tentative)",Immune_Lymphoid,338
Immune_NKT_γδT_Vδ1,celltype_Lorenzi2025,10.1038/s41586-025-09875-2,Immune,2
Immune_NKT_γδT_Vδ1,celltype_OvarySanger2026,(unresolved: Sanger ovary 2026),Immune_Tem/Trm_CD8,86
Immune_NKT_γδT_Vδ1,celltype_OvarySanger2026,(unresolved: Sanger ovary 2026),Immune_NK_CD16-,2
Immune_NKT_γδT_Vδ1,celltype_OvarySanger2026,(unresolved: Sanger ovary 2026),PV_SMC_Arterial,1
Immune_NKT_γδT_Vδ1,celltype_Ulrich2022,10.1016/j.devcel.2022.02.017,mature NK T cell,29
Immune_NKT_γδT_Vδ1,celltype_Ulrich2024,10.1073/pnas.2404775121,TMEM-CD8,78
Immune_NKT_γδT_Vδ1,celltype_Ulrich2024,10.1073/pnas.2404775121,NK-cells,41
Immune_NKT_γδT_Vδ1,celltype_Ulrich2024,10.1073/pnas.2404775121,Hematopoietic-progenitor,1
Immune_NKT_γδT_Vδ1,celltype_Weigert2025,10.1038/s41467-024-55440-2,lymphocyte,577
Immune_NK_CD16hi,celltype_GarciaAlonso2021,10.1038/s41588-021-00972-2,Lymphoid,30
Immune_NK_CD16hi,celltype_GarciaAlonso2022,10.1038/s41586-022-04918-4,Immune,28
Immune_NK_CD16hi,celltype_HECA,"10.1038/s41588-024-01873-w (HECA/Marečková 2024, tentative)",Immune_Lymphoid,321
Immune_NK_CD16hi,celltype_Lardenois2026,10.1016/j.devcel.2025.09.011,Immune,1
Immune_NK_CD16hi,celltype_Lorenzi2025,10.1038/s41586-025-09875-2,Immune,51
Immune_NK_CD16hi,celltype_OvarySanger2026,(unresolved: Sanger ovary 2026),Immune_NK_CD16+,165
Immune_NK_CD16hi,celltype_OvarySanger2026,(unresolved: Sanger ovary 2026),Immune_Tem/Trm_CD8,17
Immune_NK_CD16hi,celltype_Ulrich2022,10.1016/j.devcel.2022.02.017,mature NK T cell,124
Immune_NK_CD16hi,celltype_Ulrich2024,10.1073/pnas.2404775121,NK-cells,184
Immune_NK_CD16hi,celltype_Ulrich2024,10.1073/pnas.2404775121,TMEM-CD8,31
Immune_NK_CD16hi,celltype_Ulrich2024,10.1073/pnas.2404775121,Fibrocytes,1
Immune_NK_CD16hi,celltype_Ulrich2024,10.1073/pnas.2404775121,Hematopoietic-progenitor,1
Immune_NK_CD16hi,celltype_Weigert2025,10.1038/s41467-024-55440-2,lymphocyte,147
Immune_NK_CD56dim_CD16dim_SPTSSBhi,celltype_GarciaAlonso2021,10.1038/s41588-021-00972-2,Lymphoid,2
Immune_NK_CD56dim_CD16dim_SPTSSBhi,celltype_HECA,"10.1038/s41588-024-01873-w (HECA/Marečková 2024, tentative)",Immune_Lymphoid,6
Immune_NK_CD56dim_CD16dim_SPTSSBhi,celltype_Ulrich2022,10.1016/j.devcel.2022.02.017,mature NK T cell,6
Immune_NK_CD56dim_CD16dim_SPTSSBhi,celltype_Ulrich2024,10.1073/pnas.2404775121,NK-cells,7
Immune_NK_CD56dim_CD16dim_SPTSSBhi,celltype_Weigert2025,10.1038/s41467-024-55440-2,lymphocyte,5
Immune_NK_Cyc,celltype_GarciaAlonso2021,10.1038/s41588-021-00972-2,Lymphoid,178
Immune_NK_Cyc,celltype_GarciaAlonso2022,10.1038/s41586-022-04918-4,Immune,11
Immune_NK_Cyc,celltype_HECA,"10.1038/s41588-024-01873-w (HECA/Marečková 2024, tentative)",Immune_Lymphoid,858
Immune_NK_Cyc,celltype_Lardenois2026,10.1016/j.devcel.2025.09.011,Immune,13
Immune_NK_Cyc,celltype_Lorenzi2025,10.1038/s41586-025-09875-2,Immune,15
Immune_NK_Cyc,celltype_OvarySanger2026,(unresolved: Sanger ovary 2026),Immune_NK_CD16+,5
Immune_NK_Cyc,celltype_OvarySanger2026,(unresolved: Sanger ovary 2026),Immune_NK_CD16-,5
Immune_NK_Cyc,celltype_OvarySanger2026,(unresolved: Sanger ovary 2026),Immune_Tem/Trm_CD8,1
Immune_NK_Cyc,celltype_OvarySanger2026,(unresolved: Sanger ovary 2026),Immune_oLAMs_SPP1,1
Immune_NK_Cyc,celltype_Ulrich2022,10.1016/j.devcel.2022.02.017,mature NK T cell,6
Immune_NK_Cyc,celltype_Ulrich2024,10.1073/pnas.2404775121,Hematopoietic-progenitor,256
Immune_NK_Cyc,celltype_Ulrich2024,10.1073/pnas.2404775121,NK-cells,119
Immune_NK_Cyc,celltype_Ulrich2024,10.1073/pnas.2404775121,HMGB2-Prolif,6
Immune_NK_Cyc,celltype_Ulrich2024,10.1073/pnas.2404775121,eS-proliferative,2
Immune_NK_Cyc,celltype_Ulrich2024,10.1073/pnas.2404775121,ILC,1
Immune_NK_Cyc,celltype_Ulrich2024,10.1073/pnas.2404775121,PV-MYH11_CDKN1A+,1
Immune_NK_Cyc,celltype_Ulrich2024,10.1073/pnas.2404775121,TMEM-CD4,1
Immune_NK_Cyc,celltype_Weigert2025,10.1038/s41467-024-55440-2,lymphocyte,5
Immune_NK_Cyc,celltype_Weigert2025,10.1038/s41467-024-55440-2,fallopian tube secretory epithelial cell,1
Immune_NMP_Promyelocytes,celltype_GarciaAlonso2022,10.1038/s41586-022-04918-4,Immune,28
Immune_NMP_Promyelocytes,celltype_Lardenois2026,10.1016/j.devcel.2025.09.011,Immune,20
Immune_NMP_Promyelocytes,celltype_Lorenzi2025,10.1038/s41586-025-09875-2,Immune,21
Immune_NMP_Promyelocytes,celltype_OvarySanger2026,(unresolved: Sanger ovary 2026),Immune_Monocyte,4
Immune_NMP_Promyelocytes,celltype_OvarySanger2026,(unresolved: Sanger ovary 2026),Immune_oLAMs_SPP1,3
Immune_NMP_Promyelocytes,celltype_Ulrich2022,10.1016/j.devcel.2022.02.017,macrophage,3
Immune_NaiveB,celltype_GarciaAlonso2021,10.1038/s41588-021-00972-2,Myeloid,2
Immune_NaiveB,celltype_GarciaAlonso2022,10.1038/s41586-022-04918-4,Immune,4
Immune_NaiveB,celltype_HECA,"10.1038/s41588-024-01873-w (HECA/Marečková 2024, tentative)",Immune_Lymphoid,30
Immune_NaiveB,celltype_Lorenzi2025,10.1038/s41586-025-09875-2,Immune,6
Immune_NaiveB,celltype_OvarySanger2026,(unresolved: Sanger ovary 2026),Immune_B_naive,12
Immune_NaiveB,celltype_Ulrich2022,10.1016/j.devcel.2022.02.017,mature NK T cell,10
Immune_NaiveB,celltype_Ulrich2022,10.1016/j.devcel.2022.02.017,macrophage,9
Immune_NaiveB,celltype_Ulrich2024,10.1073/pnas.2404775121,B-cells,7
Immune_NaiveB,celltype_Ulrich2024,10.1073/pnas.2404775121,Macrophage,1
Immune_NaiveB,celltype_Weigert2025,10.1038/s41467-024-55440-2,plasma cell,25
Immune_NaiveB,celltype_Weigert2025,10.1038/s41467-024-55440-2,lymphocyte,1
Immune_Neutrophils,celltype_HECA,"10.1038/s41588-024-01873-w (HECA/Marečková 2024, tentative)",Immune_Myeloid,1
Immune_Neutrophils,celltype_Ulrich2022,10.1016/j.devcel.2022.02.017,macrophage,8
Immune_Neutrophils,celltype_Ulrich2024,10.1073/pnas.2404775121,Macrophage,1
Immune_Neutrophils,celltype_Weigert2025,10.1038/s41467-024-55440-2,macrophage,5
Immune_Plasma_κ,celltype_GarciaAlonso2021,10.1038/s41588-021-00972-2,Lymphoid,2
Immune_Plasma_κ,celltype_GarciaAlonso2021,10.1038/s41588-021-00972-2,Myeloid,2
Immune_Plasma_κ,celltype_HECA,"10.1038/s41588-024-01873-w (HECA/Marečková 2024, tentative)",Immune_Lymphoid,39
Immune_Plasma_κ,celltype_Ulrich2022,10.1016/j.devcel.2022.02.017,B cell,248
Immune_Plasma_κ,celltype_Ulrich2022,10.1016/j.devcel.2022.02.017,macrophage,7
Immune_Plasma_κ,celltype_Ulrich2024,10.1073/pnas.2404775121,B-cells,34
Immune_Plasma_κ,celltype_Ulrich2024,10.1073/pnas.2404775121,HMGB2-Prolif,3
Immune_Plasma_κ,celltype_Ulrich2024,10.1073/pnas.2404775121,Gland-sec-progenitor-A,1
Immune_Plasma_κ,celltype_Ulrich2024,10.1073/pnas.2404775121,Macrophage,1
Immune_Plasma_κ,celltype_Weigert2025,10.1038/s41467-024-55440-2,plasma cell,675
Immune_Plasma_κ,celltype_Weigert2025,10.1038/s41467-024-55440-2,macrophage,2
Immune_Plasma_κ,celltype_Weigert2025,10.1038/s41467-024-55440-2,lymphocyte,1
Immune_Plasma_κ,celltype_Weigert2025,10.1038/s41467-024-55440-2,stromal cell,1
Immune_Plasma_λ,celltype_GarciaAlonso2021,10.1038/s41588-021-00972-2,Myeloid,3
Immune_Plasma_λ,celltype_HECA,"10.1038/s41588-024-01873-w (HECA/Marečková 2024, tentative)",Immune_Lymphoid,26
Immune_Plasma_λ,celltype_Ulrich2022,10.1016/j.devcel.2022.02.017,B cell,146
Immune_Plasma_λ,celltype_Ulrich2022,10.1016/j.devcel.2022.02.017,macrophage,3
Immune_Plasma_λ,celltype_Ulrich2022,10.1016/j.devcel.2022.02.017,mast cell,2
Immune_Plasma_λ,celltype_Ulrich2024,10.1073/pnas.2404775121,MUC16+_Gland_sec,22
Immune_Plasma_λ,celltype_Ulrich2024,10.1073/pnas.2404775121,B-cells,19
Immune_Plasma_λ,celltype_Weigert2025,10.1038/s41467-024-55440-2,plasma cell,277
Immune_Plasma_λ,celltype_Weigert2025,10.1038/s41467-024-55440-2,macrophage,3
Immune_Plasma_λ,celltype_Weigert2025,10.1038/s41467-024-55440-2,lymphocyte,1
Immune_Plasma_λ,celltype_Weigert2025,10.1038/s41467-024-55440-2,stromal cell,1
Immune_ProB,celltype_GarciaAlonso2022,10.1038/s41586-022-04918-4,Immune,8
Immune_ProB,celltype_Lardenois2026,10.1016/j.devcel.2025.09.011,Immune,2
Immune_ProB,celltype_Lorenzi2025,10.1038/s41586-025-09875-2,Immune,12
Immune_ProB,celltype_OvarySanger2026,(unresolved: Sanger ovary 2026),Immune_B_naive,3
Immune_SmallPreB,celltype_GarciaAlonso2022,10.1038/s41586-022-04918-4,Immune,40
Immune_SmallPreB,celltype_Lorenzi2025,10.1038/s41586-025-09875-2,Immune,41
Immune_SmallPreB,celltype_OvarySanger2026,(unresolved: Sanger ovary 2026),Immune_B_naive,40
Immune_SmallPreB,celltype_Weigert2025,10.1038/s41467-024-55440-2,plasma cell,2
Immune_SmallPreB,celltype_Weigert2025,10.1038/s41467-024-55440-2,lymphocyte,1
Immune_T_Cyc,celltype_GarciaAlonso2021,10.1038/s41588-021-00972-2,Lymphoid,49
Immune_T_Cyc,celltype_GarciaAlonso2022,10.1038/s41586-022-04918-4,Immune,23
Immune_T_Cyc,celltype_HECA,"10.1038/s41588-024-01873-w (HECA/Marečková 2024, tentative)",Immune_Lymphoid,336
Immune_T_Cyc,celltype_HECA,"10.1038/s41588-024-01873-w (HECA/Marečková 2024, tentative)",Immune_Myeloid,2
Immune_T_Cyc,celltype_Lardenois2026,10.1016/j.devcel.2025.09.011,Immune,2
Immune_T_Cyc,celltype_Lorenzi2025,10.1038/s41586-025-09875-2,Immune,9
Immune_T_Cyc,celltype_OvarySanger2026,(unresolved: Sanger ovary 2026),Immune_Tcm/Naive_CD4,10
Immune_T_Cyc,celltype_OvarySanger2026,(unresolved: Sanger ovary 2026),Immune_Tem/Trm_CD8,6
Immune_T_Cyc,celltype_OvarySanger2026,(unresolved: Sanger ovary 2026),Immune_NK_CD16+,4
Immune_T_Cyc,celltype_OvarySanger2026,(unresolved: Sanger ovary 2026),Immune_oLAMs_SPP1,2
Immune_T_Cyc,celltype_OvarySanger2026,(unresolved: Sanger ovary 2026),Immune_NK_CD16-,1
Immune_T_Cyc,celltype_Ulrich2022,10.1016/j.devcel.2022.02.017,mature NK T cell,13
Immune_T_Cyc,celltype_Ulrich2024,10.1073/pnas.2404775121,Hematopoietic-progenitor,111
Immune_T_Cyc,celltype_Ulrich2024,10.1073/pnas.2404775121,NK-cells,18
Immune_T_Cyc,celltype_Ulrich2024,10.1073/pnas.2404775121,TMEM-CD4,5
Immune_T_Cyc,celltype_Ulrich2024,10.1073/pnas.2404775121,TMEM-CD8,4
Immune_T_Cyc,celltype_Ulrich2024,10.1073/pnas.2404775121,HMGB2-Prolif,3
Immune_T_Cyc,celltype_Ulrich2024,10.1073/pnas.2404775121,Res-Mem-T,2
Immune_T_Cyc,celltype_Ulrich2024,10.1073/pnas.2404775121,eS-proliferative,2
Immune_T_Cyc,celltype_Ulrich2024,10.1073/pnas.2404775121,ILC,1
Immune_T_Cyc,celltype_Ulrich2024,10.1073/pnas.2404775121,Mast,1
Immune_T_Cyc,celltype_Weigert2025,10.1038/s41467-024-55440-2,lymphocyte,126
Immune_T_Cyc,celltype_Weigert2025,10.1038/s41467-024-55440-2,fallopian tube secretory epithelial cell,14
Immune_T_Cyc,celltype_Weigert2025,10.1038/s41467-024-55440-2,macrophage,1
Immune_cDC1,celltype_GarciaAlonso2021,10.1038/s41588-021-00972-2,Myeloid,13
Immune_cDC1,celltype_GarciaAlonso2022,10.1038/s41586-022-04918-4,Immune,7
Immune_cDC1,celltype_HECA,"10.1038/s41588-024-01873-w (HECA/Marečková 2024, tentative)",Immune_Myeloid,73
Immune_cDC1,celltype_Lardenois2026,10.1016/j.devcel.2025.09.011,Immune,2
Immune_cDC1,celltype_Lorenzi2025,10.1038/s41586-025-09875-2,Immune,12
Immune_cDC1,celltype_OvarySanger2026,(unresolved: Sanger ovary 2026),Immune_oLAMs_SPP1,1
Immune_cDC1,celltype_Ulrich2022,10.1016/j.devcel.2022.02.017,macrophage,51
Immune_cDC1,celltype_Ulrich2022,10.1016/j.devcel.2022.02.017,B cell,1
Immune_cDC1,celltype_Ulrich2022,10.1016/j.devcel.2022.02.017,mature NK T cell,1
Immune_cDC1,celltype_Ulrich2024,10.1073/pnas.2404775121,Macrophage,46
Immune_cDC1,celltype_Ulrich2024,10.1073/pnas.2404775121,TMEM-CD8,2
Immune_cDC1,celltype_Ulrich2024,10.1073/pnas.2404775121,Hematopoietic-progenitor,1
Immune_cDC1,celltype_Weigert2025,10.1038/s41467-024-55440-2,macrophage,124
Immune_cDC2,celltype_GarciaAlonso2021,10.1038/s41588-021-00972-2,Myeloid,41
Immune_cDC2,celltype_GarciaAlonso2022,10.1038/s41586-022-04918-4,Immune,31
Immune_cDC2,celltype_HECA,"10.1038/s41588-024-01873-w (HECA/Marečková 2024, tentative)",Immune_Myeloid,232
Immune_cDC2,celltype_Lardenois2026,10.1016/j.devcel.2025.09.011,Immune,7
Immune_cDC2,celltype_Lorenzi2025,10.1038/s41586-025-09875-2,Immune,71
Immune_cDC2,celltype_OvarySanger2026,(unresolved: Sanger ovary 2026),Immune_Dendritic,147
Immune_cDC2,celltype_OvarySanger2026,(unresolved: Sanger ovary 2026),Immune_Monocyte,24
Immune_cDC2,celltype_OvarySanger2026,(unresolved: Sanger ovary 2026),Immune_oLAMs_SPP1,8
Immune_cDC2,celltype_OvarySanger2026,(unresolved: Sanger ovary 2026),Immune_Mac_LYVE1,6
Immune_cDC2,celltype_OvarySanger2026,(unresolved: Sanger ovary 2026),Immune_oLAMs,3
Immune_cDC2,celltype_OvarySanger2026,(unresolved: Sanger ovary 2026),Immune_Mac_Fetal,2
Immune_cDC2,celltype_OvarySanger2026,(unresolved: Sanger ovary 2026),Immune_Tem/Trm_CD8,1
Immune_cDC2,celltype_Ulrich2022,10.1016/j.devcel.2022.02.017,macrophage,197
Immune_cDC2,celltype_Ulrich2024,10.1073/pnas.2404775121,Macrophage,157
Immune_cDC2,celltype_Ulrich2024,10.1073/pnas.2404775121,Fibrocytes,1
Immune_cDC2,celltype_Weigert2025,10.1038/s41467-024-55440-2,macrophage,617
Immune_cDC2_CD207hi,celltype_GarciaAlonso2021,10.1038/s41588-021-00972-2,Myeloid,26
Immune_cDC2_CD207hi,celltype_GarciaAlonso2022,10.1038/s41586-022-04918-4,Immune,10
Immune_cDC2_CD207hi,celltype_HECA,"10.1038/s41588-024-01873-w (HECA/Marečková 2024, tentative)",Immune_Myeloid,138
Immune_cDC2_CD207hi,celltype_Lorenzi2025,10.1038/s41586-025-09875-2,Immune,11
Immune_cDC2_CD207hi,celltype_OvarySanger2026,(unresolved: Sanger ovary 2026),Immune_Dendritic,5
Immune_cDC2_CD207hi,celltype_OvarySanger2026,(unresolved: Sanger ovary 2026),Immune_Monocyte,2
Immune_cDC2_CD207hi,celltype_OvarySanger2026,(unresolved: Sanger ovary 2026),Immune_Mac_LYVE1,1
Immune_cDC2_CD207hi,celltype_Ulrich2022,10.1016/j.devcel.2022.02.017,macrophage,34
Immune_cDC2_CD207hi,celltype_Ulrich2024,10.1073/pnas.2404775121,Macrophage,71
Immune_cDC2_CD207hi,celltype_Ulrich2024,10.1073/pnas.2404775121,Mast,1
Immune_cDC2_CD207hi,celltype_Weigert2025,10.1038/s41467-024-55440-2,macrophage,138
Immune_mregDC,celltype_GarciaAlonso2021,10.1038/s41588-021-00972-2,Myeloid,8
Immune_mregDC,celltype_GarciaAlonso2022,10.1038/s41586-022-04918-4,Immune,2
Immune_mregDC,celltype_HECA,"10.1038/s41588-024-01873-w (HECA/Marečková 2024, tentative)",Immune_Myeloid,40
Immune_mregDC,celltype_Lardenois2026,10.1016/j.devcel.2025.09.011,Immune,2
Immune_mregDC,celltype_Ulrich2022,10.1016/j.devcel.2022.02.017,macrophage,13
Immune_mregDC,celltype_Ulrich2024,10.1073/pnas.2404775121,Macrophage,29
Immune_mregDC,celltype_Ulrich2024,10.1073/pnas.2404775121,TMEM-CD4,1
Immune_mregDC,celltype_Ulrich2024,10.1073/pnas.2404775121,TMEM-CD8,1
Immune_mregDC,celltype_Weigert2025,10.1038/s41467-024-55440-2,macrophage,27
Immune_mregDC,celltype_Weigert2025,10.1038/s41467-024-55440-2,plasma cell,3
Immune_mregDC,celltype_Weigert2025,10.1038/s41467-024-55440-2,lymphocyte,1
Immune_mregDC,celltype_Weigert2025,10.1038/s41467-024-55440-2,peg cell,1
Immune_mregDC,celltype_Weigert2025,10.1038/s41467-024-55440-2,stromal cell,1
Immune_oLAM,celltype_GarciaAlonso2022,10.1038/s41586-022-04918-4,Immune,2
Immune_oLAM,celltype_HECA,"10.1038/s41588-024-01873-w (HECA/Marečková 2024, tentative)",Immune_Myeloid,3
Immune_oLAM,celltype_Lardenois2026,10.1016/j.devcel.2025.09.011,Immune,2
Immune_oLAM,celltype_Lorenzi2025,10.1038/s41586-025-09875-2,Immune,2
Immune_oLAM,celltype_OvarySanger2026,(unresolved: Sanger ovary 2026),Immune_oLAMs,182
Immune_oLAM,celltype_OvarySanger2026,(unresolved: Sanger ovary 2026),Immune_oLAMs_SPP1,16
Immune_oLAM,celltype_OvarySanger2026,(unresolved: Sanger ovary 2026),Immune_Mac_LYVE1,3
Immune_oLAM,celltype_OvarySanger2026,(unresolved: Sanger ovary 2026),Immune_Monocyte,2
Immune_oLAM,celltype_Ulrich2024,10.1073/pnas.2404775121,Macrophage,1
Immune_oLAM,celltype_Weigert2025,10.1038/s41467-024-55440-2,macrophage,13
Immune_pDC,celltype_GarciaAlonso2021,10.1038/s41588-021-00972-2,Myeloid,59
Immune_pDC,celltype_GarciaAlonso2022,10.1038/s41586-022-04918-4,Immune,4
Immune_pDC,celltype_HECA,"10.1038/s41588-024-01873-w (HECA/Marečková 2024, tentative)",Immune_Lymphoid,154
Immune_pDC,celltype_HECA,"10.1038/s41588-024-01873-w (HECA/Marečková 2024, tentative)",Immune_Myeloid,1
Immune_pDC,celltype_Lorenzi2025,10.1038/s41586-025-09875-2,Immune,7
Immune_pDC,celltype_OvarySanger2026,(unresolved: Sanger ovary 2026),Immune_Dendritic,1
Immune_pDC,celltype_OvarySanger2026,(unresolved: Sanger ovary 2026),Immune_oLAMs_SPP1,1
Immune_pDC,celltype_Ulrich2022,10.1016/j.devcel.2022.02.017,macrophage,9
Immune_pDC,celltype_Ulrich2022,10.1016/j.devcel.2022.02.017,mature NK T cell,1
Immune_pDC,celltype_Ulrich2024,10.1073/pnas.2404775121,Macrophage,78
Immune_pDC,celltype_Ulrich2024,10.1073/pnas.2404775121,B-cells,8
Immune_pDC,celltype_Ulrich2024,10.1073/pnas.2404775121,Fibrocytes,1
Immune_pDC,celltype_Weigert2025,10.1038/s41467-024-55440-2,plasma cell,34
Immune_pDC,celltype_Weigert2025,10.1038/s41467-024-55440-2,macrophage,6
Immune_pDC,celltype_Weigert2025,10.1038/s41467-024-55440-2,stromal cell,1
Immune_tolDC,celltype_GarciaAlonso2021,10.1038/s41588-021-00972-2,Myeloid,2
Immune_tolDC,celltype_HECA,"10.1038/s41588-024-01873-w (HECA/Marečková 2024, tentative)",Immune_Myeloid,7
Immune_tolDC,celltype_Ulrich2022,10.1016/j.devcel.2022.02.017,macrophage,2
Immune_tolDC,celltype_Ulrich2024,10.1073/pnas.2404775121,Macrophage,6
Immune_tolDC,celltype_Weigert2025,10.1038/s41467-024-55440-2,macrophage,1
Immune_uMac_Inf,celltype_GarciaAlonso2021,10.1038/s41588-021-00972-2,Myeloid,17
Immune_uMac_Inf,celltype_GarciaAlonso2022,10.1038/s41586-022-04918-4,Immune,16
Immune_uMac_Inf,celltype_HECA,"10.1038/s41588-024-01873-w (HECA/Marečková 2024, tentative)",Immune_Myeloid,44
Immune_uMac_Inf,celltype_Lardenois2026,10.1016/j.devcel.2025.09.011,Immune,1
Immune_uMac_Inf,celltype_Lorenzi2025,10.1038/s41586-025-09875-2,Immune,23
Immune_uMac_Inf,celltype_OvarySanger2026,(unresolved: Sanger ovary 2026),Immune_Monocyte,22
Immune_uMac_Inf,celltype_OvarySanger2026,(unresolved: Sanger ovary 2026),Immune_Mac_Fetal,7
Immune_uMac_Inf,celltype_OvarySanger2026,(unresolved: Sanger ovary 2026),Immune_oLAMs_SPP1,5
Immune_uMac_Inf,celltype_OvarySanger2026,(unresolved: Sanger ovary 2026),Immune_Dendritic,1
Immune_uMac_Inf,celltype_OvarySanger2026,(unresolved: Sanger ovary 2026),Immune_Tem/Trm_CD8,1
Immune_uMac_Inf,celltype_OvarySanger2026,(unresolved: Sanger ovary 2026),Immune_oLAMs,1
Immune_uMac_Inf,celltype_Ulrich2022,10.1016/j.devcel.2022.02.017,macrophage,57
Immune_uMac_Inf,celltype_Ulrich2024,10.1073/pnas.2404775121,Macrophage,158
Immune_uMac_Inf,celltype_Ulrich2024,10.1073/pnas.2404775121,Fibrocytes,1
Immune_uMac_Inf,celltype_Ulrich2024,10.1073/pnas.2404775121,Res-Mem-T,1
Immune_uMac_Inf,celltype_Weigert2025,10.1038/s41467-024-55440-2,macrophage,44
Immune_uNK1,celltype_GarciaAlonso2021,10.1038/s41588-021-00972-2,Lymphoid,76
Immune_uNK1,celltype_HECA,"10.1038/s41588-024-01873-w (HECA/Marečková 2024, tentative)",Immune_Lymphoid,687
Immune_uNK1,celltype_Ulrich2024,10.1073/pnas.2404775121,NK-cells,777
Immune_uNK1,celltype_Ulrich2024,10.1073/pnas.2404775121,Res-Mem-T,3
Immune_uNK1,celltype_Ulrich2024,10.1073/pnas.2404775121,Hematopoietic-progenitor,2
Immune_uNK1,celltype_Ulrich2024,10.1073/pnas.2404775121,Mast,1
Immune_uNK1,celltype_Weigert2025,10.1038/s41467-024-55440-2,lymphocyte,2
Immune_uNK2,celltype_GarciaAlonso2021,10.1038/s41588-021-00972-2,Lymphoid,298
Immune_uNK2,celltype_GarciaAlonso2022,10.1038/s41586-022-04918-4,Immune,4
Immune_uNK2,celltype_HECA,"10.1038/s41588-024-01873-w (HECA/Marečková 2024, tentative)",Immune_Lymphoid,4100
Immune_uNK2,celltype_HECA,"10.1038/s41588-024-01873-w (HECA/Marečková 2024, tentative)",Immune_Myeloid,1
Immune_uNK2,celltype_Lardenois2026,10.1016/j.devcel.2025.09.011,Immune,4
Immune_uNK2,celltype_Lorenzi2025,10.1038/s41586-025-09875-2,Immune,4
Immune_uNK2,celltype_OvarySanger2026,(unresolved: Sanger ovary 2026),Immune_NK_CD16-,7
Immune_uNK2,celltype_OvarySanger2026,(unresolved: Sanger ovary 2026),Immune_Tem/Trm_CD8,6
Immune_uNK2,celltype_Ulrich2022,10.1016/j.devcel.2022.02.017,mature NK T cell,27
Immune_uNK2,celltype_Ulrich2024,10.1073/pnas.2404775121,NK-cells,1731
Immune_uNK2,celltype_Ulrich2024,10.1073/pnas.2404775121,TMEM-CD8,3
Immune_uNK2,celltype_Ulrich2024,10.1073/pnas.2404775121,Hematopoietic-progenitor,2
Immune_uNK2,celltype_Ulrich2024,10.1073/pnas.2404775121,Mast,2
Immune_uNK2,celltype_Ulrich2024,10.1073/pnas.2404775121,TMEM-CD4,1
Immune_uNK2,celltype_Weigert2025,10.1038/s41467-024-55440-2,lymphocyte,41
Immune_uNK2,celltype_Weigert2025,10.1038/s41467-024-55440-2,stromal cell,1
Immune_uNK3,celltype_GarciaAlonso2021,10.1038/s41588-021-00972-2,Lymphoid,165
Immune_uNK3,celltype_GarciaAlonso2022,10.1038/s41586-022-04918-4,Immune,78
Immune_uNK3,celltype_HECA,"10.1038/s41588-024-01873-w (HECA/Marečková 2024, tentative)",Immune_Lymphoid,2482
Immune_uNK3,celltype_Lardenois2026,10.1016/j.devcel.2025.09.011,Immune,9
Immune_uNK3,celltype_Lorenzi2025,10.1038/s41586-025-09875-2,Immune,71
Immune_uNK3,celltype_OvarySanger2026,(unresolved: Sanger ovary 2026),Immune_NK_CD16-,102
Immune_uNK3,celltype_OvarySanger2026,(unresolved: Sanger ovary 2026),Immune_Tem/Trm_CD8,36
Immune_uNK3,celltype_OvarySanger2026,(unresolved: Sanger ovary 2026),Immune_NK_CD16+,7
Immune_uNK3,celltype_Ulrich2022,10.1016/j.devcel.2022.02.017,mature NK T cell,439
Immune_uNK3,celltype_Ulrich2022,10.1016/j.devcel.2022.02.017,macrophage,1
Immune_uNK3,celltype_Ulrich2024,10.1073/pnas.2404775121,NK-cells,1506
Immune_uNK3,celltype_Ulrich2024,10.1073/pnas.2404775121,Hematopoietic-progenitor,18
Immune_uNK3,celltype_Ulrich2024,10.1073/pnas.2404775121,TMEM-CD8,17
Immune_uNK3,celltype_Ulrich2024,10.1073/pnas.2404775121,Mast,4
Immune_uNK3,celltype_Ulrich2024,10.1073/pnas.2404775121,Fibrocytes,2
Immune_uNK3,celltype_Ulrich2024,10.1073/pnas.2404775121,TMEM-CD4,2
Immune_uNK3,celltype_Ulrich2024,10.1073/pnas.2404775121,Macrophage,1
Immune_uNK3,celltype_Ulrich2024,10.1073/pnas.2404775121,RUNX3+_Fibroblast,1
Immune_uNK3,celltype_Weigert2025,10.1038/s41467-024-55440-2,lymphocyte,745
Immune_uNK3,celltype_Weigert2025,10.1038/s41467-024-55440-2,stromal cell,1
Immune_uftLAM,celltype_GarciaAlonso2021,10.1038/s41588-021-00972-2,Myeloid,14
Immune_uftLAM,celltype_GarciaAlonso2022,10.1038/s41586-022-04918-4,Immune,18
Immune_uftLAM,celltype_HECA,"10.1038/s41588-024-01873-w (HECA/Marečková 2024, tentative)",Immune_Myeloid,33
Immune_uftLAM,celltype_Lardenois2026,10.1016/j.devcel.2025.09.011,Immune,1
Immune_uftLAM,celltype_Lorenzi2025,10.1038/s41586-025-09875-2,Immune,138
Immune_uftLAM,celltype_OvarySanger2026,(unresolved: Sanger ovary 2026),Immune_oLAMs_SPP1,8
Immune_uftLAM,celltype_OvarySanger2026,(unresolved: Sanger ovary 2026),Immune_Mac_Fetal,3
Immune_uftLAM,celltype_OvarySanger2026,(unresolved: Sanger ovary 2026),Immune_Monocyte,3
Immune_uftLAM,celltype_Ulrich2022,10.1016/j.devcel.2022.02.017,macrophage,110
Immune_uftLAM,celltype_Ulrich2024,10.1073/pnas.2404775121,Macrophage,94
Immune_uftLAM,celltype_Weigert2025,10.1038/s41467-024-55440-2,macrophage,841
Immune_γδT_Vγ9Vδ2,celltype_GarciaAlonso2022,10.1038/s41586-022-04918-4,Immune,16
Immune_γδT_Vγ9Vδ2,celltype_HECA,"10.1038/s41588-024-01873-w (HECA/Marečková 2024, tentative)",Immune_Lymphoid,9
Immune_γδT_Vγ9Vδ2,celltype_Lardenois2026,10.1016/j.devcel.2025.09.011,Immune,12
Immune_γδT_Vγ9Vδ2,celltype_Lorenzi2025,10.1038/s41586-025-09875-2,Immune,8
Immune_γδT_Vγ9Vδ2,celltype_OvarySanger2026,(unresolved: Sanger ovary 2026),Immune_NK_CD16-,11
Immune_γδT_Vγ9Vδ2,celltype_OvarySanger2026,(unresolved: Sanger ovary 2026),Immune_Tem/Trm_CD8,5
Immune_γδT_Vγ9Vδ2,celltype_Ulrich2022,10.1016/j.devcel.2022.02.017,mature NK T cell,3
Immune_γδT_Vγ9Vδ2,celltype_Ulrich2024,10.1073/pnas.2404775121,TMEM-CD8,3
Immune_γδT_Vγ9Vδ2,celltype_Ulrich2024,10.1073/pnas.2404775121,NK-cells,2
Immune_γδT_Vγ9Vδ2,celltype_Weigert2025,10.1038/s41467-024-55440-2,lymphocyte,9
Mesen_AdvFibs,celltype_GarciaAlonso2021,10.1038/s41588-021-00972-2,Fibroblast C7,3
Mesen_AdvFibs,celltype_GarciaAlonso2021,10.1038/s41588-021-00972-2,dS,1
Mesen_AdvFibs,celltype_HECA,"10.1038/s41588-024-01873-w (HECA/Marečková 2024, tentative)",dStromal_mid,3
Mesen_AdvFibs,celltype_Ulrich2024,10.1073/pnas.2404775121,C7-Fibroblast,2
Mesen_AdvFibs,celltype_Ulrich2024,10.1073/pnas.2404775121,dS2,1
Mesen_AdvFibs,celltype_Ulrich2024,10.1073/pnas.2404775121,uSMC,1
Mesen_AdvFibsIntr,celltype_GarciaAlonso2021,10.1038/s41588-021-00972-2,Fibroblast C7,546
Mesen_AdvFibsIntr,celltype_GarciaAlonso2021,10.1038/s41588-021-00972-2,dS,28
Mesen_AdvFibsIntr,celltype_GarciaAlonso2021,10.1038/s41588-021-00972-2,uSMC,22
Mesen_AdvFibsIntr,celltype_GarciaAlonso2021,10.1038/s41588-021-00972-2,PV STEAP4,12
Mesen_AdvFibsIntr,celltype_GarciaAlonso2021,10.1038/s41588-021-00972-2,eS,3
Mesen_AdvFibsIntr,celltype_GarciaAlonso2021,10.1038/s41588-021-00972-2,Other,2
Mesen_AdvFibsIntr,celltype_HECA,"10.1038/s41588-024-01873-w (HECA/Marečková 2024, tentative)",dStromal_mid,43
Mesen_AdvFibsIntr,celltype_HECA,"10.1038/s41588-024-01873-w (HECA/Marečková 2024, tentative)",uSMCs,39
Mesen_AdvFibsIntr,celltype_HECA,"10.1038/s41588-024-01873-w (HECA/Marečková 2024, tentative)",Fibroblast_basalis,30
Mesen_AdvFibsIntr,celltype_HECA,"10.1038/s41588-024-01873-w (HECA/Marečková 2024, tentative)",eStromal,27
Mesen_AdvFibsIntr,celltype_HECA,"10.1038/s41588-024-01873-w (HECA/Marečková 2024, tentative)",ePV_2,14
Mesen_AdvFibsIntr,celltype_HECA,"10.1038/s41588-024-01873-w (HECA/Marečková 2024, tentative)",dStromal_early,3
Mesen_AdvFibsIntr,celltype_HECA,"10.1038/s41588-024-01873-w (HECA/Marečková 2024, tentative)",dStromal_late,2
Mesen_AdvFibsIntr,celltype_HECA,"10.1038/s41588-024-01873-w (HECA/Marečková 2024, tentative)",mPV,2
Mesen_AdvFibsIntr,celltype_HECA,"10.1038/s41588-024-01873-w (HECA/Marečková 2024, tentative)",Immune_Myeloid,1
Mesen_AdvFibsIntr,celltype_OvarySanger2026,(unresolved: Sanger ovary 2026),FibC3,4147
Mesen_AdvFibsIntr,celltype_OvarySanger2026,(unresolved: Sanger ovary 2026),Stroma_InnCor,609
Mesen_AdvFibsIntr,celltype_OvarySanger2026,(unresolved: Sanger ovary 2026),PV_Fibroblast,74
Mesen_AdvFibsIntr,celltype_OvarySanger2026,(unresolved: Sanger ovary 2026),Stroma_Perifoll_InnCor,71
Mesen_AdvFibsIntr,celltype_OvarySanger2026,(unresolved: Sanger ovary 2026),Stroma_OutCor_Foll,51
Mesen_AdvFibsIntr,celltype_OvarySanger2026,(unresolved: Sanger ovary 2026),Stroma_Medulla,31
Mesen_AdvFibsIntr,celltype_OvarySanger2026,(unresolved: Sanger ovary 2026),PV_Fetal,23
Mesen_AdvFibsIntr,celltype_OvarySanger2026,(unresolved: Sanger ovary 2026),PV_SMC_Arterial,20
Mesen_AdvFibsIntr,celltype_OvarySanger2026,(unresolved: Sanger ovary 2026),Stroma_Perifoll_OutCor,11
Mesen_AdvFibsIntr,celltype_OvarySanger2026,(unresolved: Sanger ovary 2026),Theca_3structural_HedgLow,10
Mesen_AdvFibsIntr,celltype_OvarySanger2026,(unresolved: Sanger ovary 2026),Theca_1perifollicular,7
Mesen_AdvFibsIntr,celltype_OvarySanger2026,(unresolved: Sanger ovary 2026),PV_Capillary_Pericytes,3
Mesen_AdvFibsIntr,celltype_OvarySanger2026,(unresolved: Sanger ovary 2026),Stroma_OutCor,3
Mesen_AdvFibsIntr,celltype_OvarySanger2026,(unresolved: Sanger ovary 2026),Stroma_HOXA9,2
Mesen_AdvFibsIntr,celltype_OvarySanger2026,(unresolved: Sanger ovary 2026),Theca_3structural,2
Mesen_AdvFibsIntr,celltype_OvarySanger2026,(unresolved: Sanger ovary 2026),FibC3_other,1
Mesen_AdvFibsIntr,celltype_OvarySanger2026,(unresolved: Sanger ovary 2026),Neural_Glia_Adult,1
Mesen_AdvFibsIntr,celltype_OvarySanger2026,(unresolved: Sanger ovary 2026),Theca_1perifollicular_cycling,1
Mesen_AdvFibsIntr,celltype_OvarySanger2026,(unresolved: Sanger ovary 2026),Theca_2androgenic_pre,1
Mesen_AdvFibsIntr,celltype_Ulrich2022,10.1016/j.devcel.2022.02.017,fibroblast,1010
Mesen_AdvFibsIntr,celltype_Ulrich2022,10.1016/j.devcel.2022.02.017,myofibroblast cell,22
Mesen_AdvFibsIntr,celltype_Ulrich2022,10.1016/j.devcel.2022.02.017,macrophage,1
Mesen_AdvFibsIntr,celltype_Ulrich2022,10.1016/j.devcel.2022.02.017,mast cell,1
Mesen_AdvFibsIntr,celltype_Ulrich2024,10.1073/pnas.2404775121,dS2,978
Mesen_AdvFibsIntr,celltype_Ulrich2024,10.1073/pnas.2404775121,C7-Fibroblast,832
Mesen_AdvFibsIntr,celltype_Ulrich2024,10.1073/pnas.2404775121,dS3,312
Mesen_AdvFibsIntr,celltype_Ulrich2024,10.1073/pnas.2404775121,PV-MYH11_CDKN1A+,73
Mesen_AdvFibsIntr,celltype_Ulrich2024,10.1073/pnas.2404775121,uSMC,17
Mesen_AdvFibsIntr,celltype_Ulrich2024,10.1073/pnas.2404775121,PV-STEAP4,16
Mesen_AdvFibsIntr,celltype_Ulrich2024,10.1073/pnas.2404775121,Tissue-resident-vascular-progenitor,6
Mesen_AdvFibsIntr,celltype_Ulrich2024,10.1073/pnas.2404775121,eS-proliferative,6
Mesen_AdvFibsIntr,celltype_Ulrich2024,10.1073/pnas.2404775121,dS1,3
Mesen_AdvFibsIntr,celltype_Ulrich2024,10.1073/pnas.2404775121,PV-MYH11_CDKN1A-,1
Mesen_AdvFibsIntr,celltype_Weigert2025,10.1038/s41467-024-55440-2,stromal cell,2828
Mesen_AdvFibsIntr,celltype_Weigert2025,10.1038/s41467-024-55440-2,perivascular cell,4
Mesen_AdvFibsIntr,celltype_Weigert2025,10.1038/s41467-024-55440-2,smooth muscle cell,3
Mesen_AdvFibsIntr,celltype_Weigert2025,10.1038/s41467-024-55440-2,fallopian tube secretory epithelial cell,1
Mesen_AdvFibsIntr,celltype_Weigert2025,10.1038/s41467-024-55440-2,peg cell,1
Mesen_AdvFibs_PI16hi,celltype_GarciaAlonso2021,10.1038/s41588-021-00972-2,Fibroblast C7,5
Mesen_AdvFibs_PI16hi,celltype_OvarySanger2026,(unresolved: Sanger ovary 2026),FibC3,2
Mesen_AdvFibs_PI16hi,celltype_Ulrich2022,10.1016/j.devcel.2022.02.017,fibroblast,264
Mesen_AdvFibs_PI16hi,celltype_Ulrich2022,10.1016/j.devcel.2022.02.017,blood vessel endothelial cell,1
Mesen_AdvFibs_PI16hi,celltype_Ulrich2024,10.1073/pnas.2404775121,dS2,4
Mesen_AdvFibs_PI16hi,celltype_Ulrich2024,10.1073/pnas.2404775121,dS3,4
Mesen_AdvFibs_PI16hi,celltype_Ulrich2024,10.1073/pnas.2404775121,C7-Fibroblast,2
Mesen_AdvFibs_PI16hi,celltype_Weigert2025,10.1038/s41467-024-55440-2,stromal cell,1693
Mesen_AdvFibs_PI16hi,celltype_Weigert2025,10.1038/s41467-024-55440-2,fallopian tube secretory epithelial cell,2
Mesen_AdvFibs_PI16hi,celltype_Weigert2025,10.1038/s41467-024-55440-2,perivascular cell,2
Mesen_AdvFibs_PI16hi,celltype_Weigert2025,10.1038/s41467-024-55440-2,lymphocyte,1
Mesen_AdvFibs_PI16low,celltype_GarciaAlonso2021,10.1038/s41588-021-00972-2,Fibroblast C7,7
Mesen_AdvFibs_PI16low,celltype_GarciaAlonso2021,10.1038/s41588-021-00972-2,PV MYH11,1
Mesen_AdvFibs_PI16low,celltype_HECA,"10.1038/s41588-024-01873-w (HECA/Marečková 2024, tentative)",ePV_2,4
Mesen_AdvFibs_PI16low,celltype_OvarySanger2026,(unresolved: Sanger ovary 2026),FibC3,330
Mesen_AdvFibs_PI16low,celltype_OvarySanger2026,(unresolved: Sanger ovary 2026),Stroma_InnCor,2
Mesen_AdvFibs_PI16low,celltype_OvarySanger2026,(unresolved: Sanger ovary 2026),PV_Fetal,1
Mesen_AdvFibs_PI16low,celltype_OvarySanger2026,(unresolved: Sanger ovary 2026),Stroma_Medulla,1
Mesen_AdvFibs_PI16low,celltype_Ulrich2022,10.1016/j.devcel.2022.02.017,fibroblast,2115
Mesen_AdvFibs_PI16low,celltype_Ulrich2022,10.1016/j.devcel.2022.02.017,myofibroblast cell,86
Mesen_AdvFibs_PI16low,celltype_Ulrich2022,10.1016/j.devcel.2022.02.017,smooth muscle cell,3
Mesen_AdvFibs_PI16low,celltype_Ulrich2022,10.1016/j.devcel.2022.02.017,blood vessel endothelial cell,1
Mesen_AdvFibs_PI16low,celltype_Ulrich2022,10.1016/j.devcel.2022.02.017,secretory cell,1
Mesen_AdvFibs_PI16low,celltype_Ulrich2024,10.1073/pnas.2404775121,dS2,27
Mesen_AdvFibs_PI16low,celltype_Ulrich2024,10.1073/pnas.2404775121,dS3,14
Mesen_AdvFibs_PI16low,celltype_Ulrich2024,10.1073/pnas.2404775121,C7-Fibroblast,13
Mesen_AdvFibs_PI16low,celltype_Ulrich2024,10.1073/pnas.2404775121,PV-MYH11_CDKN1A+,3
Mesen_AdvFibs_PI16low,celltype_Ulrich2024,10.1073/pnas.2404775121,PV-STEAP4,3
Mesen_AdvFibs_PI16low,celltype_Ulrich2024,10.1073/pnas.2404775121,PV-MYH11_CDKN1A-,1
Mesen_AdvFibs_PI16low,celltype_Weigert2025,10.1038/s41467-024-55440-2,stromal cell,4740
Mesen_AdvFibs_PI16low,celltype_Weigert2025,10.1038/s41467-024-55440-2,perivascular cell,6
Mesen_AdvFibs_PI16low,celltype_Weigert2025,10.1038/s41467-024-55440-2,smooth muscle cell,3
Mesen_AdvFibs_PI16low,celltype_Weigert2025,10.1038/s41467-024-55440-2,fallopian tube secretory epithelial cell,2
Mesen_AdvFibs_PI16low,celltype_Weigert2025,10.1038/s41467-024-55440-2,peg cell,1
Mesen_CervixFib_Fetal,celltype_GarciaAlonso2022,10.1038/s41586-022-04918-4,Mesenchymal_GATA2,23
Mesen_CervixFib_Fetal,celltype_GarciaAlonso2022,10.1038/s41586-022-04918-4,SMCs,2
Mesen_CervixFib_Fetal,celltype_Lorenzi2025,10.1038/s41586-025-09875-2,Cervix/Vagina Lig,5640
Mesen_CervixFib_Fetal,celltype_Lorenzi2025,10.1038/s41586-025-09875-2,Cervix Mese,3377
Mesen_CervixFib_Fetal,celltype_Lorenzi2025,10.1038/s41586-025-09875-2,Cervix/Upper Vagina SmMu,880
Mesen_CervixFib_Fetal,celltype_Lorenzi2025,10.1038/s41586-025-09875-2,Uterus Lig,587
Mesen_CervixFib_Fetal,celltype_Lorenzi2025,10.1038/s41586-025-09875-2,Upper Vagina Mese,310
Mesen_CervixFib_Fetal,celltype_Lorenzi2025,10.1038/s41586-025-09875-2,Uterus Mese,247
Mesen_CervixFib_Fetal,celltype_Lorenzi2025,10.1038/s41586-025-09875-2,Lower Vagina Mese,207
Mesen_CervixFib_Fetal,celltype_Lorenzi2025,10.1038/s41586-025-09875-2,Uterus SmMu,167
Mesen_CervixFib_Fetal,celltype_Lorenzi2025,10.1038/s41586-025-09875-2,Urogenital Sinus Lig,152
Mesen_CervixFib_Fetal,celltype_Lorenzi2025,10.1038/s41586-025-09875-2,Pre-Perivascular,149
Mesen_CervixFib_Fetal,celltype_Lorenzi2025,10.1038/s41586-025-09875-2,Fallopian Mese,62
Mesen_CervixFib_Fetal,celltype_Lorenzi2025,10.1038/s41586-025-09875-2,Fallopian Lig,34
Mesen_CervixFib_Fetal,celltype_Lorenzi2025,10.1038/s41586-025-09875-2,Upper Urogenital Sinus Mese,25
Mesen_CervixFib_Fetal,celltype_Lorenzi2025,10.1038/s41586-025-09875-2,Epoophron Mese,21
Mesen_CervixFib_Fetal,celltype_Lorenzi2025,10.1038/s41586-025-09875-2,Perivascular,13
Mesen_CervixFib_Fetal,celltype_Lorenzi2025,10.1038/s41586-025-09875-2,Corpus Cavernosum,7
Mesen_CervixFib_Fetal,celltype_Lorenzi2025,10.1038/s41586-025-09875-2,Lower Urogenital Sinus Mese,6
Mesen_CervixFib_Fetal,celltype_Lorenzi2025,10.1038/s41586-025-09875-2,Glans,5
Mesen_CervixFib_Fetal,celltype_Lorenzi2025,10.1038/s41586-025-09875-2,Wolffian/Mesonephros Lig,4
Mesen_CervixFib_Fetal,celltype_Lorenzi2025,10.1038/s41586-025-09875-2,Vas Deferens Mese,3
Mesen_CervixFib_Fetal,celltype_Lorenzi2025,10.1038/s41586-025-09875-2,Preputial Lamina Epi,2
Mesen_CervixFib_Fetal,celltype_Lorenzi2025,10.1038/s41586-025-09875-2,Fallopian Epi,1
Mesen_CervixFib_Fetal,celltype_Lorenzi2025,10.1038/s41586-025-09875-2,Fallopian SmMu,1
Mesen_CervixFib_Fetal,celltype_OvarySanger2026,(unresolved: Sanger ovary 2026),Epoophon_mesen_Fetal,3
Mesen_CervixFib_Fetal,celltype_OvarySanger2026,(unresolved: Sanger ovary 2026),Fallopian_SMCs_Fetal,1
Mesen_CervixFib_Fetal,celltype_OvarySanger2026,(unresolved: Sanger ovary 2026),Fallopian_mesen_Fetal,1
Mesen_CervixVaginaSMCs_Fetal,celltype_GarciaAlonso2022,10.1038/s41586-022-04918-4,SMCs,8
Mesen_CervixVaginaSMCs_Fetal,celltype_GarciaAlonso2022,10.1038/s41586-022-04918-4,Mesenchymal_GATA2,3
Mesen_CervixVaginaSMCs_Fetal,celltype_GarciaAlonso2022,10.1038/s41586-022-04918-4,Endothelial,1
Mesen_CervixVaginaSMCs_Fetal,celltype_GarciaAlonso2022,10.1038/s41586-022-04918-4,PV,1
Mesen_CervixVaginaSMCs_Fetal,celltype_Lorenzi2025,10.1038/s41586-025-09875-2,Cervix/Upper Vagina SmMu,9365
Mesen_CervixVaginaSMCs_Fetal,celltype_Lorenzi2025,10.1038/s41586-025-09875-2,Uterus SmMu,1219
Mesen_CervixVaginaSMCs_Fetal,celltype_Lorenzi2025,10.1038/s41586-025-09875-2,Uterus Mese,560
Mesen_CervixVaginaSMCs_Fetal,celltype_Lorenzi2025,10.1038/s41586-025-09875-2,Cervix Mese,181
Mesen_CervixVaginaSMCs_Fetal,celltype_Lorenzi2025,10.1038/s41586-025-09875-2,Cervix/Vagina Lig,124
Mesen_CervixVaginaSMCs_Fetal,celltype_Lorenzi2025,10.1038/s41586-025-09875-2,Uterus Lig,19
Mesen_CervixVaginaSMCs_Fetal,celltype_Lorenzi2025,10.1038/s41586-025-09875-2,Perivascular,15
Mesen_CervixVaginaSMCs_Fetal,celltype_Lorenzi2025,10.1038/s41586-025-09875-2,Upper Vagina Mese,10
Mesen_CervixVaginaSMCs_Fetal,celltype_Lorenzi2025,10.1038/s41586-025-09875-2,Fallopian Lig,8
Mesen_CervixVaginaSMCs_Fetal,celltype_Lorenzi2025,10.1038/s41586-025-09875-2,Fallopian SmMu,7
Mesen_CervixVaginaSMCs_Fetal,celltype_Lorenzi2025,10.1038/s41586-025-09875-2,Fallopian Mese,6
Mesen_CervixVaginaSMCs_Fetal,celltype_Lorenzi2025,10.1038/s41586-025-09875-2,Lower Vagina SmMu,6
Mesen_CervixVaginaSMCs_Fetal,celltype_Lorenzi2025,10.1038/s41586-025-09875-2,Pre-Perivascular,6
Mesen_CervixVaginaSMCs_Fetal,celltype_Lorenzi2025,10.1038/s41586-025-09875-2,Lower Vagina Mese,5
Mesen_CervixVaginaSMCs_Fetal,celltype_Lorenzi2025,10.1038/s41586-025-09875-2,Corpus Spongiosum,3
Mesen_CervixVaginaSMCs_Fetal,celltype_Lorenzi2025,10.1038/s41586-025-09875-2,Fallopian Epi,3
Mesen_CervixVaginaSMCs_Fetal,celltype_Lorenzi2025,10.1038/s41586-025-09875-2,Corpus Cavernosum,2
Mesen_CervixVaginaSMCs_Fetal,celltype_Lorenzi2025,10.1038/s41586-025-09875-2,Glans,2
Mesen_CervixVaginaSMCs_Fetal,celltype_Lorenzi2025,10.1038/s41586-025-09875-2,Immune,2
Mesen_CervixVaginaSMCs_Fetal,celltype_Lorenzi2025,10.1038/s41586-025-09875-2,Lower Urogenital Sinus Mese,2
Mesen_CervixVaginaSMCs_Fetal,celltype_Lorenzi2025,10.1038/s41586-025-09875-2,Schwann,2
Mesen_CervixVaginaSMCs_Fetal,celltype_Lorenzi2025,10.1038/s41586-025-09875-2,Urogenital Sinus SmMu,2
Mesen_CervixVaginaSMCs_Fetal,celltype_Lorenzi2025,10.1038/s41586-025-09875-2,Preputial Lamina Epi,1
Mesen_CervixVaginaSMCs_Fetal,celltype_Lorenzi2025,10.1038/s41586-025-09875-2,Upper Urogenital Sinus Mese,1
Mesen_CervixVaginaSMCs_Fetal,celltype_Lorenzi2025,10.1038/s41586-025-09875-2,Urogenital Sinus Lig,1
Mesen_CervixVaginaSMCs_Fetal,celltype_OvarySanger2026,(unresolved: Sanger ovary 2026),Fallopian_SMCs_Fetal,5
Mesen_CervixVaginaSMCs_Fetal,celltype_OvarySanger2026,(unresolved: Sanger ovary 2026),Endo_Lymph,1
Mesen_CervixVaginaSMCs_Fetal,celltype_OvarySanger2026,(unresolved: Sanger ovary 2026),Fallopian_lig_Fetal,1
Mesen_CervixVaginaSMCs_Fetal,celltype_OvarySanger2026,(unresolved: Sanger ovary 2026),Fallopian_mesen_Fetal,1
Mesen_CervixVaginaSMCs_Fetal,celltype_OvarySanger2026,(unresolved: Sanger ovary 2026),SMCs,1
Mesen_CorpusCavernosumFib_Fetal,celltype_Lorenzi2025,10.1038/s41586-025-09875-2,Corpus Cavernosum,7777
Mesen_CorpusCavernosumFib_Fetal,celltype_Lorenzi2025,10.1038/s41586-025-09875-2,Prepuce,823
Mesen_CorpusCavernosumFib_Fetal,celltype_Lorenzi2025,10.1038/s41586-025-09875-2,Glans,138
Mesen_CorpusCavernosumFib_Fetal,celltype_Lorenzi2025,10.1038/s41586-025-09875-2,Corpus Spongiosum,131
Mesen_CorpusCavernosumFib_Fetal,celltype_Lorenzi2025,10.1038/s41586-025-09875-2,Labio-Scrotal Swelling,109
Mesen_CorpusCavernosumFib_Fetal,celltype_Lorenzi2025,10.1038/s41586-025-09875-2,Urogenital Sinus Lig,87
Mesen_CorpusCavernosumFib_Fetal,celltype_Lorenzi2025,10.1038/s41586-025-09875-2,Pre-Perivascular,22
Mesen_CorpusCavernosumFib_Fetal,celltype_Lorenzi2025,10.1038/s41586-025-09875-2,Lower Urogenital Sinus Mese,18
Mesen_CorpusCavernosumFib_Fetal,celltype_Lorenzi2025,10.1038/s41586-025-09875-2,Urogenital Sinus SmMu,18
Mesen_CorpusCavernosumFib_Fetal,celltype_Lorenzi2025,10.1038/s41586-025-09875-2,Perivascular,11
Mesen_CorpusCavernosumFib_Fetal,celltype_Lorenzi2025,10.1038/s41586-025-09875-2,Upper Urogenital Sinus Mese,7
Mesen_CorpusCavernosumFib_Fetal,celltype_Lorenzi2025,10.1038/s41586-025-09875-2,Preputial Lamina Epi,6
Mesen_CorpusCavernosumFib_Fetal,celltype_Lorenzi2025,10.1038/s41586-025-09875-2,Epoophron Mese,1
Mesen_CorpusCavernosumFib_Fetal,celltype_Lorenzi2025,10.1038/s41586-025-09875-2,Lower Vagina Mese,1
Mesen_CorpusCavernosumFib_Fetal,celltype_Lorenzi2025,10.1038/s41586-025-09875-2,Schwann,1
Mesen_CorpusSpongiosumFib_Fetal,celltype_Lorenzi2025,10.1038/s41586-025-09875-2,Corpus Spongiosum,5522
Mesen_CorpusSpongiosumFib_Fetal,celltype_Lorenzi2025,10.1038/s41586-025-09875-2,Lower Urogenital Sinus Mese,1952
Mesen_CorpusSpongiosumFib_Fetal,celltype_Lorenzi2025,10.1038/s41586-025-09875-2,Lower Vagina Mese,1505
Mesen_CorpusSpongiosumFib_Fetal,celltype_Lorenzi2025,10.1038/s41586-025-09875-2,Corpus Cavernosum,415
Mesen_CorpusSpongiosumFib_Fetal,celltype_Lorenzi2025,10.1038/s41586-025-09875-2,Prepuce,219
Mesen_CorpusSpongiosumFib_Fetal,celltype_Lorenzi2025,10.1038/s41586-025-09875-2,Labio-Scrotal Swelling,135
Mesen_CorpusSpongiosumFib_Fetal,celltype_Lorenzi2025,10.1038/s41586-025-09875-2,Glans,75
Mesen_CorpusSpongiosumFib_Fetal,celltype_Lorenzi2025,10.1038/s41586-025-09875-2,Urogenital Sinus Lig,64
Mesen_CorpusSpongiosumFib_Fetal,celltype_Lorenzi2025,10.1038/s41586-025-09875-2,Upper Vagina Mese,23
Mesen_CorpusSpongiosumFib_Fetal,celltype_Lorenzi2025,10.1038/s41586-025-09875-2,Upper Urogenital Sinus Mese,16
Mesen_CorpusSpongiosumFib_Fetal,celltype_Lorenzi2025,10.1038/s41586-025-09875-2,Perivascular,10
Mesen_CorpusSpongiosumFib_Fetal,celltype_Lorenzi2025,10.1038/s41586-025-09875-2,Urogenital Sinus SmMu,9
Mesen_CorpusSpongiosumFib_Fetal,celltype_Lorenzi2025,10.1038/s41586-025-09875-2,Preputial Lamina Epi,6
Mesen_CorpusSpongiosumFib_Fetal,celltype_Lorenzi2025,10.1038/s41586-025-09875-2,Pre-Perivascular,5
Mesen_CorpusSpongiosumFib_Fetal,celltype_Lorenzi2025,10.1038/s41586-025-09875-2,Schwann,3
Mesen_CorpusSpongiosumFib_Fetal,celltype_Lorenzi2025,10.1038/s41586-025-09875-2,Epoophron Mese,2
Mesen_CorpusSpongiosumFib_Fetal,celltype_Lorenzi2025,10.1038/s41586-025-09875-2,Fallopian Mese,2
Mesen_CorpusSpongiosumFib_Fetal,celltype_Lorenzi2025,10.1038/s41586-025-09875-2,Fallopian Epi,1
Mesen_CorpusSpongiosumFib_Fetal,celltype_Lorenzi2025,10.1038/s41586-025-09875-2,Lower Vagina Epi,1
Mesen_CorpusSpongiosumFib_Fetal,celltype_Lorenzi2025,10.1038/s41586-025-09875-2,Lower Vagina SmMu,1
Mesen_CorpusSpongiosumFib_Fetal,celltype_Lorenzi2025,10.1038/s41586-025-09875-2,Uterus SmMu,1
Mesen_CorpusSpongiosumFib_Fetal,celltype_Lorenzi2025,10.1038/s41586-025-09875-2,Wolffian/Mesonephros Mese,1
Mesen_EndoGlandBas,celltype_GarciaAlonso2021,10.1038/s41588-021-00972-2,dS,1
Mesen_EndoGlandBas,celltype_HECA,"10.1038/s41588-024-01873-w (HECA/Marečková 2024, tentative)",dStromal_mid,1
Mesen_EndoGlandBas,celltype_HECA,"10.1038/s41588-024-01873-w (HECA/Marečková 2024, tentative)",eStromal,1
Mesen_EndoGlandBas,celltype_Ulrich2024,10.1073/pnas.2404775121,dS2,483
Mesen_EndoGlandBas,celltype_Ulrich2024,10.1073/pnas.2404775121,PV-MYH11_CDKN1A+,16
Mesen_EndoGlandBas,celltype_Ulrich2024,10.1073/pnas.2404775121,dS3,14
Mesen_EndoGlandBas,celltype_Ulrich2024,10.1073/pnas.2404775121,dS1,3
Mesen_EndoGlandBas,celltype_Ulrich2024,10.1073/pnas.2404775121,eS-proliferative,2
Mesen_EndoStromalFib_Menopause,celltype_GarciaAlonso2021,10.1038/s41588-021-00972-2,dS,24
Mesen_EndoStromalFib_Menopause,celltype_GarciaAlonso2021,10.1038/s41588-021-00972-2,uSMC,10
Mesen_EndoStromalFib_Menopause,celltype_GarciaAlonso2021,10.1038/s41588-021-00972-2,eS,9
Mesen_EndoStromalFib_Menopause,celltype_GarciaAlonso2021,10.1038/s41588-021-00972-2,Fibroblast C7,5
Mesen_EndoStromalFib_Menopause,celltype_GarciaAlonso2021,10.1038/s41588-021-00972-2,PV STEAP4,4
Mesen_EndoStromalFib_Menopause,celltype_HECA,"10.1038/s41588-024-01873-w (HECA/Marečková 2024, tentative)",eStromal,24
Mesen_EndoStromalFib_Menopause,celltype_HECA,"10.1038/s41588-024-01873-w (HECA/Marečková 2024, tentative)",dStromal_mid,18
Mesen_EndoStromalFib_Menopause,celltype_HECA,"10.1038/s41588-024-01873-w (HECA/Marečková 2024, tentative)",uSMCs,9
Mesen_EndoStromalFib_Menopause,celltype_HECA,"10.1038/s41588-024-01873-w (HECA/Marečková 2024, tentative)",HOXA13,5
Mesen_EndoStromalFib_Menopause,celltype_HECA,"10.1038/s41588-024-01873-w (HECA/Marečková 2024, tentative)",ePV_2,4
Mesen_EndoStromalFib_Menopause,celltype_Ulrich2024,10.1073/pnas.2404775121,dS2,68
Mesen_EndoStromalFib_Menopause,celltype_Ulrich2024,10.1073/pnas.2404775121,dS3,14
Mesen_EndoStromalFib_Menopause,celltype_Ulrich2024,10.1073/pnas.2404775121,C7-Fibroblast,11
Mesen_EndoStromalFib_Menopause,celltype_Ulrich2024,10.1073/pnas.2404775121,PV-MYH11_CDKN1A+,5
Mesen_EndoStromalFib_Menopause,celltype_Ulrich2024,10.1073/pnas.2404775121,PV-STEAP4,4
Mesen_EndoStromalFib_Menopause,celltype_Ulrich2024,10.1073/pnas.2404775121,dS1,3
Mesen_EndoStromalFib_Menopause,celltype_Ulrich2024,10.1073/pnas.2404775121,uSMC,3
Mesen_EndoStromalFib_Menopause,celltype_Ulrich2024,10.1073/pnas.2404775121,Tissue-resident-vascular-progenitor,2
Mesen_EndoStromalFib_Menopause,celltype_Ulrich2024,10.1073/pnas.2404775121,Gland-sec-progenitor-B,1
Mesen_EndoStromalFib_Menopause,celltype_Ulrich2024,10.1073/pnas.2404775121,eS-proliferative,1
Mesen_EndoStromalFib_MenstrualEutopic,celltype_GarciaAlonso2021,10.1038/s41588-021-00972-2,dS,2
Mesen_EndoStromalFib_MenstrualEutopic,celltype_GarciaAlonso2021,10.1038/s41588-021-00972-2,PV STEAP4,1
Mesen_EndoStromalFib_MenstrualEutopic,celltype_GarciaAlonso2021,10.1038/s41588-021-00972-2,eS,1
Mesen_EndoStromalFib_MenstrualEutopic,celltype_GarciaAlonso2021,10.1038/s41588-021-00972-2,uSMC,1
Mesen_EndoStromalFib_MenstrualEutopic,celltype_HECA,"10.1038/s41588-024-01873-w (HECA/Marečková 2024, tentative)",eStromal_MMPs,7
Mesen_EndoStromalFib_MenstrualEutopic,celltype_HECA,"10.1038/s41588-024-01873-w (HECA/Marečková 2024, tentative)",eStromal,2
Mesen_EndoStromalFib_MenstrualEutopic,celltype_HECA,"10.1038/s41588-024-01873-w (HECA/Marečková 2024, tentative)",dStromal_late,1
Mesen_EndoStromalFib_MenstrualEutopic,celltype_HECA,"10.1038/s41588-024-01873-w (HECA/Marečková 2024, tentative)",ePV_2,1
Mesen_EndoStromalFib_MenstrualEutopic,celltype_Ulrich2024,10.1073/pnas.2404775121,dS3,39
Mesen_EndoStromalFib_MenstrualEutopic,celltype_Ulrich2024,10.1073/pnas.2404775121,dS1,11
Mesen_EndoStromalFib_MenstrualEutopic,celltype_Ulrich2024,10.1073/pnas.2404775121,dS2,10
Mesen_EndoStromalFib_MenstrualEutopic,celltype_Ulrich2024,10.1073/pnas.2404775121,RUNX3+_Fibroblast,1
Mesen_EndoStromalFib_MenstrualEutopic,celltype_Ulrich2024,10.1073/pnas.2404775121,uSMC,1
Mesen_EndoStromalFib_MenstrualFluid,celltype_GarciaAlonso2021,10.1038/s41588-021-00972-2,dS,16
Mesen_EndoStromalFib_MenstrualFluid,celltype_HECA,"10.1038/s41588-024-01873-w (HECA/Marečková 2024, tentative)",dStromal_mid,6
Mesen_EndoStromalFib_MenstrualFluid,celltype_HECA,"10.1038/s41588-024-01873-w (HECA/Marečková 2024, tentative)",dStromal_late,4
Mesen_EndoStromalFib_MenstrualFluid,celltype_HECA,"10.1038/s41588-024-01873-w (HECA/Marečková 2024, tentative)",eStromal,3
Mesen_EndoStromalFib_MenstrualFluid,celltype_HECA,"10.1038/s41588-024-01873-w (HECA/Marečková 2024, tentative)",dStromal_early,2
Mesen_EndoStromalFib_MenstrualFluid,celltype_Ulrich2024,10.1073/pnas.2404775121,dS2,21
Mesen_EndoStromalFib_MenstrualFluid,celltype_Ulrich2024,10.1073/pnas.2404775121,dS3,5
Mesen_EndoStromalFib_MenstrualFluid,celltype_Ulrich2024,10.1073/pnas.2404775121,dS1,4
Mesen_EndoStromalFib_MenstrualFluid,celltype_Ulrich2024,10.1073/pnas.2404775121,Gland-sec-progenitor-A,1
Mesen_EndoStromalFib_MenstrualFluid,celltype_Ulrich2024,10.1073/pnas.2404775121,MUC16+_Gland_sec,1
Mesen_EndoStromalFib_MenstrualFluid,celltype_Ulrich2024,10.1073/pnas.2404775121,PV-MYH11_CDKN1A+,1
Mesen_EndoStromalFib_Prolif,celltype_GarciaAlonso2021,10.1038/s41588-021-00972-2,eS,8833
Mesen_EndoStromalFib_Prolif,celltype_GarciaAlonso2021,10.1038/s41588-021-00972-2,dS,1324
Mesen_EndoStromalFib_Prolif,celltype_GarciaAlonso2021,10.1038/s41588-021-00972-2,PV STEAP4,40
Mesen_EndoStromalFib_Prolif,celltype_GarciaAlonso2021,10.1038/s41588-021-00972-2,Fibroblast C7,12
Mesen_EndoStromalFib_Prolif,celltype_GarciaAlonso2021,10.1038/s41588-021-00972-2,Other,11
Mesen_EndoStromalFib_Prolif,celltype_GarciaAlonso2021,10.1038/s41588-021-00972-2,uSMC,10
Mesen_EndoStromalFib_Prolif,celltype_GarciaAlonso2021,10.1038/s41588-021-00972-2,Myeloid,4
Mesen_EndoStromalFib_Prolif,celltype_GarciaAlonso2021,10.1038/s41588-021-00972-2,Endothelial ACKR1,3
Mesen_EndoStromalFib_Prolif,celltype_GarciaAlonso2021,10.1038/s41588-021-00972-2,Lumenal,2
Mesen_EndoStromalFib_Prolif,celltype_GarciaAlonso2021,10.1038/s41588-021-00972-2,Glandular,1
Mesen_EndoStromalFib_Prolif,celltype_GarciaAlonso2021,10.1038/s41588-021-00972-2,Lymphoid,1
Mesen_EndoStromalFib_Prolif,celltype_HECA,"10.1038/s41588-024-01873-w (HECA/Marečková 2024, tentative)",eStromal,29105
Mesen_EndoStromalFib_Prolif,celltype_HECA,"10.1038/s41588-024-01873-w (HECA/Marečková 2024, tentative)",dStromal_early,1351
Mesen_EndoStromalFib_Prolif,celltype_HECA,"10.1038/s41588-024-01873-w (HECA/Marečková 2024, tentative)",dStromal_mid,637
Mesen_EndoStromalFib_Prolif,celltype_HECA,"10.1038/s41588-024-01873-w (HECA/Marečková 2024, tentative)",HOXA13,189
Mesen_EndoStromalFib_Prolif,celltype_HECA,"10.1038/s41588-024-01873-w (HECA/Marečková 2024, tentative)",eStromal_cycling,160
Mesen_EndoStromalFib_Prolif,celltype_HECA,"10.1038/s41588-024-01873-w (HECA/Marečková 2024, tentative)",sHormones,144
Mesen_EndoStromalFib_Prolif,celltype_HECA,"10.1038/s41588-024-01873-w (HECA/Marečková 2024, tentative)",ePV_2,97
Mesen_EndoStromalFib_Prolif,celltype_HECA,"10.1038/s41588-024-01873-w (HECA/Marečková 2024, tentative)",dStromal_late,80
Mesen_EndoStromalFib_Prolif,celltype_HECA,"10.1038/s41588-024-01873-w (HECA/Marečková 2024, tentative)",eStromal_MMPs,58
Mesen_EndoStromalFib_Prolif,celltype_HECA,"10.1038/s41588-024-01873-w (HECA/Marečková 2024, tentative)",Immune_Myeloid,24
Mesen_EndoStromalFib_Prolif,celltype_HECA,"10.1038/s41588-024-01873-w (HECA/Marečková 2024, tentative)",ePV_1b,2
Mesen_EndoStromalFib_Prolif,celltype_HECA,"10.1038/s41588-024-01873-w (HECA/Marečková 2024, tentative)",uSMCs,2
Mesen_EndoStromalFib_Prolif,celltype_HECA,"10.1038/s41588-024-01873-w (HECA/Marečková 2024, tentative)",Fibroblast_basalis,1
Mesen_EndoStromalFib_Prolif,celltype_HECA,"10.1038/s41588-024-01873-w (HECA/Marečková 2024, tentative)",Immune_Lymphoid,1
Mesen_EndoStromalFib_Prolif,celltype_HECA,"10.1038/s41588-024-01873-w (HECA/Marečková 2024, tentative)",SOX9_luminal,1
Mesen_EndoStromalFib_Prolif,celltype_HECA,"10.1038/s41588-024-01873-w (HECA/Marečková 2024, tentative)",eHormones,1
Mesen_EndoStromalFib_Prolif,celltype_Ulrich2024,10.1073/pnas.2404775121,dS3,7295
Mesen_EndoStromalFib_Prolif,celltype_Ulrich2024,10.1073/pnas.2404775121,dS2,5405
Mesen_EndoStromalFib_Prolif,celltype_Ulrich2024,10.1073/pnas.2404775121,uSMC,165
Mesen_EndoStromalFib_Prolif,celltype_Ulrich2024,10.1073/pnas.2404775121,dS1,153
Mesen_EndoStromalFib_Prolif,celltype_Ulrich2024,10.1073/pnas.2404775121,C7-Fibroblast,52
Mesen_EndoStromalFib_Prolif,celltype_Ulrich2024,10.1073/pnas.2404775121,PV-MYH11_CDKN1A+,49
Mesen_EndoStromalFib_Prolif,celltype_Ulrich2024,10.1073/pnas.2404775121,eS-proliferative,40
Mesen_EndoStromalFib_Prolif,celltype_Ulrich2024,10.1073/pnas.2404775121,Myoepithelial,20
Mesen_EndoStromalFib_Prolif,celltype_Ulrich2024,10.1073/pnas.2404775121,Tissue-resident-vascular-progenitor,10
Mesen_EndoStromalFib_Prolif,celltype_Ulrich2024,10.1073/pnas.2404775121,PV-STEAP4,6
Mesen_EndoStromalFib_Prolif,celltype_Ulrich2024,10.1073/pnas.2404775121,MUC16+_Gland_sec,4
Mesen_EndoStromalFib_Prolif,celltype_Ulrich2024,10.1073/pnas.2404775121,Gland-sec-progenitor-A,3
Mesen_EndoStromalFib_Prolif,celltype_Ulrich2024,10.1073/pnas.2404775121,HMGB2-Prolif,3
Mesen_EndoStromalFib_Prolif,celltype_Ulrich2024,10.1073/pnas.2404775121,Artery,1
Mesen_EndoStromalFib_Prolif,celltype_Ulrich2024,10.1073/pnas.2404775121,Fibrocytes,1
Mesen_EndoStromalFib_Prolif,celltype_Ulrich2024,10.1073/pnas.2404775121,Lumenal,1
Mesen_EndoStromalFib_Prolif,celltype_Ulrich2024,10.1073/pnas.2404775121,RUNX3+_Fibroblast,1
Mesen_EndoStromalFib_Prolif,celltype_Ulrich2024,10.1073/pnas.2404775121,Sox9-Glandular,1
Mesen_EndoStromalFib_Prolif_Cyc,celltype_GarciaAlonso2021,10.1038/s41588-021-00972-2,eS,1773
Mesen_EndoStromalFib_Prolif_Cyc,celltype_GarciaAlonso2021,10.1038/s41588-021-00972-2,Other,121
Mesen_EndoStromalFib_Prolif_Cyc,celltype_GarciaAlonso2021,10.1038/s41588-021-00972-2,dS,53
Mesen_EndoStromalFib_Prolif_Cyc,celltype_GarciaAlonso2021,10.1038/s41588-021-00972-2,PV STEAP4,19
Mesen_EndoStromalFib_Prolif_Cyc,celltype_GarciaAlonso2021,10.1038/s41588-021-00972-2,Lymphoid,3
Mesen_EndoStromalFib_Prolif_Cyc,celltype_GarciaAlonso2021,10.1038/s41588-021-00972-2,SOX9,1
Mesen_EndoStromalFib_Prolif_Cyc,celltype_GarciaAlonso2021,10.1038/s41588-021-00972-2,uSMC,1
Mesen_EndoStromalFib_Prolif_Cyc,celltype_HECA,"10.1038/s41588-024-01873-w (HECA/Marečková 2024, tentative)",eStromal_cycling,3841
Mesen_EndoStromalFib_Prolif_Cyc,celltype_HECA,"10.1038/s41588-024-01873-w (HECA/Marečková 2024, tentative)",eStromal,2073
Mesen_EndoStromalFib_Prolif_Cyc,celltype_HECA,"10.1038/s41588-024-01873-w (HECA/Marečková 2024, tentative)",ePV_2,40
Mesen_EndoStromalFib_Prolif_Cyc,celltype_HECA,"10.1038/s41588-024-01873-w (HECA/Marečková 2024, tentative)",dStromal_mid,30
Mesen_EndoStromalFib_Prolif_Cyc,celltype_HECA,"10.1038/s41588-024-01873-w (HECA/Marečková 2024, tentative)",dStromal_early,25
Mesen_EndoStromalFib_Prolif_Cyc,celltype_HECA,"10.1038/s41588-024-01873-w (HECA/Marečková 2024, tentative)",ePV_1b,9
Mesen_EndoStromalFib_Prolif_Cyc,celltype_HECA,"10.1038/s41588-024-01873-w (HECA/Marečková 2024, tentative)",dStromal_late,4
Mesen_EndoStromalFib_Prolif_Cyc,celltype_HECA,"10.1038/s41588-024-01873-w (HECA/Marečková 2024, tentative)",Immune_Myeloid,3
Mesen_EndoStromalFib_Prolif_Cyc,celltype_HECA,"10.1038/s41588-024-01873-w (HECA/Marečková 2024, tentative)",sHormones,2
Mesen_EndoStromalFib_Prolif_Cyc,celltype_HECA,"10.1038/s41588-024-01873-w (HECA/Marečková 2024, tentative)",uSMCs,2
Mesen_EndoStromalFib_Prolif_Cyc,celltype_HECA,"10.1038/s41588-024-01873-w (HECA/Marečková 2024, tentative)",eStromal_MMPs,1
Mesen_EndoStromalFib_Prolif_Cyc,celltype_Ulrich2024,10.1073/pnas.2404775121,eS-proliferative,1178
Mesen_EndoStromalFib_Prolif_Cyc,celltype_Ulrich2024,10.1073/pnas.2404775121,dS3,416
Mesen_EndoStromalFib_Prolif_Cyc,celltype_Ulrich2024,10.1073/pnas.2404775121,dS2,341
Mesen_EndoStromalFib_Prolif_Cyc,celltype_Ulrich2024,10.1073/pnas.2404775121,PV-MYH11_CDKN1A+,137
Mesen_EndoStromalFib_Prolif_Cyc,celltype_Ulrich2024,10.1073/pnas.2404775121,uSMC,49
Mesen_EndoStromalFib_Prolif_Cyc,celltype_Ulrich2024,10.1073/pnas.2404775121,dS1,7
Mesen_EndoStromalFib_Prolif_Cyc,celltype_Ulrich2024,10.1073/pnas.2404775121,Tissue-resident-vascular-progenitor,2
Mesen_EndoStromalFib_Prolif_Cyc,celltype_Ulrich2024,10.1073/pnas.2404775121,PV-STEAP4,1
Mesen_EndoStromalFib_eSec,celltype_GarciaAlonso2021,10.1038/s41588-021-00972-2,dS,1891
Mesen_EndoStromalFib_eSec,celltype_GarciaAlonso2021,10.1038/s41588-021-00972-2,eS,200
Mesen_EndoStromalFib_eSec,celltype_GarciaAlonso2021,10.1038/s41588-021-00972-2,PV STEAP4,5
Mesen_EndoStromalFib_eSec,celltype_GarciaAlonso2021,10.1038/s41588-021-00972-2,Fibroblast C7,4
Mesen_EndoStromalFib_eSec,celltype_GarciaAlonso2021,10.1038/s41588-021-00972-2,Lymphoid,1
Mesen_EndoStromalFib_eSec,celltype_GarciaAlonso2021,10.1038/s41588-021-00972-2,Myeloid,1
Mesen_EndoStromalFib_eSec,celltype_GarciaAlonso2021,10.1038/s41588-021-00972-2,uSMC,1
Mesen_EndoStromalFib_eSec,celltype_HECA,"10.1038/s41588-024-01873-w (HECA/Marečková 2024, tentative)",dStromal_early,2735
Mesen_EndoStromalFib_eSec,celltype_HECA,"10.1038/s41588-024-01873-w (HECA/Marečková 2024, tentative)",eStromal,1529
Mesen_EndoStromalFib_eSec,celltype_HECA,"10.1038/s41588-024-01873-w (HECA/Marečková 2024, tentative)",dStromal_mid,915
Mesen_EndoStromalFib_eSec,celltype_HECA,"10.1038/s41588-024-01873-w (HECA/Marečková 2024, tentative)",dStromal_late,21
Mesen_EndoStromalFib_eSec,celltype_HECA,"10.1038/s41588-024-01873-w (HECA/Marečková 2024, tentative)",sHormones,14
Mesen_EndoStromalFib_eSec,celltype_HECA,"10.1038/s41588-024-01873-w (HECA/Marečková 2024, tentative)",ePV_2,8
Mesen_EndoStromalFib_eSec,celltype_HECA,"10.1038/s41588-024-01873-w (HECA/Marečková 2024, tentative)",eStromal_cycling,3
Mesen_EndoStromalFib_eSec,celltype_HECA,"10.1038/s41588-024-01873-w (HECA/Marečková 2024, tentative)",Immune_Myeloid,2
Mesen_EndoStromalFib_eSec,celltype_HECA,"10.1038/s41588-024-01873-w (HECA/Marečková 2024, tentative)",Fibroblast_basalis,1
Mesen_EndoStromalFib_eSec,celltype_HECA,"10.1038/s41588-024-01873-w (HECA/Marečková 2024, tentative)",Immune_Lymphoid,1
Mesen_EndoStromalFib_eSec,celltype_Ulrich2024,10.1073/pnas.2404775121,dS2,1462
Mesen_EndoStromalFib_eSec,celltype_Ulrich2024,10.1073/pnas.2404775121,dS3,1328
Mesen_EndoStromalFib_eSec,celltype_Ulrich2024,10.1073/pnas.2404775121,uSMC,166
Mesen_EndoStromalFib_eSec,celltype_Ulrich2024,10.1073/pnas.2404775121,dS1,86
Mesen_EndoStromalFib_eSec,celltype_Ulrich2024,10.1073/pnas.2404775121,PV-MYH11_CDKN1A+,24
Mesen_EndoStromalFib_eSec,celltype_Ulrich2024,10.1073/pnas.2404775121,eS-proliferative,16
Mesen_EndoStromalFib_eSec,celltype_Ulrich2024,10.1073/pnas.2404775121,C7-Fibroblast,10
Mesen_EndoStromalFib_eSec,celltype_Ulrich2024,10.1073/pnas.2404775121,Tissue-resident-vascular-progenitor,4
Mesen_EndoStromalFib_eSec,celltype_Ulrich2024,10.1073/pnas.2404775121,Myoepithelial,1
Mesen_EndoStromalFib_lSec,celltype_GarciaAlonso2021,10.1038/s41588-021-00972-2,dS,3280
Mesen_EndoStromalFib_lSec,celltype_GarciaAlonso2021,10.1038/s41588-021-00972-2,eS,117
Mesen_EndoStromalFib_lSec,celltype_GarciaAlonso2021,10.1038/s41588-021-00972-2,uSMC,111
Mesen_EndoStromalFib_lSec,celltype_GarciaAlonso2021,10.1038/s41588-021-00972-2,PV STEAP4,10
Mesen_EndoStromalFib_lSec,celltype_GarciaAlonso2021,10.1038/s41588-021-00972-2,Fibroblast C7,6
Mesen_EndoStromalFib_lSec,celltype_GarciaAlonso2021,10.1038/s41588-021-00972-2,Other,5
Mesen_EndoStromalFib_lSec,celltype_GarciaAlonso2021,10.1038/s41588-021-00972-2,Lymphoid,2
Mesen_EndoStromalFib_lSec,celltype_GarciaAlonso2021,10.1038/s41588-021-00972-2,Ciliated,1
Mesen_EndoStromalFib_lSec,celltype_HECA,"10.1038/s41588-024-01873-w (HECA/Marečková 2024, tentative)",dStromal_mid,4724
Mesen_EndoStromalFib_lSec,celltype_HECA,"10.1038/s41588-024-01873-w (HECA/Marečková 2024, tentative)",dStromal_late,1471
Mesen_EndoStromalFib_lSec,celltype_HECA,"10.1038/s41588-024-01873-w (HECA/Marečková 2024, tentative)",eStromal,221
Mesen_EndoStromalFib_lSec,celltype_HECA,"10.1038/s41588-024-01873-w (HECA/Marečková 2024, tentative)",dStromal_early,103
Mesen_EndoStromalFib_lSec,celltype_HECA,"10.1038/s41588-024-01873-w (HECA/Marečková 2024, tentative)",eStromal_cycling,14
Mesen_EndoStromalFib_lSec,celltype_HECA,"10.1038/s41588-024-01873-w (HECA/Marečková 2024, tentative)",sHormones,13
Mesen_EndoStromalFib_lSec,celltype_HECA,"10.1038/s41588-024-01873-w (HECA/Marečková 2024, tentative)",ePV_2,7
Mesen_EndoStromalFib_lSec,celltype_HECA,"10.1038/s41588-024-01873-w (HECA/Marečková 2024, tentative)",HOXA13,2
Mesen_EndoStromalFib_lSec,celltype_HECA,"10.1038/s41588-024-01873-w (HECA/Marečková 2024, tentative)",Immune_Myeloid,2
Mesen_EndoStromalFib_lSec,celltype_HECA,"10.1038/s41588-024-01873-w (HECA/Marečková 2024, tentative)",ePV_1b,2
Mesen_EndoStromalFib_lSec,celltype_HECA,"10.1038/s41588-024-01873-w (HECA/Marečková 2024, tentative)",eStromal_MMPs,2
Mesen_EndoStromalFib_lSec,celltype_HECA,"10.1038/s41588-024-01873-w (HECA/Marečková 2024, tentative)",uSMCs,2
Mesen_EndoStromalFib_lSec,celltype_HECA,"10.1038/s41588-024-01873-w (HECA/Marečková 2024, tentative)",Fibroblast_basalis,1
Mesen_EndoStromalFib_lSec,celltype_HECA,"10.1038/s41588-024-01873-w (HECA/Marečková 2024, tentative)",ePV_1a,1
Mesen_EndoStromalFib_lSec,celltype_Ulrich2024,10.1073/pnas.2404775121,dS2,2763
Mesen_EndoStromalFib_lSec,celltype_Ulrich2024,10.1073/pnas.2404775121,uSMC,832
Mesen_EndoStromalFib_lSec,celltype_Ulrich2024,10.1073/pnas.2404775121,dS3,607
Mesen_EndoStromalFib_lSec,celltype_Ulrich2024,10.1073/pnas.2404775121,dS1,508
Mesen_EndoStromalFib_lSec,celltype_Ulrich2024,10.1073/pnas.2404775121,PV-MYH11_CDKN1A+,65
Mesen_EndoStromalFib_lSec,celltype_Ulrich2024,10.1073/pnas.2404775121,C7-Fibroblast,19
Mesen_EndoStromalFib_lSec,celltype_Ulrich2024,10.1073/pnas.2404775121,PV-STEAP4,17
Mesen_EndoStromalFib_lSec,celltype_Ulrich2024,10.1073/pnas.2404775121,Tissue-resident-vascular-progenitor,15
Mesen_EndoStromalFib_lSec,celltype_Ulrich2024,10.1073/pnas.2404775121,eS-proliferative,15
Mesen_EndoStromalFib_lSec,celltype_Ulrich2024,10.1073/pnas.2404775121,Myoepithelial,2
Mesen_EndoStromalFib_lSec,celltype_Ulrich2024,10.1073/pnas.2404775121,EndoMT,1
Mesen_EndoStromalFib_lSec,celltype_Ulrich2024,10.1073/pnas.2404775121,Fibrocytes,1
Mesen_EndoStromalFib_lSec,celltype_Ulrich2024,10.1073/pnas.2404775121,RUNX3+_Fibroblast,1
Mesen_EndoStromalFib_mSec,celltype_GarciaAlonso2021,10.1038/s41588-021-00972-2,dS,6820
Mesen_EndoStromalFib_mSec,celltype_GarciaAlonso2021,10.1038/s41588-021-00972-2,eS,907
Mesen_EndoStromalFib_mSec,celltype_GarciaAlonso2021,10.1038/s41588-021-00972-2,PV STEAP4,60
Mesen_EndoStromalFib_mSec,celltype_GarciaAlonso2021,10.1038/s41588-021-00972-2,Fibroblast C7,34
Mesen_EndoStromalFib_mSec,celltype_GarciaAlonso2021,10.1038/s41588-021-00972-2,Other,26
Mesen_EndoStromalFib_mSec,celltype_GarciaAlonso2021,10.1038/s41588-021-00972-2,uSMC,12
Mesen_EndoStromalFib_mSec,celltype_GarciaAlonso2021,10.1038/s41588-021-00972-2,Lymphoid,3
Mesen_EndoStromalFib_mSec,celltype_GarciaAlonso2021,10.1038/s41588-021-00972-2,Endothelial ACKR1,2
Mesen_EndoStromalFib_mSec,celltype_GarciaAlonso2021,10.1038/s41588-021-00972-2,Glandular,1
Mesen_EndoStromalFib_mSec,celltype_GarciaAlonso2021,10.1038/s41588-021-00972-2,Lumenal,1
Mesen_EndoStromalFib_mSec,celltype_HECA,"10.1038/s41588-024-01873-w (HECA/Marečková 2024, tentative)",dStromal_mid,6954
Mesen_EndoStromalFib_mSec,celltype_HECA,"10.1038/s41588-024-01873-w (HECA/Marečková 2024, tentative)",dStromal_early,806
Mesen_EndoStromalFib_mSec,celltype_HECA,"10.1038/s41588-024-01873-w (HECA/Marečková 2024, tentative)",eStromal,737
Mesen_EndoStromalFib_mSec,celltype_HECA,"10.1038/s41588-024-01873-w (HECA/Marečková 2024, tentative)",dStromal_late,186
Mesen_EndoStromalFib_mSec,celltype_HECA,"10.1038/s41588-024-01873-w (HECA/Marečková 2024, tentative)",sHormones,34
Mesen_EndoStromalFib_mSec,celltype_HECA,"10.1038/s41588-024-01873-w (HECA/Marečková 2024, tentative)",ePV_2,22
Mesen_EndoStromalFib_mSec,celltype_HECA,"10.1038/s41588-024-01873-w (HECA/Marečková 2024, tentative)",eStromal_MMPs,20
Mesen_EndoStromalFib_mSec,celltype_HECA,"10.1038/s41588-024-01873-w (HECA/Marečková 2024, tentative)",Immune_Myeloid,9
Mesen_EndoStromalFib_mSec,celltype_HECA,"10.1038/s41588-024-01873-w (HECA/Marečková 2024, tentative)",eStromal_cycling,5
Mesen_EndoStromalFib_mSec,celltype_HECA,"10.1038/s41588-024-01873-w (HECA/Marečková 2024, tentative)",uSMCs,4
Mesen_EndoStromalFib_mSec,celltype_HECA,"10.1038/s41588-024-01873-w (HECA/Marečková 2024, tentative)",HOXA13,3
Mesen_EndoStromalFib_mSec,celltype_HECA,"10.1038/s41588-024-01873-w (HECA/Marečková 2024, tentative)",mPV,3
Mesen_EndoStromalFib_mSec,celltype_HECA,"10.1038/s41588-024-01873-w (HECA/Marečková 2024, tentative)",Fibroblast_basalis,2
Mesen_EndoStromalFib_mSec,celltype_HECA,"10.1038/s41588-024-01873-w (HECA/Marečková 2024, tentative)",ePV_1b,2
Mesen_EndoStromalFib_mSec,celltype_Ulrich2024,10.1073/pnas.2404775121,dS2,4575
Mesen_EndoStromalFib_mSec,celltype_Ulrich2024,10.1073/pnas.2404775121,dS3,2790
Mesen_EndoStromalFib_mSec,celltype_Ulrich2024,10.1073/pnas.2404775121,dS1,1214
Mesen_EndoStromalFib_mSec,celltype_Ulrich2024,10.1073/pnas.2404775121,uSMC,436
Mesen_EndoStromalFib_mSec,celltype_Ulrich2024,10.1073/pnas.2404775121,C7-Fibroblast,106
Mesen_EndoStromalFib_mSec,celltype_Ulrich2024,10.1073/pnas.2404775121,PV-MYH11_CDKN1A+,104
Mesen_EndoStromalFib_mSec,celltype_Ulrich2024,10.1073/pnas.2404775121,PV-STEAP4,24
Mesen_EndoStromalFib_mSec,celltype_Ulrich2024,10.1073/pnas.2404775121,Tissue-resident-vascular-progenitor,23
Mesen_EndoStromalFib_mSec,celltype_Ulrich2024,10.1073/pnas.2404775121,eS-proliferative,23
Mesen_EndoStromalFib_mSec,celltype_Ulrich2024,10.1073/pnas.2404775121,EndoMT,5
Mesen_EndoStromalFib_mSec,celltype_Ulrich2024,10.1073/pnas.2404775121,Myoepithelial,5
Mesen_EndoStromalFib_mSec,celltype_Ulrich2024,10.1073/pnas.2404775121,Fibrocytes,3
Mesen_EndoStromalFib_mSec,celltype_Ulrich2024,10.1073/pnas.2404775121,PV-MYH11_CDKN1A-,2
Mesen_EndoStromalFib_mSec,celltype_Ulrich2024,10.1073/pnas.2404775121,Hematopoietic-progenitor,1
Mesen_EndoStromalFib_mSec,celltype_Ulrich2024,10.1073/pnas.2404775121,MUC16+_Gland_sec,1
Mesen_EndoStromalFib_mSec,celltype_Ulrich2024,10.1073/pnas.2404775121,RUNX3+_Fibroblast,1
Mesen_EndoStromalFib_nEMC,celltype_GarciaAlonso2021,10.1038/s41588-021-00972-2,dS,471
Mesen_EndoStromalFib_nEMC,celltype_GarciaAlonso2021,10.1038/s41588-021-00972-2,eS,129
Mesen_EndoStromalFib_nEMC,celltype_GarciaAlonso2021,10.1038/s41588-021-00972-2,Other,15
Mesen_EndoStromalFib_nEMC,celltype_GarciaAlonso2021,10.1038/s41588-021-00972-2,uSMC,14
Mesen_EndoStromalFib_nEMC,celltype_GarciaAlonso2021,10.1038/s41588-021-00972-2,PV STEAP4,3
Mesen_EndoStromalFib_nEMC,celltype_GarciaAlonso2021,10.1038/s41588-021-00972-2,Fibroblast C7,2
Mesen_EndoStromalFib_nEMC,celltype_GarciaAlonso2021,10.1038/s41588-021-00972-2,Lymphoid,1
Mesen_EndoStromalFib_nEMC,celltype_GarciaAlonso2021,10.1038/s41588-021-00972-2,Myeloid,1
Mesen_EndoStromalFib_nEMC,celltype_HECA,"10.1038/s41588-024-01873-w (HECA/Marečková 2024, tentative)",dStromal_mid,330
Mesen_EndoStromalFib_nEMC,celltype_HECA,"10.1038/s41588-024-01873-w (HECA/Marečková 2024, tentative)",eStromal,269
Mesen_EndoStromalFib_nEMC,celltype_HECA,"10.1038/s41588-024-01873-w (HECA/Marečková 2024, tentative)",dStromal_late,165
Mesen_EndoStromalFib_nEMC,celltype_HECA,"10.1038/s41588-024-01873-w (HECA/Marečková 2024, tentative)",eStromal_MMPs,80
Mesen_EndoStromalFib_nEMC,celltype_HECA,"10.1038/s41588-024-01873-w (HECA/Marečková 2024, tentative)",dStromal_early,47
Mesen_EndoStromalFib_nEMC,celltype_HECA,"10.1038/s41588-024-01873-w (HECA/Marečková 2024, tentative)",sHormones,6
Mesen_EndoStromalFib_nEMC,celltype_HECA,"10.1038/s41588-024-01873-w (HECA/Marečková 2024, tentative)",Immune_Myeloid,3
Mesen_EndoStromalFib_nEMC,celltype_HECA,"10.1038/s41588-024-01873-w (HECA/Marečková 2024, tentative)",eStromal_cycling,3
Mesen_EndoStromalFib_nEMC,celltype_HECA,"10.1038/s41588-024-01873-w (HECA/Marečková 2024, tentative)",ePV_2,2
Mesen_EndoStromalFib_nEMC,celltype_HECA,"10.1038/s41588-024-01873-w (HECA/Marečková 2024, tentative)",uSMCs,2
Mesen_EndoStromalFib_nEMC,celltype_HECA,"10.1038/s41588-024-01873-w (HECA/Marečková 2024, tentative)",ePV_1a,1
Mesen_EndoStromalFib_nEMC,celltype_HECA,"10.1038/s41588-024-01873-w (HECA/Marečková 2024, tentative)",ePV_1b,1
Mesen_EndoStromalFib_nEMC,celltype_Ulrich2024,10.1073/pnas.2404775121,dS3,359
Mesen_EndoStromalFib_nEMC,celltype_Ulrich2024,10.1073/pnas.2404775121,dS2,353
Mesen_EndoStromalFib_nEMC,celltype_Ulrich2024,10.1073/pnas.2404775121,uSMC,112
Mesen_EndoStromalFib_nEMC,celltype_Ulrich2024,10.1073/pnas.2404775121,dS1,39
Mesen_EndoStromalFib_nEMC,celltype_Ulrich2024,10.1073/pnas.2404775121,C7-Fibroblast,7
Mesen_EndoStromalFib_nEMC,celltype_Ulrich2024,10.1073/pnas.2404775121,PV-MYH11_CDKN1A+,4
Mesen_EndoStromalFib_nEMC,celltype_Ulrich2024,10.1073/pnas.2404775121,eS-proliferative,3
Mesen_EndoStromalFib_nEMC,celltype_Ulrich2024,10.1073/pnas.2404775121,EndoMT,1
Mesen_EndoStromalFib_nEMC,celltype_Ulrich2024,10.1073/pnas.2404775121,Fibrocytes,1
Mesen_EndoStromalFib_nEMC,celltype_Ulrich2024,10.1073/pnas.2404775121,Myoepithelial,1
Mesen_EndoStromalFib_nEMC,celltype_Ulrich2024,10.1073/pnas.2404775121,PV-MYH11_CDKN1A-,1
Mesen_EndoStromalFib_nEMC,celltype_Ulrich2024,10.1073/pnas.2404775121,PV-STEAP4,1
Mesen_EndoStromalFib_nEMC,celltype_Ulrich2024,10.1073/pnas.2404775121,Tissue-resident-vascular-progenitor,1
Mesen_EndoStromalFib_nEMC_Cyc,celltype_GarciaAlonso2021,10.1038/s41588-021-00972-2,eS,71
Mesen_EndoStromalFib_nEMC_Cyc,celltype_GarciaAlonso2021,10.1038/s41588-021-00972-2,dS,57
Mesen_EndoStromalFib_nEMC_Cyc,celltype_GarciaAlonso2021,10.1038/s41588-021-00972-2,Fibroblast C7,3
Mesen_EndoStromalFib_nEMC_Cyc,celltype_GarciaAlonso2021,10.1038/s41588-021-00972-2,PV STEAP4,2
Mesen_EndoStromalFib_nEMC_Cyc,celltype_GarciaAlonso2021,10.1038/s41588-021-00972-2,uSMC,2
Mesen_EndoStromalFib_nEMC_Cyc,celltype_HECA,"10.1038/s41588-024-01873-w (HECA/Marečková 2024, tentative)",eStromal,371
Mesen_EndoStromalFib_nEMC_Cyc,celltype_HECA,"10.1038/s41588-024-01873-w (HECA/Marečková 2024, tentative)",dStromal_mid,37
Mesen_EndoStromalFib_nEMC_Cyc,celltype_HECA,"10.1038/s41588-024-01873-w (HECA/Marečková 2024, tentative)",dStromal_early,24
Mesen_EndoStromalFib_nEMC_Cyc,celltype_HECA,"10.1038/s41588-024-01873-w (HECA/Marečková 2024, tentative)",sHormones,8
Mesen_EndoStromalFib_nEMC_Cyc,celltype_HECA,"10.1038/s41588-024-01873-w (HECA/Marečková 2024, tentative)",ePV_2,6
Mesen_EndoStromalFib_nEMC_Cyc,celltype_HECA,"10.1038/s41588-024-01873-w (HECA/Marečková 2024, tentative)",eStromal_cycling,5
Mesen_EndoStromalFib_nEMC_Cyc,celltype_HECA,"10.1038/s41588-024-01873-w (HECA/Marečková 2024, tentative)",dStromal_late,4
Mesen_EndoStromalFib_nEMC_Cyc,celltype_HECA,"10.1038/s41588-024-01873-w (HECA/Marečková 2024, tentative)",eStromal_MMPs,2
Mesen_EndoStromalFib_nEMC_Cyc,celltype_HECA,"10.1038/s41588-024-01873-w (HECA/Marečková 2024, tentative)",Fibroblast_basalis,1
Mesen_EndoStromalFib_nEMC_Cyc,celltype_Ulrich2024,10.1073/pnas.2404775121,dS3,116
Mesen_EndoStromalFib_nEMC_Cyc,celltype_Ulrich2024,10.1073/pnas.2404775121,dS2,48
Mesen_EndoStromalFib_nEMC_Cyc,celltype_Ulrich2024,10.1073/pnas.2404775121,uSMC,11
Mesen_EndoStromalFib_nEMC_Cyc,celltype_Ulrich2024,10.1073/pnas.2404775121,C7-Fibroblast,6
Mesen_EndoStromalFib_nEMC_Cyc,celltype_Ulrich2024,10.1073/pnas.2404775121,eS-proliferative,1
Mesen_EndoStromalFib_nEMC_Sec,celltype_GarciaAlonso2021,10.1038/s41588-021-00972-2,dS,6949
Mesen_EndoStromalFib_nEMC_Sec,celltype_GarciaAlonso2021,10.1038/s41588-021-00972-2,eS,453
Mesen_EndoStromalFib_nEMC_Sec,celltype_GarciaAlonso2021,10.1038/s41588-021-00972-2,uSMC,53
Mesen_EndoStromalFib_nEMC_Sec,celltype_GarciaAlonso2021,10.1038/s41588-021-00972-2,Fibroblast C7,12
Mesen_EndoStromalFib_nEMC_Sec,celltype_GarciaAlonso2021,10.1038/s41588-021-00972-2,Lymphoid,12
Mesen_EndoStromalFib_nEMC_Sec,celltype_GarciaAlonso2021,10.1038/s41588-021-00972-2,Other,5
Mesen_EndoStromalFib_nEMC_Sec,celltype_GarciaAlonso2021,10.1038/s41588-021-00972-2,PV STEAP4,3
Mesen_EndoStromalFib_nEMC_Sec,celltype_GarciaAlonso2021,10.1038/s41588-021-00972-2,Myeloid,2
Mesen_EndoStromalFib_nEMC_Sec,celltype_GarciaAlonso2021,10.1038/s41588-021-00972-2,Endothelial ACKR1,1
Mesen_EndoStromalFib_nEMC_Sec,celltype_HECA,"10.1038/s41588-024-01873-w (HECA/Marečková 2024, tentative)",dStromal_mid,7242
Mesen_EndoStromalFib_nEMC_Sec,celltype_HECA,"10.1038/s41588-024-01873-w (HECA/Marečková 2024, tentative)",dStromal_late,463
Mesen_EndoStromalFib_nEMC_Sec,celltype_HECA,"10.1038/s41588-024-01873-w (HECA/Marečková 2024, tentative)",dStromal_early,375
Mesen_EndoStromalFib_nEMC_Sec,celltype_HECA,"10.1038/s41588-024-01873-w (HECA/Marečková 2024, tentative)",eStromal,322
Mesen_EndoStromalFib_nEMC_Sec,celltype_HECA,"10.1038/s41588-024-01873-w (HECA/Marečková 2024, tentative)",sHormones,17
Mesen_EndoStromalFib_nEMC_Sec,celltype_HECA,"10.1038/s41588-024-01873-w (HECA/Marečková 2024, tentative)",eStromal_MMPs,9
Mesen_EndoStromalFib_nEMC_Sec,celltype_HECA,"10.1038/s41588-024-01873-w (HECA/Marečková 2024, tentative)",Immune_Myeloid,6
Mesen_EndoStromalFib_nEMC_Sec,celltype_HECA,"10.1038/s41588-024-01873-w (HECA/Marečková 2024, tentative)",eStromal_cycling,5
Mesen_EndoStromalFib_nEMC_Sec,celltype_HECA,"10.1038/s41588-024-01873-w (HECA/Marečková 2024, tentative)",dHormones,1
Mesen_EndoStromalFib_nEMC_Sec,celltype_HECA,"10.1038/s41588-024-01873-w (HECA/Marečková 2024, tentative)",ePV_1b,1
Mesen_EndoStromalFib_nEMC_Sec,celltype_HECA,"10.1038/s41588-024-01873-w (HECA/Marečková 2024, tentative)",ePV_2,1
Mesen_EndoStromalFib_nEMC_Sec,celltype_Ulrich2024,10.1073/pnas.2404775121,dS2,4660
Mesen_EndoStromalFib_nEMC_Sec,celltype_Ulrich2024,10.1073/pnas.2404775121,dS3,1905
Mesen_EndoStromalFib_nEMC_Sec,celltype_Ulrich2024,10.1073/pnas.2404775121,uSMC,1105
Mesen_EndoStromalFib_nEMC_Sec,celltype_Ulrich2024,10.1073/pnas.2404775121,dS1,540
Mesen_EndoStromalFib_nEMC_Sec,celltype_Ulrich2024,10.1073/pnas.2404775121,PV-MYH11_CDKN1A+,49
Mesen_EndoStromalFib_nEMC_Sec,celltype_Ulrich2024,10.1073/pnas.2404775121,C7-Fibroblast,21
Mesen_EndoStromalFib_nEMC_Sec,celltype_Ulrich2024,10.1073/pnas.2404775121,Tissue-resident-vascular-progenitor,19
Mesen_EndoStromalFib_nEMC_Sec,celltype_Ulrich2024,10.1073/pnas.2404775121,eS-proliferative,6
Mesen_EndoStromalFib_nEMC_Sec,celltype_Ulrich2024,10.1073/pnas.2404775121,PV-STEAP4,2
Mesen_EndoStromalFib_nEMC_Sec,celltype_Ulrich2024,10.1073/pnas.2404775121,EndoMT,1
Mesen_EndoStromalFib_nEMC_Sec,celltype_Ulrich2024,10.1073/pnas.2404775121,Fibrocytes,1
Mesen_EndoStromalFib_nEMC_Sec,celltype_Ulrich2024,10.1073/pnas.2404775121,Myoepithelial,1
Mesen_EpoophronFib_Fetal,celltype_GarciaAlonso2022,10.1038/s41586-022-04918-4,Mesenchymal_GATA2,6189
Mesen_EpoophronFib_Fetal,celltype_GarciaAlonso2022,10.1038/s41586-022-04918-4,Oi,147
Mesen_EpoophronFib_Fetal,celltype_GarciaAlonso2022,10.1038/s41586-022-04918-4,PV,75
Mesen_EpoophronFib_Fetal,celltype_GarciaAlonso2022,10.1038/s41586-022-04918-4,SMCs,9
Mesen_EpoophronFib_Fetal,celltype_GarciaAlonso2022,10.1038/s41586-022-04918-4,preGC_I,3
Mesen_EpoophronFib_Fetal,celltype_GarciaAlonso2022,10.1038/s41586-022-04918-4,Gi,2
Mesen_EpoophronFib_Fetal,celltype_GarciaAlonso2022,10.1038/s41586-022-04918-4,Immune,2
Mesen_EpoophronFib_Fetal,celltype_GarciaAlonso2022,10.1038/s41586-022-04918-4,Epithelial,1
Mesen_EpoophronFib_Fetal,celltype_Lardenois2026,10.1016/j.devcel.2025.09.011,Interstitial,13
Mesen_EpoophronFib_Fetal,celltype_Lardenois2026,10.1016/j.devcel.2025.09.011,Perivascular,6
Mesen_EpoophronFib_Fetal,celltype_Lorenzi2025,10.1038/s41586-025-09875-2,Epoophron Mese,7069
Mesen_EpoophronFib_Fetal,celltype_Lorenzi2025,10.1038/s41586-025-09875-2,Wolffian/Mesonephros Mese,325
Mesen_EpoophronFib_Fetal,celltype_Lorenzi2025,10.1038/s41586-025-09875-2,Fallopian Lig,273
Mesen_EpoophronFib_Fetal,celltype_Lorenzi2025,10.1038/s41586-025-09875-2,Pre-Perivascular,212
Mesen_EpoophronFib_Fetal,celltype_Lorenzi2025,10.1038/s41586-025-09875-2,Uterus Lig,54
Mesen_EpoophronFib_Fetal,celltype_Lorenzi2025,10.1038/s41586-025-09875-2,Fallopian Mese,33
Mesen_EpoophronFib_Fetal,celltype_Lorenzi2025,10.1038/s41586-025-09875-2,Cervix/Vagina Lig,18
Mesen_EpoophronFib_Fetal,celltype_Lorenzi2025,10.1038/s41586-025-09875-2,Glans,16
Mesen_EpoophronFib_Fetal,celltype_Lorenzi2025,10.1038/s41586-025-09875-2,Perivascular,16
Mesen_EpoophronFib_Fetal,celltype_Lorenzi2025,10.1038/s41586-025-09875-2,Wolffian/Mesonephros Lig,11
Mesen_EpoophronFib_Fetal,celltype_Lorenzi2025,10.1038/s41586-025-09875-2,Cervix/Upper Vagina SmMu,4
Mesen_EpoophronFib_Fetal,celltype_Lorenzi2025,10.1038/s41586-025-09875-2,Urogenital Sinus Lig,4
Mesen_EpoophronFib_Fetal,celltype_Lorenzi2025,10.1038/s41586-025-09875-2,Uterus SmMu,4
Mesen_EpoophronFib_Fetal,celltype_Lorenzi2025,10.1038/s41586-025-09875-2,Fallopian SmMu,2
Mesen_EpoophronFib_Fetal,celltype_Lorenzi2025,10.1038/s41586-025-09875-2,Lower Vagina Mese,2
Mesen_EpoophronFib_Fetal,celltype_Lorenzi2025,10.1038/s41586-025-09875-2,Vas Deferens Mese,2
Mesen_EpoophronFib_Fetal,celltype_Lorenzi2025,10.1038/s41586-025-09875-2,Cervix Mese,1
Mesen_EpoophronFib_Fetal,celltype_Lorenzi2025,10.1038/s41586-025-09875-2,Corpus Cavernosum,1
Mesen_EpoophronFib_Fetal,celltype_Lorenzi2025,10.1038/s41586-025-09875-2,Lower Urogenital Sinus Mese,1
Mesen_EpoophronFib_Fetal,celltype_Lorenzi2025,10.1038/s41586-025-09875-2,Lower Vagina Epi,1
Mesen_EpoophronFib_Fetal,celltype_Lorenzi2025,10.1038/s41586-025-09875-2,Upper Urogenital Sinus Mese,1
Mesen_EpoophronFib_Fetal,celltype_Lorenzi2025,10.1038/s41586-025-09875-2,Uterus Mese,1
Mesen_EpoophronFib_Fetal,celltype_OvarySanger2026,(unresolved: Sanger ovary 2026),Epoophon_mesen_Fetal,3968
Mesen_EpoophronFib_Fetal,celltype_OvarySanger2026,(unresolved: Sanger ovary 2026),RepTract_prePV_Fetal,1196
Mesen_EpoophronFib_Fetal,celltype_OvarySanger2026,(unresolved: Sanger ovary 2026),Fallopian_lig_Fetal,478
Mesen_EpoophronFib_Fetal,celltype_OvarySanger2026,(unresolved: Sanger ovary 2026),Stroma_Fetal,117
Mesen_EpoophronFib_Fetal,celltype_OvarySanger2026,(unresolved: Sanger ovary 2026),Fallopian_mesen_Fetal,55
Mesen_EpoophronFib_Fetal,celltype_OvarySanger2026,(unresolved: Sanger ovary 2026),Stroma_Medulla,22
Mesen_EpoophronFib_Fetal,celltype_OvarySanger2026,(unresolved: Sanger ovary 2026),Stroma_InnCor,20
Mesen_EpoophronFib_Fetal,celltype_OvarySanger2026,(unresolved: Sanger ovary 2026),PV_Fetal,15
Mesen_EpoophronFib_Fetal,celltype_OvarySanger2026,(unresolved: Sanger ovary 2026),FibC3,10
Mesen_EpoophronFib_Fetal,celltype_OvarySanger2026,(unresolved: Sanger ovary 2026),Stroma_OutCor,7
Mesen_EpoophronFib_Fetal,celltype_OvarySanger2026,(unresolved: Sanger ovary 2026),Fallopian_SMCs_Fetal,2
Mesen_EpoophronFib_Fetal,celltype_OvarySanger2026,(unresolved: Sanger ovary 2026),SMCs,2
Mesen_EpoophronFib_Fetal,celltype_OvarySanger2026,(unresolved: Sanger ovary 2026),preGranulosa_I_Fetal,2
Mesen_EpoophronFib_Fetal,celltype_OvarySanger2026,(unresolved: Sanger ovary 2026),Epithelial,1
Mesen_FallopianFib_Fetal,celltype_GarciaAlonso2022,10.1038/s41586-022-04918-4,Mesenchymal_GATA2,8950
Mesen_FallopianFib_Fetal,celltype_GarciaAlonso2022,10.1038/s41586-022-04918-4,Oi,39
Mesen_FallopianFib_Fetal,celltype_GarciaAlonso2022,10.1038/s41586-022-04918-4,CoelEpi_GATA2,11
Mesen_FallopianFib_Fetal,celltype_GarciaAlonso2022,10.1038/s41586-022-04918-4,preGC_I,8
Mesen_FallopianFib_Fetal,celltype_GarciaAlonso2022,10.1038/s41586-022-04918-4,Epithelial,6
Mesen_FallopianFib_Fetal,celltype_GarciaAlonso2022,10.1038/s41586-022-04918-4,SMCs,6
Mesen_FallopianFib_Fetal,celltype_GarciaAlonso2022,10.1038/s41586-022-04918-4,PV,5
Mesen_FallopianFib_Fetal,celltype_GarciaAlonso2022,10.1038/s41586-022-04918-4,Gi,4
Mesen_FallopianFib_Fetal,celltype_GarciaAlonso2022,10.1038/s41586-022-04918-4,CoelEpi_LHX9,1
Mesen_FallopianFib_Fetal,celltype_GarciaAlonso2022,10.1038/s41586-022-04918-4,Immune,1
Mesen_FallopianFib_Fetal,celltype_GarciaAlonso2022,10.1038/s41586-022-04918-4,Neural,1
Mesen_FallopianFib_Fetal,celltype_GarciaAlonso2022,10.1038/s41586-022-04918-4,preGC_IIa,1
Mesen_FallopianFib_Fetal,celltype_Lardenois2026,10.1016/j.devcel.2025.09.011,Interstitial,9
Mesen_FallopianFib_Fetal,celltype_Lardenois2026,10.1016/j.devcel.2025.09.011,Extragonadal_CE,1
Mesen_FallopianFib_Fetal,celltype_Lardenois2026,10.1016/j.devcel.2025.09.011,Mesonephric_mesenchymal,1
Mesen_FallopianFib_Fetal,celltype_Lorenzi2025,10.1038/s41586-025-09875-2,Fallopian Mese,27801
Mesen_FallopianFib_Fetal,celltype_Lorenzi2025,10.1038/s41586-025-09875-2,Fallopian Lig,4193
Mesen_FallopianFib_Fetal,celltype_Lorenzi2025,10.1038/s41586-025-09875-2,Uterus Mese,678
Mesen_FallopianFib_Fetal,celltype_Lorenzi2025,10.1038/s41586-025-09875-2,Perivascular,305
Mesen_FallopianFib_Fetal,celltype_Lorenzi2025,10.1038/s41586-025-09875-2,Müllerian Mese,189
Mesen_FallopianFib_Fetal,celltype_Lorenzi2025,10.1038/s41586-025-09875-2,Fallopian SmMu,152
Mesen_FallopianFib_Fetal,celltype_Lorenzi2025,10.1038/s41586-025-09875-2,Wolffian/Mesonephros Mese,45
Mesen_FallopianFib_Fetal,celltype_Lorenzi2025,10.1038/s41586-025-09875-2,Epoophron Mese,38
Mesen_FallopianFib_Fetal,celltype_Lorenzi2025,10.1038/s41586-025-09875-2,Glans,37
Mesen_FallopianFib_Fetal,celltype_Lorenzi2025,10.1038/s41586-025-09875-2,Vas Deferens Mese,22
Mesen_FallopianFib_Fetal,celltype_Lorenzi2025,10.1038/s41586-025-09875-2,Uterus Lig,15
Mesen_FallopianFib_Fetal,celltype_Lorenzi2025,10.1038/s41586-025-09875-2,Coelomic Epi,12
Mesen_FallopianFib_Fetal,celltype_Lorenzi2025,10.1038/s41586-025-09875-2,Urogenital Sinus Lig,11
Mesen_FallopianFib_Fetal,celltype_Lorenzi2025,10.1038/s41586-025-09875-2,Cervix Mese,8
Mesen_FallopianFib_Fetal,celltype_Lorenzi2025,10.1038/s41586-025-09875-2,Fallopian Epi,8
Mesen_FallopianFib_Fetal,celltype_Lorenzi2025,10.1038/s41586-025-09875-2,Pre-Perivascular,8
Mesen_FallopianFib_Fetal,celltype_Lorenzi2025,10.1038/s41586-025-09875-2,Uterus SmMu,5
Mesen_FallopianFib_Fetal,celltype_Lorenzi2025,10.1038/s41586-025-09875-2,Immune,3
Mesen_FallopianFib_Fetal,celltype_Lorenzi2025,10.1038/s41586-025-09875-2,Cervix/Upper Vagina SmMu,2
Mesen_FallopianFib_Fetal,celltype_Lorenzi2025,10.1038/s41586-025-09875-2,Endothelial,2
Mesen_FallopianFib_Fetal,celltype_Lorenzi2025,10.1038/s41586-025-09875-2,Lower Urogenital Sinus Mese,2
Mesen_FallopianFib_Fetal,celltype_Lorenzi2025,10.1038/s41586-025-09875-2,Upper Urogenital Sinus Mese,2
Mesen_FallopianFib_Fetal,celltype_Lorenzi2025,10.1038/s41586-025-09875-2,Cervix/Vagina Lig,1
Mesen_FallopianFib_Fetal,celltype_Lorenzi2025,10.1038/s41586-025-09875-2,Corpus Spongiosum,1
Mesen_FallopianFib_Fetal,celltype_Lorenzi2025,10.1038/s41586-025-09875-2,Labio-Scrotal Swelling,1
Mesen_FallopianFib_Fetal,celltype_Lorenzi2025,10.1038/s41586-025-09875-2,Prepuce,1
Mesen_FallopianFib_Fetal,celltype_Lorenzi2025,10.1038/s41586-025-09875-2,Uterus/Cervix Epi,1
Mesen_FallopianFib_Fetal,celltype_OvarySanger2026,(unresolved: Sanger ovary 2026),Fallopian_mesen_Fetal,6158
Mesen_FallopianFib_Fetal,celltype_OvarySanger2026,(unresolved: Sanger ovary 2026),Fallopian_lig_Fetal,159
Mesen_FallopianFib_Fetal,celltype_OvarySanger2026,(unresolved: Sanger ovary 2026),Epoophon_mesen_Fetal,24
Mesen_FallopianFib_Fetal,celltype_OvarySanger2026,(unresolved: Sanger ovary 2026),Stroma_Fetal,11
Mesen_FallopianFib_Fetal,celltype_OvarySanger2026,(unresolved: Sanger ovary 2026),Epithelial,5
Mesen_FallopianFib_Fetal,celltype_OvarySanger2026,(unresolved: Sanger ovary 2026),Fallopian_SMCs_Fetal,5
Mesen_FallopianFib_Fetal,celltype_OvarySanger2026,(unresolved: Sanger ovary 2026),Stroma_OutCor,4
Mesen_FallopianFib_Fetal,celltype_OvarySanger2026,(unresolved: Sanger ovary 2026),preGranulosa_I_Fetal,3
Mesen_FallopianFib_Fetal,celltype_OvarySanger2026,(unresolved: Sanger ovary 2026),RepTract_prePV_Fetal,2
Mesen_FallopianFib_Fetal,celltype_OvarySanger2026,(unresolved: Sanger ovary 2026),SMCs,2
Mesen_FallopianFib_Fetal,celltype_OvarySanger2026,(unresolved: Sanger ovary 2026),Stroma_InnCor,2
Mesen_FallopianFib_Fetal,celltype_OvarySanger2026,(unresolved: Sanger ovary 2026),Neural_Glia_Adult,1
Mesen_FallopianFib_Fetal,celltype_OvarySanger2026,(unresolved: Sanger ovary 2026),PV_Fetal,1
Mesen_FallopianFib_Fetal,celltype_OvarySanger2026,(unresolved: Sanger ovary 2026),PV_Fibroblast,1
Mesen_FallopianFibs,celltype_Ulrich2022,10.1016/j.devcel.2022.02.017,myofibroblast cell,9529
Mesen_FallopianFibs,celltype_Ulrich2022,10.1016/j.devcel.2022.02.017,fibroblast,784
Mesen_FallopianFibs,celltype_Ulrich2022,10.1016/j.devcel.2022.02.017,smooth muscle cell,130
Mesen_FallopianFibs,celltype_Ulrich2022,10.1016/j.devcel.2022.02.017,macrophage,5
Mesen_FallopianFibs,celltype_Ulrich2022,10.1016/j.devcel.2022.02.017,ciliated epithelial cell,2
Mesen_FallopianFibs,celltype_Weigert2025,10.1038/s41467-024-55440-2,stromal cell,41325
Mesen_FallopianFibs,celltype_Weigert2025,10.1038/s41467-024-55440-2,smooth muscle cell,744
Mesen_FallopianFibs,celltype_Weigert2025,10.1038/s41467-024-55440-2,perivascular cell,51
Mesen_FallopianFibs,celltype_Weigert2025,10.1038/s41467-024-55440-2,peg cell,16
Mesen_FallopianFibs,celltype_Weigert2025,10.1038/s41467-024-55440-2,ciliated epithelial cell,11
Mesen_FallopianFibs,celltype_Weigert2025,10.1038/s41467-024-55440-2,fallopian tube secretory epithelial cell,10
Mesen_FallopianFibs,celltype_Weigert2025,10.1038/s41467-024-55440-2,endothelial cell,8
Mesen_FallopianFibs,celltype_Weigert2025,10.1038/s41467-024-55440-2,macrophage,2
Mesen_FallopianFibs,celltype_Weigert2025,10.1038/s41467-024-55440-2,mast cell,2
Mesen_FallopianFibs,celltype_Weigert2025,10.1038/s41467-024-55440-2,lymphocyte,1
Mesen_FallopianLig_Fetal,celltype_GarciaAlonso2022,10.1038/s41586-022-04918-4,Mesenchymal_GATA2,4421
Mesen_FallopianLig_Fetal,celltype_GarciaAlonso2022,10.1038/s41586-022-04918-4,Oi,264
Mesen_FallopianLig_Fetal,celltype_GarciaAlonso2022,10.1038/s41586-022-04918-4,CoelEpi_GATA2,8
Mesen_FallopianLig_Fetal,celltype_GarciaAlonso2022,10.1038/s41586-022-04918-4,PV,7
Mesen_FallopianLig_Fetal,celltype_GarciaAlonso2022,10.1038/s41586-022-04918-4,Gi,4
Mesen_FallopianLig_Fetal,celltype_GarciaAlonso2022,10.1038/s41586-022-04918-4,SMCs,4
Mesen_FallopianLig_Fetal,celltype_GarciaAlonso2022,10.1038/s41586-022-04918-4,CoelEpi_LHX9,2
Mesen_FallopianLig_Fetal,celltype_GarciaAlonso2022,10.1038/s41586-022-04918-4,early_somatic,2
Mesen_FallopianLig_Fetal,celltype_Lardenois2026,10.1016/j.devcel.2025.09.011,Interstitial,25
Mesen_FallopianLig_Fetal,celltype_Lorenzi2025,10.1038/s41586-025-09875-2,Fallopian Lig,11952
Mesen_FallopianLig_Fetal,celltype_Lorenzi2025,10.1038/s41586-025-09875-2,Uterus Lig,724
Mesen_FallopianLig_Fetal,celltype_Lorenzi2025,10.1038/s41586-025-09875-2,Fallopian Mese,326
Mesen_FallopianLig_Fetal,celltype_Lorenzi2025,10.1038/s41586-025-09875-2,Fallopian SmMu,199
Mesen_FallopianLig_Fetal,celltype_Lorenzi2025,10.1038/s41586-025-09875-2,Müllerian Mese,157
Mesen_FallopianLig_Fetal,celltype_Lorenzi2025,10.1038/s41586-025-09875-2,Glans,142
Mesen_FallopianLig_Fetal,celltype_Lorenzi2025,10.1038/s41586-025-09875-2,Epoophron Mese,137
Mesen_FallopianLig_Fetal,celltype_Lorenzi2025,10.1038/s41586-025-09875-2,Pre-Perivascular,60
Mesen_FallopianLig_Fetal,celltype_Lorenzi2025,10.1038/s41586-025-09875-2,Vas Deferens Mese,35
Mesen_FallopianLig_Fetal,celltype_Lorenzi2025,10.1038/s41586-025-09875-2,Wolffian/Mesonephros Lig,23
Mesen_FallopianLig_Fetal,celltype_Lorenzi2025,10.1038/s41586-025-09875-2,Coelomic Epi,16
Mesen_FallopianLig_Fetal,celltype_Lorenzi2025,10.1038/s41586-025-09875-2,Uterus Mese,11
Mesen_FallopianLig_Fetal,celltype_Lorenzi2025,10.1038/s41586-025-09875-2,Cervix Mese,5
Mesen_FallopianLig_Fetal,celltype_Lorenzi2025,10.1038/s41586-025-09875-2,Perivascular,5
Mesen_FallopianLig_Fetal,celltype_Lorenzi2025,10.1038/s41586-025-09875-2,Wolffian/Mesonephros Mese,5
Mesen_FallopianLig_Fetal,celltype_Lorenzi2025,10.1038/s41586-025-09875-2,Cervix/Vagina Lig,4
Mesen_FallopianLig_Fetal,celltype_Lorenzi2025,10.1038/s41586-025-09875-2,Urogenital Sinus Lig,3
Mesen_FallopianLig_Fetal,celltype_Lorenzi2025,10.1038/s41586-025-09875-2,Cervix/Upper Vagina SmMu,2
Mesen_FallopianLig_Fetal,celltype_Lorenzi2025,10.1038/s41586-025-09875-2,Fallopian Epi,2
Mesen_FallopianLig_Fetal,celltype_Lorenzi2025,10.1038/s41586-025-09875-2,Labia,1
Mesen_FallopianLig_Fetal,celltype_Lorenzi2025,10.1038/s41586-025-09875-2,Lower Urogenital Sinus Mese,1
Mesen_FallopianLig_Fetal,celltype_Lorenzi2025,10.1038/s41586-025-09875-2,Müllerian Epi,1
Mesen_FallopianLig_Fetal,celltype_Lorenzi2025,10.1038/s41586-025-09875-2,Preputial Lamina Epi,1
Mesen_FallopianLig_Fetal,celltype_Lorenzi2025,10.1038/s41586-025-09875-2,Schwann,1
Mesen_FallopianLig_Fetal,celltype_Lorenzi2025,10.1038/s41586-025-09875-2,Uterus SmMu,1
Mesen_FallopianLig_Fetal,celltype_OvarySanger2026,(unresolved: Sanger ovary 2026),Fallopian_lig_Fetal,2798
Mesen_FallopianLig_Fetal,celltype_OvarySanger2026,(unresolved: Sanger ovary 2026),Fallopian_mesen_Fetal,1036
Mesen_FallopianLig_Fetal,celltype_OvarySanger2026,(unresolved: Sanger ovary 2026),Stroma_Fetal,231
Mesen_FallopianLig_Fetal,celltype_OvarySanger2026,(unresolved: Sanger ovary 2026),RepTract_prePV_Fetal,37
Mesen_FallopianLig_Fetal,celltype_OvarySanger2026,(unresolved: Sanger ovary 2026),Epoophon_mesen_Fetal,30
Mesen_FallopianLig_Fetal,celltype_OvarySanger2026,(unresolved: Sanger ovary 2026),Fallopian_SMCs_Fetal,6
Mesen_FallopianLig_Fetal,celltype_OvarySanger2026,(unresolved: Sanger ovary 2026),Stroma_InnCor,5
Mesen_FallopianLig_Fetal,celltype_OvarySanger2026,(unresolved: Sanger ovary 2026),Epithelial,4
Mesen_FallopianLig_Fetal,celltype_OvarySanger2026,(unresolved: Sanger ovary 2026),Stroma_OutCor,3
Mesen_FallopianLig_Fetal,celltype_OvarySanger2026,(unresolved: Sanger ovary 2026),FibC3,2
Mesen_FallopianSMCs_Fetal,celltype_GarciaAlonso2022,10.1038/s41586-022-04918-4,SMCs,2812
Mesen_FallopianSMCs_Fetal,celltype_GarciaAlonso2022,10.1038/s41586-022-04918-4,Mesenchymal_GATA2,138
Mesen_FallopianSMCs_Fetal,celltype_GarciaAlonso2022,10.1038/s41586-022-04918-4,PV,9
Mesen_FallopianSMCs_Fetal,celltype_GarciaAlonso2022,10.1038/s41586-022-04918-4,Gi,1
Mesen_FallopianSMCs_Fetal,celltype_Lorenzi2025,10.1038/s41586-025-09875-2,Fallopian SmMu,4976
Mesen_FallopianSMCs_Fetal,celltype_Lorenzi2025,10.1038/s41586-025-09875-2,Fallopian Mese,111
Mesen_FallopianSMCs_Fetal,celltype_Lorenzi2025,10.1038/s41586-025-09875-2,Uterus Mese,82
Mesen_FallopianSMCs_Fetal,celltype_Lorenzi2025,10.1038/s41586-025-09875-2,Fallopian Lig,76
Mesen_FallopianSMCs_Fetal,celltype_Lorenzi2025,10.1038/s41586-025-09875-2,Uterus SmMu,61
Mesen_FallopianSMCs_Fetal,celltype_Lorenzi2025,10.1038/s41586-025-09875-2,Cervix/Upper Vagina SmMu,19
Mesen_FallopianSMCs_Fetal,celltype_Lorenzi2025,10.1038/s41586-025-09875-2,Glans,9
Mesen_FallopianSMCs_Fetal,celltype_Lorenzi2025,10.1038/s41586-025-09875-2,Perivascular,4
Mesen_FallopianSMCs_Fetal,celltype_Lorenzi2025,10.1038/s41586-025-09875-2,Uterus Lig,3
Mesen_FallopianSMCs_Fetal,celltype_Lorenzi2025,10.1038/s41586-025-09875-2,Cervix/Vagina Lig,2
Mesen_FallopianSMCs_Fetal,celltype_Lorenzi2025,10.1038/s41586-025-09875-2,Epoophron Mese,2
Mesen_FallopianSMCs_Fetal,celltype_Lorenzi2025,10.1038/s41586-025-09875-2,Cervix Mese,1
Mesen_FallopianSMCs_Fetal,celltype_Lorenzi2025,10.1038/s41586-025-09875-2,Fallopian Epi,1
Mesen_FallopianSMCs_Fetal,celltype_Lorenzi2025,10.1038/s41586-025-09875-2,Immune,1
Mesen_FallopianSMCs_Fetal,celltype_Lorenzi2025,10.1038/s41586-025-09875-2,Preputial Lamina Epi,1
Mesen_FallopianSMCs_Fetal,celltype_Lorenzi2025,10.1038/s41586-025-09875-2,Urogenital Sinus Epi,1
Mesen_FallopianSMCs_Fetal,celltype_Lorenzi2025,10.1038/s41586-025-09875-2,Wolffian/Mesonephros Mese,1
Mesen_FallopianSMCs_Fetal,celltype_OvarySanger2026,(unresolved: Sanger ovary 2026),Fallopian_SMCs_Fetal,2282
Mesen_FallopianSMCs_Fetal,celltype_OvarySanger2026,(unresolved: Sanger ovary 2026),SMCs,461
Mesen_FallopianSMCs_Fetal,celltype_OvarySanger2026,(unresolved: Sanger ovary 2026),Fallopian_mesen_Fetal,144
Mesen_FallopianSMCs_Fetal,celltype_OvarySanger2026,(unresolved: Sanger ovary 2026),RepTract_prePV_Fetal,10
Mesen_FallopianSMCs_Fetal,celltype_OvarySanger2026,(unresolved: Sanger ovary 2026),Epoophon_mesen_Fetal,8
Mesen_FallopianSMCs_Fetal,celltype_OvarySanger2026,(unresolved: Sanger ovary 2026),Stroma_InnCor,7
Mesen_FallopianSMCs_Fetal,celltype_OvarySanger2026,(unresolved: Sanger ovary 2026),PV_SMC_Arterial,3
Mesen_FallopianSMCs_Fetal,celltype_OvarySanger2026,(unresolved: Sanger ovary 2026),Fallopian_lig_Fetal,2
Mesen_GlansFib_Fetal,celltype_Lorenzi2025,10.1038/s41586-025-09875-2,Glans,4823
Mesen_GlansFib_Fetal,celltype_Lorenzi2025,10.1038/s41586-025-09875-2,Corpus Cavernosum,298
Mesen_GlansFib_Fetal,celltype_Lorenzi2025,10.1038/s41586-025-09875-2,Prepuce,126
Mesen_GlansFib_Fetal,celltype_Lorenzi2025,10.1038/s41586-025-09875-2,Corpus Spongiosum,89
Mesen_GlansFib_Fetal,celltype_Lorenzi2025,10.1038/s41586-025-09875-2,Urogenital Sinus Lig,17
Mesen_GlansFib_Fetal,celltype_Lorenzi2025,10.1038/s41586-025-09875-2,Perivascular,11
Mesen_GlansFib_Fetal,celltype_Lorenzi2025,10.1038/s41586-025-09875-2,Labio-Scrotal Swelling,9
Mesen_GlansFib_Fetal,celltype_Lorenzi2025,10.1038/s41586-025-09875-2,Pre-Perivascular,8
Mesen_GlansFib_Fetal,celltype_Lorenzi2025,10.1038/s41586-025-09875-2,Preputial Lamina Epi,2
Mesen_GlansFib_Fetal,celltype_Lorenzi2025,10.1038/s41586-025-09875-2,Lower Vagina Mese,1
Mesen_GlansFib_Fetal,celltype_Lorenzi2025,10.1038/s41586-025-09875-2,Müllerian Epi,1
Mesen_GlansFib_Fetal,celltype_Lorenzi2025,10.1038/s41586-025-09875-2,Schwann,1
Mesen_GlansFib_Fetal,celltype_Lorenzi2025,10.1038/s41586-025-09875-2,Upper Urogenital Sinus Mese,1
Mesen_GlansFib_Fetal,celltype_Lorenzi2025,10.1038/s41586-025-09875-2,Wolffian/Mesonephros Mese,1
Mesen_GonadalFibs_Undiff,celltype_GarciaAlonso2022,10.1038/s41586-022-04918-4,Oi,3218
Mesen_GonadalFibs_Undiff,celltype_GarciaAlonso2022,10.1038/s41586-022-04918-4,Mesenchymal_GATA2,2705
Mesen_GonadalFibs_Undiff,celltype_GarciaAlonso2022,10.1038/s41586-022-04918-4,Gi,2201
Mesen_GonadalFibs_Undiff,celltype_GarciaAlonso2022,10.1038/s41586-022-04918-4,CoelEpi_LHX9_cycling,543
Mesen_GonadalFibs_Undiff,celltype_GarciaAlonso2022,10.1038/s41586-022-04918-4,early_somatic,331
Mesen_GonadalFibs_Undiff,celltype_GarciaAlonso2022,10.1038/s41586-022-04918-4,CoelEpi_GATA2,138
Mesen_GonadalFibs_Undiff,celltype_GarciaAlonso2022,10.1038/s41586-022-04918-4,CoelEpi_LHX9,126
Mesen_GonadalFibs_Undiff,celltype_GarciaAlonso2022,10.1038/s41586-022-04918-4,early_sPAX8,104
Mesen_GonadalFibs_Undiff,celltype_GarciaAlonso2022,10.1038/s41586-022-04918-4,PV,33
Mesen_GonadalFibs_Undiff,celltype_GarciaAlonso2022,10.1038/s41586-022-04918-4,preGC_IIa,14
Mesen_GonadalFibs_Undiff,celltype_GarciaAlonso2022,10.1038/s41586-022-04918-4,Epithelial,13
Mesen_GonadalFibs_Undiff,celltype_GarciaAlonso2022,10.1038/s41586-022-04918-4,preGC_I,12
Mesen_GonadalFibs_Undiff,celltype_GarciaAlonso2022,10.1038/s41586-022-04918-4,OSE,9
Mesen_GonadalFibs_Undiff,celltype_GarciaAlonso2022,10.1038/s41586-022-04918-4,preGC_IIb,5
Mesen_GonadalFibs_Undiff,celltype_GarciaAlonso2022,10.1038/s41586-022-04918-4,early_supporting,4
Mesen_GonadalFibs_Undiff,celltype_GarciaAlonso2022,10.1038/s41586-022-04918-4,GermCells,1
Mesen_GonadalFibs_Undiff,celltype_Lardenois2026,10.1016/j.devcel.2025.09.011,Interstitial,5332
Mesen_GonadalFibs_Undiff,celltype_Lardenois2026,10.1016/j.devcel.2025.09.011,Gonadal_CE,415
Mesen_GonadalFibs_Undiff,celltype_Lardenois2026,10.1016/j.devcel.2025.09.011,Somatic_progenitors,299
Mesen_GonadalFibs_Undiff,celltype_Lardenois2026,10.1016/j.devcel.2025.09.011,Mesonephric_mesenchymal,161
Mesen_GonadalFibs_Undiff,celltype_Lardenois2026,10.1016/j.devcel.2025.09.011,Perivascular,36
Mesen_GonadalFibs_Undiff,celltype_Lardenois2026,10.1016/j.devcel.2025.09.011,Extragonadal_CE,14
Mesen_GonadalFibs_Undiff,celltype_Lardenois2026,10.1016/j.devcel.2025.09.011,Pre_granulosa,14
Mesen_GonadalFibs_Undiff,celltype_Lardenois2026,10.1016/j.devcel.2025.09.011,Undifferentiated_supporting,9
Mesen_GonadalFibs_Undiff,celltype_Lardenois2026,10.1016/j.devcel.2025.09.011,Rete_testis_ovarii,5
Mesen_GonadalFibs_Undiff,celltype_Lardenois2026,10.1016/j.devcel.2025.09.011,Low_QC,1
Mesen_GonadalFibs_Undiff,celltype_Lorenzi2025,10.1038/s41586-025-09875-2,Wolffian/Mesonephros Mese,1810
Mesen_GonadalFibs_Undiff,celltype_Lorenzi2025,10.1038/s41586-025-09875-2,Epoophron Mese,853
Mesen_GonadalFibs_Undiff,celltype_Lorenzi2025,10.1038/s41586-025-09875-2,Wolffian/Mesonephros Lig,368
Mesen_GonadalFibs_Undiff,celltype_Lorenzi2025,10.1038/s41586-025-09875-2,Fallopian Mese,262
Mesen_GonadalFibs_Undiff,celltype_Lorenzi2025,10.1038/s41586-025-09875-2,Fallopian Lig,203
Mesen_GonadalFibs_Undiff,celltype_Lorenzi2025,10.1038/s41586-025-09875-2,Uterus Lig,113
Mesen_GonadalFibs_Undiff,celltype_Lorenzi2025,10.1038/s41586-025-09875-2,Vas Deferens Mese,90
Mesen_GonadalFibs_Undiff,celltype_Lorenzi2025,10.1038/s41586-025-09875-2,Pre-Perivascular,67
Mesen_GonadalFibs_Undiff,celltype_Lorenzi2025,10.1038/s41586-025-09875-2,Urogenital Sinus Lig,63
Mesen_GonadalFibs_Undiff,celltype_Lorenzi2025,10.1038/s41586-025-09875-2,Müllerian Mese,54
Mesen_GonadalFibs_Undiff,celltype_Lorenzi2025,10.1038/s41586-025-09875-2,Perivascular,43
Mesen_GonadalFibs_Undiff,celltype_Lorenzi2025,10.1038/s41586-025-09875-2,Uterus Mese,22
Mesen_GonadalFibs_Undiff,celltype_Lorenzi2025,10.1038/s41586-025-09875-2,Glans,21
Mesen_GonadalFibs_Undiff,celltype_Lorenzi2025,10.1038/s41586-025-09875-2,Upper Urogenital Sinus Mese,18
Mesen_GonadalFibs_Undiff,celltype_Lorenzi2025,10.1038/s41586-025-09875-2,Cervix/Vagina Lig,8
Mesen_GonadalFibs_Undiff,celltype_Lorenzi2025,10.1038/s41586-025-09875-2,Immune,5
Mesen_GonadalFibs_Undiff,celltype_Lorenzi2025,10.1038/s41586-025-09875-2,Lower Vagina Mese,5
Mesen_GonadalFibs_Undiff,celltype_Lorenzi2025,10.1038/s41586-025-09875-2,Corpus Cavernosum,4
Mesen_GonadalFibs_Undiff,celltype_Lorenzi2025,10.1038/s41586-025-09875-2,Lower Urogenital Sinus Mese,4
Mesen_GonadalFibs_Undiff,celltype_Lorenzi2025,10.1038/s41586-025-09875-2,Coelomic Epi,3
Mesen_GonadalFibs_Undiff,celltype_Lorenzi2025,10.1038/s41586-025-09875-2,Upper Vagina Mese,3
Mesen_GonadalFibs_Undiff,celltype_Lorenzi2025,10.1038/s41586-025-09875-2,Fallopian SmMu,2
Mesen_GonadalFibs_Undiff,celltype_Lorenzi2025,10.1038/s41586-025-09875-2,Cervix Mese,1
Mesen_GonadalFibs_Undiff,celltype_Lorenzi2025,10.1038/s41586-025-09875-2,Corpus Spongiosum,1
Mesen_GonadalFibs_Undiff,celltype_Lorenzi2025,10.1038/s41586-025-09875-2,Fallopian Epi,1
Mesen_GonadalFibs_Undiff,celltype_Lorenzi2025,10.1038/s41586-025-09875-2,Labio-Scrotal Swelling,1
Mesen_GonadalFibs_Undiff,celltype_Lorenzi2025,10.1038/s41586-025-09875-2,Müllerian Epi,1
Mesen_GonadalFibs_Undiff,celltype_Lorenzi2025,10.1038/s41586-025-09875-2,Prepuce,1
Mesen_GonadalFibs_Undiff,celltype_Lorenzi2025,10.1038/s41586-025-09875-2,Schwann,1
Mesen_GonadalFibs_Undiff,celltype_Lorenzi2025,10.1038/s41586-025-09875-2,Wolffian Epi,1
Mesen_GonadalFibs_Undiff,celltype_OvarySanger2026,(unresolved: Sanger ovary 2026),Stroma_Fetal,1212
Mesen_GonadalFibs_Undiff,celltype_OvarySanger2026,(unresolved: Sanger ovary 2026),RepTract_prePV_Fetal,365
Mesen_GonadalFibs_Undiff,celltype_OvarySanger2026,(unresolved: Sanger ovary 2026),Epoophon_mesen_Fetal,179
Mesen_GonadalFibs_Undiff,celltype_OvarySanger2026,(unresolved: Sanger ovary 2026),Fallopian_lig_Fetal,108
Mesen_GonadalFibs_Undiff,celltype_OvarySanger2026,(unresolved: Sanger ovary 2026),Fallopian_mesen_Fetal,36
Mesen_GonadalFibs_Undiff,celltype_OvarySanger2026,(unresolved: Sanger ovary 2026),Stroma_InnCor,14
Mesen_GonadalFibs_Undiff,celltype_OvarySanger2026,(unresolved: Sanger ovary 2026),Stroma_OutCor,9
Mesen_GonadalFibs_Undiff,celltype_OvarySanger2026,(unresolved: Sanger ovary 2026),PV_cycling,5
Mesen_GonadalFibs_Undiff,celltype_OvarySanger2026,(unresolved: Sanger ovary 2026),Epithelial,3
Mesen_GonadalFibs_Undiff,celltype_OvarySanger2026,(unresolved: Sanger ovary 2026),FibC3,3
Mesen_GonadalFibs_Undiff,celltype_OvarySanger2026,(unresolved: Sanger ovary 2026),Granulosa_AMH_cycling,3
Mesen_GonadalFibs_Undiff,celltype_OvarySanger2026,(unresolved: Sanger ovary 2026),OSE_cycling,3
Mesen_GonadalFibs_Undiff,celltype_OvarySanger2026,(unresolved: Sanger ovary 2026),Stroma_Medulla,2
Mesen_GonadalFibs_Undiff,celltype_OvarySanger2026,(unresolved: Sanger ovary 2026),Stroma_Perifoll_InnCor,2
Mesen_GonadalFibs_Undiff,celltype_OvarySanger2026,(unresolved: Sanger ovary 2026),preGranulosa_I_Fetal,2
Mesen_GonadalFibs_Undiff,celltype_OvarySanger2026,(unresolved: Sanger ovary 2026),Granulosa_AMH_atr,1
Mesen_GonadalFibs_Undiff,celltype_OvarySanger2026,(unresolved: Sanger ovary 2026),PV_Fetal,1
Mesen_GonadalFibs_Undiff,celltype_OvarySanger2026,(unresolved: Sanger ovary 2026),PV_SMC_Arterial,1
Mesen_GonadalFibs_Undiff,celltype_OvarySanger2026,(unresolved: Sanger ovary 2026),Theca_1perifollicular_cycling,1
Mesen_GonadalFibs_Undiff,celltype_OvarySanger2026,(unresolved: Sanger ovary 2026),Theca_2androgenic_pre,1
Mesen_GonadalFibs_Undiff,celltype_OvarySanger2026,(unresolved: Sanger ovary 2026),preGranulosa_II_Fetal,1
Mesen_LabiaFib_Fetal,celltype_Lorenzi2025,10.1038/s41586-025-09875-2,Labia,1695
Mesen_LabiaFib_Fetal,celltype_Lorenzi2025,10.1038/s41586-025-09875-2,Prepuce,59
Mesen_LabiaFib_Fetal,celltype_Lorenzi2025,10.1038/s41586-025-09875-2,Labio-Scrotal Swelling,22
Mesen_LabiaFib_Fetal,celltype_Lorenzi2025,10.1038/s41586-025-09875-2,Glans,6
Mesen_LabiaFib_Fetal,celltype_Lorenzi2025,10.1038/s41586-025-09875-2,Corpus Spongiosum,3
Mesen_LabiaFib_Fetal,celltype_Lorenzi2025,10.1038/s41586-025-09875-2,Pre-Perivascular,3
Mesen_LabiaFib_Fetal,celltype_Lorenzi2025,10.1038/s41586-025-09875-2,Lower Vagina Mese,2
Mesen_LabiaFib_Fetal,celltype_Lorenzi2025,10.1038/s41586-025-09875-2,Perivascular,1
Mesen_LabiaFib_Fetal,celltype_Lorenzi2025,10.1038/s41586-025-09875-2,Preputial Lamina Epi,1
Mesen_LabioScrotalSwelling_Fetal,celltype_GarciaAlonso2022,10.1038/s41586-022-04918-4,Mesenchymal_GATA2,47
Mesen_LabioScrotalSwelling_Fetal,celltype_GarciaAlonso2022,10.1038/s41586-022-04918-4,PV,8
Mesen_LabioScrotalSwelling_Fetal,celltype_Lorenzi2025,10.1038/s41586-025-09875-2,Labio-Scrotal Swelling,2933
Mesen_LabioScrotalSwelling_Fetal,celltype_Lorenzi2025,10.1038/s41586-025-09875-2,Prepuce,1208
Mesen_LabioScrotalSwelling_Fetal,celltype_Lorenzi2025,10.1038/s41586-025-09875-2,Corpus Cavernosum,68
Mesen_LabioScrotalSwelling_Fetal,celltype_Lorenzi2025,10.1038/s41586-025-09875-2,Urogenital Sinus Lig,64
Mesen_LabioScrotalSwelling_Fetal,celltype_Lorenzi2025,10.1038/s41586-025-09875-2,Pre-Perivascular,61
Mesen_LabioScrotalSwelling_Fetal,celltype_Lorenzi2025,10.1038/s41586-025-09875-2,Corpus Spongiosum,52
Mesen_LabioScrotalSwelling_Fetal,celltype_Lorenzi2025,10.1038/s41586-025-09875-2,Labia,38
Mesen_LabioScrotalSwelling_Fetal,celltype_Lorenzi2025,10.1038/s41586-025-09875-2,Glans,16
Mesen_LabioScrotalSwelling_Fetal,celltype_Lorenzi2025,10.1038/s41586-025-09875-2,Fallopian Mese,6
Mesen_LabioScrotalSwelling_Fetal,celltype_Lorenzi2025,10.1038/s41586-025-09875-2,Uterus Lig,6
Mesen_LabioScrotalSwelling_Fetal,celltype_Lorenzi2025,10.1038/s41586-025-09875-2,Preputial Lamina Epi,5
Mesen_LabioScrotalSwelling_Fetal,celltype_Lorenzi2025,10.1038/s41586-025-09875-2,Perivascular,4
Mesen_LabioScrotalSwelling_Fetal,celltype_Lorenzi2025,10.1038/s41586-025-09875-2,Wolffian/Mesonephros Lig,3
Mesen_LabioScrotalSwelling_Fetal,celltype_Lorenzi2025,10.1038/s41586-025-09875-2,Fallopian Lig,2
Mesen_LabioScrotalSwelling_Fetal,celltype_Lorenzi2025,10.1038/s41586-025-09875-2,Epoophron Mese,1
Mesen_LabioScrotalSwelling_Fetal,celltype_Lorenzi2025,10.1038/s41586-025-09875-2,Immune,1
Mesen_LabioScrotalSwelling_Fetal,celltype_Lorenzi2025,10.1038/s41586-025-09875-2,Uterus Mese,1
Mesen_LabioScrotalSwelling_Fetal,celltype_OvarySanger2026,(unresolved: Sanger ovary 2026),Fallopian_lig_Fetal,42
Mesen_LabioScrotalSwelling_Fetal,celltype_OvarySanger2026,(unresolved: Sanger ovary 2026),RepTract_prePV_HedgHigh_Fetal,6
Mesen_LabioScrotalSwelling_Fetal,celltype_OvarySanger2026,(unresolved: Sanger ovary 2026),RepTract_prePV_Fetal,3
Mesen_LabioScrotalSwelling_Fetal,celltype_OvarySanger2026,(unresolved: Sanger ovary 2026),Epithelial,1
Mesen_LabioScrotalSwelling_Fetal,celltype_OvarySanger2026,(unresolved: Sanger ovary 2026),FibC3,1
Mesen_MesonephricFibs_Fetal,celltype_GarciaAlonso2022,10.1038/s41586-022-04918-4,Mesenchymal_GATA2,9585
Mesen_MesonephricFibs_Fetal,celltype_GarciaAlonso2022,10.1038/s41586-022-04918-4,Oi,34
Mesen_MesonephricFibs_Fetal,celltype_GarciaAlonso2022,10.1038/s41586-022-04918-4,PV,16
Mesen_MesonephricFibs_Fetal,celltype_GarciaAlonso2022,10.1038/s41586-022-04918-4,Gi,5
Mesen_MesonephricFibs_Fetal,celltype_GarciaAlonso2022,10.1038/s41586-022-04918-4,Epithelial,3
Mesen_MesonephricFibs_Fetal,celltype_GarciaAlonso2022,10.1038/s41586-022-04918-4,SMCs,2
Mesen_MesonephricFibs_Fetal,celltype_GarciaAlonso2022,10.1038/s41586-022-04918-4,Immune,1
Mesen_MesonephricFibs_Fetal,celltype_Lardenois2026,10.1016/j.devcel.2025.09.011,Mesonephric_mesenchymal,226
Mesen_MesonephricFibs_Fetal,celltype_Lardenois2026,10.1016/j.devcel.2025.09.011,Interstitial,108
Mesen_MesonephricFibs_Fetal,celltype_Lardenois2026,10.1016/j.devcel.2025.09.011,Extragonadal_CE,2
Mesen_MesonephricFibs_Fetal,celltype_Lardenois2026,10.1016/j.devcel.2025.09.011,Perivascular,2
Mesen_MesonephricFibs_Fetal,celltype_Lorenzi2025,10.1038/s41586-025-09875-2,Wolffian/Mesonephros Mese,16291
Mesen_MesonephricFibs_Fetal,celltype_Lorenzi2025,10.1038/s41586-025-09875-2,Epoophron Mese,3875
Mesen_MesonephricFibs_Fetal,celltype_Lorenzi2025,10.1038/s41586-025-09875-2,Fallopian Lig,352
Mesen_MesonephricFibs_Fetal,celltype_Lorenzi2025,10.1038/s41586-025-09875-2,Vas Deferens Mese,273
Mesen_MesonephricFibs_Fetal,celltype_Lorenzi2025,10.1038/s41586-025-09875-2,Fallopian Mese,112
Mesen_MesonephricFibs_Fetal,celltype_Lorenzi2025,10.1038/s41586-025-09875-2,Pre-Perivascular,71
Mesen_MesonephricFibs_Fetal,celltype_Lorenzi2025,10.1038/s41586-025-09875-2,Perivascular,55
Mesen_MesonephricFibs_Fetal,celltype_Lorenzi2025,10.1038/s41586-025-09875-2,Uterus Mese,37
Mesen_MesonephricFibs_Fetal,celltype_Lorenzi2025,10.1038/s41586-025-09875-2,Wolffian/Mesonephros Lig,35
Mesen_MesonephricFibs_Fetal,celltype_Lorenzi2025,10.1038/s41586-025-09875-2,Müllerian Mese,28
Mesen_MesonephricFibs_Fetal,celltype_Lorenzi2025,10.1038/s41586-025-09875-2,Uterus Lig,26
Mesen_MesonephricFibs_Fetal,celltype_Lorenzi2025,10.1038/s41586-025-09875-2,Cervix/Vagina Lig,22
Mesen_MesonephricFibs_Fetal,celltype_Lorenzi2025,10.1038/s41586-025-09875-2,Urogenital Sinus Lig,17
Mesen_MesonephricFibs_Fetal,celltype_Lorenzi2025,10.1038/s41586-025-09875-2,Glans,9
Mesen_MesonephricFibs_Fetal,celltype_Lorenzi2025,10.1038/s41586-025-09875-2,Upper Urogenital Sinus Mese,6
Mesen_MesonephricFibs_Fetal,celltype_Lorenzi2025,10.1038/s41586-025-09875-2,Cervix Mese,3
Mesen_MesonephricFibs_Fetal,celltype_Lorenzi2025,10.1038/s41586-025-09875-2,Fallopian SmMu,2
Mesen_MesonephricFibs_Fetal,celltype_Lorenzi2025,10.1038/s41586-025-09875-2,Lower Vagina Mese,2
Mesen_MesonephricFibs_Fetal,celltype_Lorenzi2025,10.1038/s41586-025-09875-2,Lower Urogenital Sinus Mese,1
Mesen_MesonephricFibs_Fetal,celltype_Lorenzi2025,10.1038/s41586-025-09875-2,Müllerian Epi,1
Mesen_MesonephricFibs_Fetal,celltype_Lorenzi2025,10.1038/s41586-025-09875-2,Neural,1
Mesen_MesonephricFibs_Fetal,celltype_Lorenzi2025,10.1038/s41586-025-09875-2,Schwann,1
Mesen_MesonephricFibs_Fetal,celltype_Lorenzi2025,10.1038/s41586-025-09875-2,Wolffian Epi,1
Mesen_MesonephricFibs_Fetal,celltype_OvarySanger2026,(unresolved: Sanger ovary 2026),Epoophon_mesen_Fetal,286
Mesen_MesonephricFibs_Fetal,celltype_OvarySanger2026,(unresolved: Sanger ovary 2026),RepTract_prePV_Fetal,98
Mesen_MesonephricFibs_Fetal,celltype_OvarySanger2026,(unresolved: Sanger ovary 2026),Fallopian_lig_Fetal,17
Mesen_MesonephricFibs_Fetal,celltype_OvarySanger2026,(unresolved: Sanger ovary 2026),Stroma_Fetal,8
Mesen_MesonephricFibs_Fetal,celltype_OvarySanger2026,(unresolved: Sanger ovary 2026),Fallopian_mesen_Fetal,7
Mesen_MesonephricFibs_Fetal,celltype_OvarySanger2026,(unresolved: Sanger ovary 2026),Stroma_InnCor,2
Mesen_MesonephricFibs_Fetal,celltype_OvarySanger2026,(unresolved: Sanger ovary 2026),Stroma_Medulla,2
Mesen_MesonephricFibs_Fetal,celltype_OvarySanger2026,(unresolved: Sanger ovary 2026),Stroma_OutCor,2
Mesen_MesonephricFibs_Fetal,celltype_OvarySanger2026,(unresolved: Sanger ovary 2026),RepTract_prePV_HedgHigh_Fetal,1
Mesen_MullerianFib,celltype_GarciaAlonso2022,10.1038/s41586-022-04918-4,Mesenchymal_GATA2,1404
Mesen_MullerianFib,celltype_GarciaAlonso2022,10.1038/s41586-022-04918-4,CoelEpi_GATA2,51
Mesen_MullerianFib,celltype_GarciaAlonso2022,10.1038/s41586-022-04918-4,Oi,7
Mesen_MullerianFib,celltype_GarciaAlonso2022,10.1038/s41586-022-04918-4,Epithelial,4
Mesen_MullerianFib,celltype_GarciaAlonso2022,10.1038/s41586-022-04918-4,early_sPAX8,1
Mesen_MullerianFib,celltype_Lardenois2026,10.1016/j.devcel.2025.09.011,Extragonadal_CE,2
Mesen_MullerianFib,celltype_Lardenois2026,10.1016/j.devcel.2025.09.011,Interstitial,1
Mesen_MullerianFib,celltype_Lorenzi2025,10.1038/s41586-025-09875-2,Müllerian Mese,1647
Mesen_MullerianFib,celltype_Lorenzi2025,10.1038/s41586-025-09875-2,Fallopian Mese,91
Mesen_MullerianFib,celltype_Lorenzi2025,10.1038/s41586-025-09875-2,Coelomic Epi,62
Mesen_MullerianFib,celltype_Lorenzi2025,10.1038/s41586-025-09875-2,Uterus Mese,51
Mesen_MullerianFib,celltype_Lorenzi2025,10.1038/s41586-025-09875-2,Fallopian Lig,27
Mesen_MullerianFib,celltype_Lorenzi2025,10.1038/s41586-025-09875-2,Vas Deferens Mese,12
Mesen_MullerianFib,celltype_Lorenzi2025,10.1038/s41586-025-09875-2,Wolffian/Mesonephros Mese,8
Mesen_MullerianFib,celltype_Lorenzi2025,10.1038/s41586-025-09875-2,Urogenital Sinus Lig,3
Mesen_MullerianFib,celltype_Lorenzi2025,10.1038/s41586-025-09875-2,Cervix Mese,2
Mesen_MullerianFib,celltype_Lorenzi2025,10.1038/s41586-025-09875-2,Müllerian Epi,2
Mesen_MullerianFib,celltype_Lorenzi2025,10.1038/s41586-025-09875-2,Fallopian Epi,1
Mesen_MullerianFib,celltype_Lorenzi2025,10.1038/s41586-025-09875-2,Perivascular,1
Mesen_MullerianFib,celltype_Lorenzi2025,10.1038/s41586-025-09875-2,Upper Urogenital Sinus Mese,1
Mesen_MullerianFib,celltype_OvarySanger2026,(unresolved: Sanger ovary 2026),Fallopian_mesen_Fetal,4
Mesen_MullerianFib,celltype_OvarySanger2026,(unresolved: Sanger ovary 2026),Epithelial,2
Mesen_OvarianFibs_AdvLike,celltype_OvarySanger2026,(unresolved: Sanger ovary 2026),Stroma_InnCor,61
Mesen_OvarianFibs_AdvLike,celltype_OvarySanger2026,(unresolved: Sanger ovary 2026),Stroma_Perifoll_OutCor,58
Mesen_OvarianFibs_AdvLike,celltype_OvarySanger2026,(unresolved: Sanger ovary 2026),FibC3,40
Mesen_OvarianFibs_AdvLike,celltype_OvarySanger2026,(unresolved: Sanger ovary 2026),Stroma_OutCor_Foll,5
Mesen_OvarianFibs_AdvLike,celltype_OvarySanger2026,(unresolved: Sanger ovary 2026),Stroma_Perifoll_InnCor,2
Mesen_OvarianFibs_AdvLike,celltype_OvarySanger2026,(unresolved: Sanger ovary 2026),PV_Fibroblast,1
Mesen_OvarianFibs_AdvLike,celltype_OvarySanger2026,(unresolved: Sanger ovary 2026),Theca_3structural_HedgLow,1
Mesen_OvarianFibs_Fetal,celltype_GarciaAlonso2022,10.1038/s41586-022-04918-4,Oi,19068
Mesen_OvarianFibs_Fetal,celltype_GarciaAlonso2022,10.1038/s41586-022-04918-4,preGC_I,485
Mesen_OvarianFibs_Fetal,celltype_GarciaAlonso2022,10.1038/s41586-022-04918-4,Mesenchymal_GATA2,363
Mesen_OvarianFibs_Fetal,celltype_GarciaAlonso2022,10.1038/s41586-022-04918-4,early_somatic,278
Mesen_OvarianFibs_Fetal,celltype_GarciaAlonso2022,10.1038/s41586-022-04918-4,Gi,277
Mesen_OvarianFibs_Fetal,celltype_GarciaAlonso2022,10.1038/s41586-022-04918-4,early_sPAX8,43
Mesen_OvarianFibs_Fetal,celltype_GarciaAlonso2022,10.1038/s41586-022-04918-4,preGC_IIa,41
Mesen_OvarianFibs_Fetal,celltype_GarciaAlonso2022,10.1038/s41586-022-04918-4,PV,29
Mesen_OvarianFibs_Fetal,celltype_GarciaAlonso2022,10.1038/s41586-022-04918-4,early_supporting,17
Mesen_OvarianFibs_Fetal,celltype_GarciaAlonso2022,10.1038/s41586-022-04918-4,preGC_IIb,12
Mesen_OvarianFibs_Fetal,celltype_GarciaAlonso2022,10.1038/s41586-022-04918-4,SMCs,6
Mesen_OvarianFibs_Fetal,celltype_GarciaAlonso2022,10.1038/s41586-022-04918-4,CoelEpi_LHX9,5
Mesen_OvarianFibs_Fetal,celltype_GarciaAlonso2022,10.1038/s41586-022-04918-4,Epithelial,3
Mesen_OvarianFibs_Fetal,celltype_GarciaAlonso2022,10.1038/s41586-022-04918-4,OSE,2
Mesen_OvarianFibs_Fetal,celltype_GarciaAlonso2022,10.1038/s41586-022-04918-4,granulosa,2
Mesen_OvarianFibs_Fetal,celltype_GarciaAlonso2022,10.1038/s41586-022-04918-4,GermCells,1
Mesen_OvarianFibs_Fetal,celltype_GarciaAlonso2022,10.1038/s41586-022-04918-4,Immune,1
Mesen_OvarianFibs_Fetal,celltype_GarciaAlonso2022,10.1038/s41586-022-04918-4,Neural,1
Mesen_OvarianFibs_Fetal,celltype_Lardenois2026,10.1016/j.devcel.2025.09.011,Interstitial,3588
Mesen_OvarianFibs_Fetal,celltype_Lardenois2026,10.1016/j.devcel.2025.09.011,Pre_granulosa,93
Mesen_OvarianFibs_Fetal,celltype_Lardenois2026,10.1016/j.devcel.2025.09.011,Somatic_progenitors,26
Mesen_OvarianFibs_Fetal,celltype_Lardenois2026,10.1016/j.devcel.2025.09.011,Undifferentiated_supporting,12
Mesen_OvarianFibs_Fetal,celltype_Lardenois2026,10.1016/j.devcel.2025.09.011,Gonadal_CE,6
Mesen_OvarianFibs_Fetal,celltype_Lardenois2026,10.1016/j.devcel.2025.09.011,Rete_testis_ovarii,5
Mesen_OvarianFibs_Fetal,celltype_Lardenois2026,10.1016/j.devcel.2025.09.011,Perivascular,2
Mesen_OvarianFibs_Fetal,celltype_Lardenois2026,10.1016/j.devcel.2025.09.011,Pre_Leydig,2
Mesen_OvarianFibs_Fetal,celltype_Lardenois2026,10.1016/j.devcel.2025.09.011,Low_QC,1
Mesen_OvarianFibs_Fetal,celltype_Lorenzi2025,10.1038/s41586-025-09875-2,Fallopian Lig,39
Mesen_OvarianFibs_Fetal,celltype_Lorenzi2025,10.1038/s41586-025-09875-2,Epoophron Mese,32
Mesen_OvarianFibs_Fetal,celltype_Lorenzi2025,10.1038/s41586-025-09875-2,Wolffian/Mesonephros Mese,27
Mesen_OvarianFibs_Fetal,celltype_Lorenzi2025,10.1038/s41586-025-09875-2,Fallopian Mese,24
Mesen_OvarianFibs_Fetal,celltype_Lorenzi2025,10.1038/s41586-025-09875-2,Pre-Perivascular,14
Mesen_OvarianFibs_Fetal,celltype_Lorenzi2025,10.1038/s41586-025-09875-2,Müllerian Mese,9
Mesen_OvarianFibs_Fetal,celltype_Lorenzi2025,10.1038/s41586-025-09875-2,Uterus Lig,8
Mesen_OvarianFibs_Fetal,celltype_Lorenzi2025,10.1038/s41586-025-09875-2,Wolffian/Mesonephros Lig,5
Mesen_OvarianFibs_Fetal,celltype_Lorenzi2025,10.1038/s41586-025-09875-2,Perivascular,4
Mesen_OvarianFibs_Fetal,celltype_Lorenzi2025,10.1038/s41586-025-09875-2,Preputial Lamina Epi,3
Mesen_OvarianFibs_Fetal,celltype_Lorenzi2025,10.1038/s41586-025-09875-2,Cervix/Vagina Lig,2
Mesen_OvarianFibs_Fetal,celltype_Lorenzi2025,10.1038/s41586-025-09875-2,Upper Urogenital Sinus Mese,2
Mesen_OvarianFibs_Fetal,celltype_Lorenzi2025,10.1038/s41586-025-09875-2,Endothelial,1
Mesen_OvarianFibs_Fetal,celltype_Lorenzi2025,10.1038/s41586-025-09875-2,Vas Deferens Mese,1
Mesen_OvarianFibs_Fetal,celltype_OvarySanger2026,(unresolved: Sanger ovary 2026),Stroma_Fetal,13637
Mesen_OvarianFibs_Fetal,celltype_OvarySanger2026,(unresolved: Sanger ovary 2026),preGranulosa_I_Fetal,719
Mesen_OvarianFibs_Fetal,celltype_OvarySanger2026,(unresolved: Sanger ovary 2026),Stroma_InnCor,122
Mesen_OvarianFibs_Fetal,celltype_OvarySanger2026,(unresolved: Sanger ovary 2026),Stroma_OutCor,101
Mesen_OvarianFibs_Fetal,celltype_OvarySanger2026,(unresolved: Sanger ovary 2026),RepTract_prePV_Fetal,96
Mesen_OvarianFibs_Fetal,celltype_OvarySanger2026,(unresolved: Sanger ovary 2026),Fallopian_lig_Fetal,64
Mesen_OvarianFibs_Fetal,celltype_OvarySanger2026,(unresolved: Sanger ovary 2026),Epoophon_mesen_Fetal,58
Mesen_OvarianFibs_Fetal,celltype_OvarySanger2026,(unresolved: Sanger ovary 2026),Fallopian_mesen_Fetal,41
Mesen_OvarianFibs_Fetal,celltype_OvarySanger2026,(unresolved: Sanger ovary 2026),Stroma_Medulla,37
Mesen_OvarianFibs_Fetal,celltype_OvarySanger2026,(unresolved: Sanger ovary 2026),Stroma_Perifoll_InnCor,27
Mesen_OvarianFibs_Fetal,celltype_OvarySanger2026,(unresolved: Sanger ovary 2026),FibC3,13
Mesen_OvarianFibs_Fetal,celltype_OvarySanger2026,(unresolved: Sanger ovary 2026),PV_Fetal,8
Mesen_OvarianFibs_Fetal,celltype_OvarySanger2026,(unresolved: Sanger ovary 2026),Fallopian_SMCs_Fetal,5
Mesen_OvarianFibs_Fetal,celltype_OvarySanger2026,(unresolved: Sanger ovary 2026),PV_Fibroblast,4
Mesen_OvarianFibs_Fetal,celltype_OvarySanger2026,(unresolved: Sanger ovary 2026),Stroma_Perifoll_OutCor,4
Mesen_OvarianFibs_Fetal,celltype_OvarySanger2026,(unresolved: Sanger ovary 2026),Epithelial,3
Mesen_OvarianFibs_Fetal,celltype_OvarySanger2026,(unresolved: Sanger ovary 2026),Theca_1perifollicular,3
Mesen_OvarianFibs_Fetal,celltype_OvarySanger2026,(unresolved: Sanger ovary 2026),Theca_2androgenic_pre,3
Mesen_OvarianFibs_Fetal,celltype_OvarySanger2026,(unresolved: Sanger ovary 2026),preGranulosa_II_Fetal,3
Mesen_OvarianFibs_Fetal,celltype_OvarySanger2026,(unresolved: Sanger ovary 2026),Theca_1perifollicular_cycling,2
Mesen_OvarianFibs_Fetal,celltype_OvarySanger2026,(unresolved: Sanger ovary 2026),Granulosa_AMH_antral_HedgLow,1
Mesen_OvarianFibs_Fetal,celltype_OvarySanger2026,(unresolved: Sanger ovary 2026),Granulosa_AMH_atr,1
Mesen_OvarianFibs_Fetal,celltype_OvarySanger2026,(unresolved: Sanger ovary 2026),RepTract_prePV_HedgHigh_Fetal,1
Mesen_OvarianFibs_InncorMedulla,celltype_OvarySanger2026,(unresolved: Sanger ovary 2026),Stroma_InnCor,47671
Mesen_OvarianFibs_InncorMedulla,celltype_OvarySanger2026,(unresolved: Sanger ovary 2026),Stroma_OutCor_Foll,15473
Mesen_OvarianFibs_InncorMedulla,celltype_OvarySanger2026,(unresolved: Sanger ovary 2026),Stroma_Medulla,8271
Mesen_OvarianFibs_InncorMedulla,celltype_OvarySanger2026,(unresolved: Sanger ovary 2026),Stroma_Perifoll_InnCor,3668
Mesen_OvarianFibs_InncorMedulla,celltype_OvarySanger2026,(unresolved: Sanger ovary 2026),Theca_3structural_HedgLow,743
Mesen_OvarianFibs_InncorMedulla,celltype_OvarySanger2026,(unresolved: Sanger ovary 2026),FibC3,491
Mesen_OvarianFibs_InncorMedulla,celltype_OvarySanger2026,(unresolved: Sanger ovary 2026),Stroma_Perifoll_OutCor,301
Mesen_OvarianFibs_InncorMedulla,celltype_OvarySanger2026,(unresolved: Sanger ovary 2026),Stroma_OutCor,233
Mesen_OvarianFibs_InncorMedulla,celltype_OvarySanger2026,(unresolved: Sanger ovary 2026),Theca_3structural,129
Mesen_OvarianFibs_InncorMedulla,celltype_OvarySanger2026,(unresolved: Sanger ovary 2026),PV_Fibroblast,119
Mesen_OvarianFibs_InncorMedulla,celltype_OvarySanger2026,(unresolved: Sanger ovary 2026),Theca_2androgenic_Atr,55
Mesen_OvarianFibs_InncorMedulla,celltype_OvarySanger2026,(unresolved: Sanger ovary 2026),Theca_1perifollicular,17
Mesen_OvarianFibs_InncorMedulla,celltype_OvarySanger2026,(unresolved: Sanger ovary 2026),Granulosa_sq_atr,10
Mesen_OvarianFibs_InncorMedulla,celltype_OvarySanger2026,(unresolved: Sanger ovary 2026),PV_SMC_Arterial,6
Mesen_OvarianFibs_InncorMedulla,celltype_OvarySanger2026,(unresolved: Sanger ovary 2026),Theca_1perifollicular_cycling,5
Mesen_OvarianFibs_InncorMedulla,celltype_OvarySanger2026,(unresolved: Sanger ovary 2026),Theca_Atr,5
Mesen_OvarianFibs_InncorMedulla,celltype_OvarySanger2026,(unresolved: Sanger ovary 2026),FibC3_other,3
Mesen_OvarianFibs_InncorMedulla,celltype_OvarySanger2026,(unresolved: Sanger ovary 2026),Theca_2androgenic_pre,3
Mesen_OvarianFibs_InncorMedulla,celltype_OvarySanger2026,(unresolved: Sanger ovary 2026),Theca_3structural_ZIM2,3
Mesen_OvarianFibs_InncorMedulla,celltype_OvarySanger2026,(unresolved: Sanger ovary 2026),Granulosa_sq,2
Mesen_OvarianFibs_InncorMedulla,celltype_OvarySanger2026,(unresolved: Sanger ovary 2026),Neural_Glia_DHH+,1
Mesen_OvarianFibs_InncorMedulla,celltype_OvarySanger2026,(unresolved: Sanger ovary 2026),PV_Capillary_Pericytes,1
Mesen_OvarianFibs_InncorMedulla,celltype_OvarySanger2026,(unresolved: Sanger ovary 2026),PV_Fetal,1
Mesen_OvarianFibs_Medulla_SMCsLike,celltype_OvarySanger2026,(unresolved: Sanger ovary 2026),Stroma_InnCor,8552
Mesen_OvarianFibs_Medulla_SMCsLike,celltype_OvarySanger2026,(unresolved: Sanger ovary 2026),Stroma_Medulla,166
Mesen_OvarianFibs_Medulla_SMCsLike,celltype_OvarySanger2026,(unresolved: Sanger ovary 2026),Theca_3structural_HedgLow,121
Mesen_OvarianFibs_Medulla_SMCsLike,celltype_OvarySanger2026,(unresolved: Sanger ovary 2026),Stroma_Perifoll_InnCor,96
Mesen_OvarianFibs_Medulla_SMCsLike,celltype_OvarySanger2026,(unresolved: Sanger ovary 2026),Stroma_OutCor_Foll,75
Mesen_OvarianFibs_Medulla_SMCsLike,celltype_OvarySanger2026,(unresolved: Sanger ovary 2026),Stroma_Perifoll_OutCor,49
Mesen_OvarianFibs_Medulla_SMCsLike,celltype_OvarySanger2026,(unresolved: Sanger ovary 2026),PV_Fibroblast,24
Mesen_OvarianFibs_Medulla_SMCsLike,celltype_OvarySanger2026,(unresolved: Sanger ovary 2026),FibC3,12
Mesen_OvarianFibs_Medulla_SMCsLike,celltype_OvarySanger2026,(unresolved: Sanger ovary 2026),PV_SMC_Arterial,3
Mesen_OvarianFibs_Medulla_SMCsLike,celltype_OvarySanger2026,(unresolved: Sanger ovary 2026),Stroma_OutCor,3
Mesen_OvarianFibs_Medulla_SMCsLike,celltype_OvarySanger2026,(unresolved: Sanger ovary 2026),Theca_3structural,3
Mesen_OvarianFibs_Medulla_SMCsLike,celltype_OvarySanger2026,(unresolved: Sanger ovary 2026),Theca_3structural_ZIM2,2
Mesen_OvarianFibs_Medulla_SMCsLike,celltype_OvarySanger2026,(unresolved: Sanger ovary 2026),PV_Capillary_Pericytes,1
Mesen_OvarianFibs_Outcor,celltype_OvarySanger2026,(unresolved: Sanger ovary 2026),Stroma_OutCor_Foll,13493
Mesen_OvarianFibs_Outcor,celltype_OvarySanger2026,(unresolved: Sanger ovary 2026),Stroma_OutCor,2225
Mesen_OvarianFibs_Outcor,celltype_OvarySanger2026,(unresolved: Sanger ovary 2026),Stroma_InnCor,1186
Mesen_OvarianFibs_Outcor,celltype_OvarySanger2026,(unresolved: Sanger ovary 2026),Stroma_Perifoll_InnCor,319
Mesen_OvarianFibs_Outcor,celltype_OvarySanger2026,(unresolved: Sanger ovary 2026),FibC3,195
Mesen_OvarianFibs_Outcor,celltype_OvarySanger2026,(unresolved: Sanger ovary 2026),Theca_3structural_HedgLow,157
Mesen_OvarianFibs_Outcor,celltype_OvarySanger2026,(unresolved: Sanger ovary 2026),Stroma_Medulla,118
Mesen_OvarianFibs_Outcor,celltype_OvarySanger2026,(unresolved: Sanger ovary 2026),Stroma_Perifoll_OutCor,61
Mesen_OvarianFibs_Outcor,celltype_OvarySanger2026,(unresolved: Sanger ovary 2026),Theca_3structural,17
Mesen_OvarianFibs_Outcor,celltype_OvarySanger2026,(unresolved: Sanger ovary 2026),PV_Fibroblast,16
Mesen_OvarianFibs_Outcor,celltype_OvarySanger2026,(unresolved: Sanger ovary 2026),Epithelial,3
Mesen_OvarianFibs_Outcor,celltype_OvarySanger2026,(unresolved: Sanger ovary 2026),Theca_1perifollicular,2
Mesen_OvarianFibs_Outcor,celltype_OvarySanger2026,(unresolved: Sanger ovary 2026),Theca_1perifollicular_cycling,2
Mesen_OvarianFibs_Outcor,celltype_OvarySanger2026,(unresolved: Sanger ovary 2026),PV_Fetal,1
Mesen_OvarianFibs_Outcor,celltype_OvarySanger2026,(unresolved: Sanger ovary 2026),Theca_2androgenic_Atr,1
Mesen_OvarianFibs_Perifol,celltype_OvarySanger2026,(unresolved: Sanger ovary 2026),Stroma_Perifoll_InnCor,16057
Mesen_OvarianFibs_Perifol,celltype_OvarySanger2026,(unresolved: Sanger ovary 2026),Stroma_InnCor,14715
Mesen_OvarianFibs_Perifol,celltype_OvarySanger2026,(unresolved: Sanger ovary 2026),Stroma_OutCor_Foll,1296
Mesen_OvarianFibs_Perifol,celltype_OvarySanger2026,(unresolved: Sanger ovary 2026),Theca_3structural_HedgLow,1058
Mesen_OvarianFibs_Perifol,celltype_OvarySanger2026,(unresolved: Sanger ovary 2026),Stroma_Medulla,1052
Mesen_OvarianFibs_Perifol,celltype_OvarySanger2026,(unresolved: Sanger ovary 2026),Theca_3structural,618
Mesen_OvarianFibs_Perifol,celltype_OvarySanger2026,(unresolved: Sanger ovary 2026),Stroma_Perifoll_OutCor,280
Mesen_OvarianFibs_Perifol,celltype_OvarySanger2026,(unresolved: Sanger ovary 2026),FibC3,149
Mesen_OvarianFibs_Perifol,celltype_OvarySanger2026,(unresolved: Sanger ovary 2026),Theca_1perifollicular,94
Mesen_OvarianFibs_Perifol,celltype_OvarySanger2026,(unresolved: Sanger ovary 2026),Theca_2androgenic_Atr,54
Mesen_OvarianFibs_Perifol,celltype_OvarySanger2026,(unresolved: Sanger ovary 2026),Stroma_OutCor,31
Mesen_OvarianFibs_Perifol,celltype_OvarySanger2026,(unresolved: Sanger ovary 2026),PV_Fibroblast,21
Mesen_OvarianFibs_Perifol,celltype_OvarySanger2026,(unresolved: Sanger ovary 2026),Theca_2androgenic_pre,16
Mesen_OvarianFibs_Perifol,celltype_OvarySanger2026,(unresolved: Sanger ovary 2026),PV_Fetal,5
Mesen_OvarianFibs_Perifol,celltype_OvarySanger2026,(unresolved: Sanger ovary 2026),Theca_1perifollicular_cycling,4
Mesen_OvarianFibs_Perifol,celltype_OvarySanger2026,(unresolved: Sanger ovary 2026),Theca_3structural_ZIM2,3
Mesen_OvarianFibs_Perifol,celltype_OvarySanger2026,(unresolved: Sanger ovary 2026),Theca_Atr,3
Mesen_OvarianFibs_Perifol,celltype_OvarySanger2026,(unresolved: Sanger ovary 2026),PV_Capillary_Pericytes,2
Mesen_OvarianFibs_Perifol,celltype_OvarySanger2026,(unresolved: Sanger ovary 2026),Granulosa_sq_atr,1
Mesen_OvarianInclFibs,celltype_OvarySanger2026,(unresolved: Sanger ovary 2026),Stroma_HOXA9,42
Mesen_OvarianInclFibs,celltype_OvarySanger2026,(unresolved: Sanger ovary 2026),FibC3,4
Mesen_OvarianInclFibs,celltype_OvarySanger2026,(unresolved: Sanger ovary 2026),Stroma_Medulla,2
Mesen_OvarianInclFibs,celltype_OvarySanger2026,(unresolved: Sanger ovary 2026),Stroma_InnCor,1
Mesen_OvarianInclFibs,celltype_OvarySanger2026,(unresolved: Sanger ovary 2026),Stroma_OutCor_Foll,1
Mesen_PV_Fetal,celltype_GarciaAlonso2022,10.1038/s41586-022-04918-4,PV,9412
Mesen_PV_Fetal,celltype_GarciaAlonso2022,10.1038/s41586-022-04918-4,Mesenchymal_GATA2,898
Mesen_PV_Fetal,celltype_GarciaAlonso2022,10.1038/s41586-022-04918-4,Oi,60
Mesen_PV_Fetal,celltype_GarciaAlonso2022,10.1038/s41586-022-04918-4,Epithelial,22
Mesen_PV_Fetal,celltype_GarciaAlonso2022,10.1038/s41586-022-04918-4,SMCs,20
Mesen_PV_Fetal,celltype_GarciaAlonso2022,10.1038/s41586-022-04918-4,Gi,4
Mesen_PV_Fetal,celltype_GarciaAlonso2022,10.1038/s41586-022-04918-4,preGC_I,4
Mesen_PV_Fetal,celltype_GarciaAlonso2022,10.1038/s41586-022-04918-4,preGC_IIb,2
Mesen_PV_Fetal,celltype_GarciaAlonso2022,10.1038/s41586-022-04918-4,CoelEpi_LHX9_cycling,1
Mesen_PV_Fetal,celltype_GarciaAlonso2022,10.1038/s41586-022-04918-4,Endothelial,1
Mesen_PV_Fetal,celltype_GarciaAlonso2022,10.1038/s41586-022-04918-4,GermCells,1
Mesen_PV_Fetal,celltype_GarciaAlonso2022,10.1038/s41586-022-04918-4,early_sPAX8,1
Mesen_PV_Fetal,celltype_GarciaAlonso2022,10.1038/s41586-022-04918-4,early_supporting,1
Mesen_PV_Fetal,celltype_Lardenois2026,10.1016/j.devcel.2025.09.011,Perivascular,100
Mesen_PV_Fetal,celltype_Lardenois2026,10.1016/j.devcel.2025.09.011,Interstitial,45
Mesen_PV_Fetal,celltype_Lardenois2026,10.1016/j.devcel.2025.09.011,Mesonephric_mesenchymal,9
Mesen_PV_Fetal,celltype_Lardenois2026,10.1016/j.devcel.2025.09.011,Erythrocyte,1
Mesen_PV_Fetal,celltype_Lardenois2026,10.1016/j.devcel.2025.09.011,Low_QC,1
Mesen_PV_Fetal,celltype_Lorenzi2025,10.1038/s41586-025-09875-2,Perivascular,12619
Mesen_PV_Fetal,celltype_Lorenzi2025,10.1038/s41586-025-09875-2,Pre-Perivascular,3008
Mesen_PV_Fetal,celltype_Lorenzi2025,10.1038/s41586-025-09875-2,Wolffian/Mesonephros Mese,264
Mesen_PV_Fetal,celltype_Lorenzi2025,10.1038/s41586-025-09875-2,Uterus Lig,117
Mesen_PV_Fetal,celltype_Lorenzi2025,10.1038/s41586-025-09875-2,Fallopian Lig,70
Mesen_PV_Fetal,celltype_Lorenzi2025,10.1038/s41586-025-09875-2,Epoophron Mese,65
Mesen_PV_Fetal,celltype_Lorenzi2025,10.1038/s41586-025-09875-2,Fallopian Mese,51
Mesen_PV_Fetal,celltype_Lorenzi2025,10.1038/s41586-025-09875-2,Cervix/Upper Vagina SmMu,42
Mesen_PV_Fetal,celltype_Lorenzi2025,10.1038/s41586-025-09875-2,Labio-Scrotal Swelling,35
Mesen_PV_Fetal,celltype_Lorenzi2025,10.1038/s41586-025-09875-2,Urogenital Sinus Lig,29
Mesen_PV_Fetal,celltype_Lorenzi2025,10.1038/s41586-025-09875-2,Uterus SmMu,21
Mesen_PV_Fetal,celltype_Lorenzi2025,10.1038/s41586-025-09875-2,Uterus Mese,19
Mesen_PV_Fetal,celltype_Lorenzi2025,10.1038/s41586-025-09875-2,Cervix/Vagina Lig,17
Mesen_PV_Fetal,celltype_Lorenzi2025,10.1038/s41586-025-09875-2,Corpus Cavernosum,17
Mesen_PV_Fetal,celltype_Lorenzi2025,10.1038/s41586-025-09875-2,Cervix Mese,16
Mesen_PV_Fetal,celltype_Lorenzi2025,10.1038/s41586-025-09875-2,Lower Vagina Mese,13
Mesen_PV_Fetal,celltype_Lorenzi2025,10.1038/s41586-025-09875-2,Fallopian Epi,8
Mesen_PV_Fetal,celltype_Lorenzi2025,10.1038/s41586-025-09875-2,Wolffian/Mesonephros Lig,7
Mesen_PV_Fetal,celltype_Lorenzi2025,10.1038/s41586-025-09875-2,Prepuce,6
Mesen_PV_Fetal,celltype_Lorenzi2025,10.1038/s41586-025-09875-2,Lower Vagina SmMu,5
Mesen_PV_Fetal,celltype_Lorenzi2025,10.1038/s41586-025-09875-2,Preputial Lamina Epi,5
Mesen_PV_Fetal,celltype_Lorenzi2025,10.1038/s41586-025-09875-2,Lower Urogenital Sinus Mese,3
Mesen_PV_Fetal,celltype_Lorenzi2025,10.1038/s41586-025-09875-2,Schwann,3
Mesen_PV_Fetal,celltype_Lorenzi2025,10.1038/s41586-025-09875-2,Upper Urogenital Sinus Mese,3
Mesen_PV_Fetal,celltype_Lorenzi2025,10.1038/s41586-025-09875-2,Upper Vagina Mese,3
Mesen_PV_Fetal,celltype_Lorenzi2025,10.1038/s41586-025-09875-2,Wolffian Epi,3
Mesen_PV_Fetal,celltype_Lorenzi2025,10.1038/s41586-025-09875-2,Endothelial,2
Mesen_PV_Fetal,celltype_Lorenzi2025,10.1038/s41586-025-09875-2,Fallopian SmMu,2
Mesen_PV_Fetal,celltype_Lorenzi2025,10.1038/s41586-025-09875-2,Glans,2
Mesen_PV_Fetal,celltype_Lorenzi2025,10.1038/s41586-025-09875-2,Lower Vagina Epi,2
Mesen_PV_Fetal,celltype_Lorenzi2025,10.1038/s41586-025-09875-2,Vas Deferens Mese,2
Mesen_PV_Fetal,celltype_Lorenzi2025,10.1038/s41586-025-09875-2,Coelomic Epi,1
Mesen_PV_Fetal,celltype_Lorenzi2025,10.1038/s41586-025-09875-2,Corpus Spongiosum,1
Mesen_PV_Fetal,celltype_Lorenzi2025,10.1038/s41586-025-09875-2,Mesonephric Tubules Epi,1
Mesen_PV_Fetal,celltype_Lorenzi2025,10.1038/s41586-025-09875-2,Urethral Epi,1
Mesen_PV_Fetal,celltype_OvarySanger2026,(unresolved: Sanger ovary 2026),RepTract_prePV_Fetal,3459
Mesen_PV_Fetal,celltype_OvarySanger2026,(unresolved: Sanger ovary 2026),PV_Fetal,3183
Mesen_PV_Fetal,celltype_OvarySanger2026,(unresolved: Sanger ovary 2026),PV_SMC_Arterial,1213
Mesen_PV_Fetal,celltype_OvarySanger2026,(unresolved: Sanger ovary 2026),PV_cycling,372
Mesen_PV_Fetal,celltype_OvarySanger2026,(unresolved: Sanger ovary 2026),PV_Fibroblast,178
Mesen_PV_Fetal,celltype_OvarySanger2026,(unresolved: Sanger ovary 2026),RepTract_prePV_HedgHigh_Fetal,177
Mesen_PV_Fetal,celltype_OvarySanger2026,(unresolved: Sanger ovary 2026),Fallopian_mesen_Fetal,153
Mesen_PV_Fetal,celltype_OvarySanger2026,(unresolved: Sanger ovary 2026),Fallopian_lig_Fetal,47
Mesen_PV_Fetal,celltype_OvarySanger2026,(unresolved: Sanger ovary 2026),Epithelial,27
Mesen_PV_Fetal,celltype_OvarySanger2026,(unresolved: Sanger ovary 2026),PV_Capillary_Pericytes,25
Mesen_PV_Fetal,celltype_OvarySanger2026,(unresolved: Sanger ovary 2026),Stroma_Fetal,19
Mesen_PV_Fetal,celltype_OvarySanger2026,(unresolved: Sanger ovary 2026),Fallopian_SMCs_Fetal,9
Mesen_PV_Fetal,celltype_OvarySanger2026,(unresolved: Sanger ovary 2026),Stroma_InnCor,8
Mesen_PV_Fetal,celltype_OvarySanger2026,(unresolved: Sanger ovary 2026),Epoophon_mesen_Fetal,6
Mesen_PV_Fetal,celltype_OvarySanger2026,(unresolved: Sanger ovary 2026),Stroma_Perifoll_InnCor,4
Mesen_PV_Fetal,celltype_OvarySanger2026,(unresolved: Sanger ovary 2026),FibC3,3
Mesen_PV_Fetal,celltype_OvarySanger2026,(unresolved: Sanger ovary 2026),SMCs,2
Mesen_PV_Fetal,celltype_OvarySanger2026,(unresolved: Sanger ovary 2026),Stroma_Medulla,2
Mesen_PV_Fetal,celltype_OvarySanger2026,(unresolved: Sanger ovary 2026),Stroma_OutCor,2
Mesen_PV_Fetal,celltype_OvarySanger2026,(unresolved: Sanger ovary 2026),Theca_1perifollicular_cycling,2
Mesen_PV_Fetal,celltype_OvarySanger2026,(unresolved: Sanger ovary 2026),Granulosa_sq_atr,1
Mesen_Pericyte,celltype_GarciaAlonso2021,10.1038/s41588-021-00972-2,PV STEAP4,1186
Mesen_Pericyte,celltype_GarciaAlonso2021,10.1038/s41588-021-00972-2,PV MYH11,37
Mesen_Pericyte,celltype_GarciaAlonso2021,10.1038/s41588-021-00972-2,dS,19
Mesen_Pericyte,celltype_GarciaAlonso2021,10.1038/s41588-021-00972-2,Fibroblast C7,9
Mesen_Pericyte,celltype_GarciaAlonso2021,10.1038/s41588-021-00972-2,eS,9
Mesen_Pericyte,celltype_GarciaAlonso2021,10.1038/s41588-021-00972-2,uSMC,7
Mesen_Pericyte,celltype_GarciaAlonso2021,10.1038/s41588-021-00972-2,Endothelial ACKR1,3
Mesen_Pericyte,celltype_HECA,"10.1038/s41588-024-01873-w (HECA/Marečková 2024, tentative)",ePV_2,1830
Mesen_Pericyte,celltype_HECA,"10.1038/s41588-024-01873-w (HECA/Marečková 2024, tentative)",ePV_1b,89
Mesen_Pericyte,celltype_HECA,"10.1038/s41588-024-01873-w (HECA/Marečková 2024, tentative)",ePV_1a,72
Mesen_Pericyte,celltype_HECA,"10.1038/s41588-024-01873-w (HECA/Marečková 2024, tentative)",dStromal_mid,48
Mesen_Pericyte,celltype_HECA,"10.1038/s41588-024-01873-w (HECA/Marečková 2024, tentative)",mPV,32
Mesen_Pericyte,celltype_HECA,"10.1038/s41588-024-01873-w (HECA/Marečková 2024, tentative)",eStromal,31
Mesen_Pericyte,celltype_HECA,"10.1038/s41588-024-01873-w (HECA/Marečková 2024, tentative)",Fibroblast_basalis,3
Mesen_Pericyte,celltype_HECA,"10.1038/s41588-024-01873-w (HECA/Marečková 2024, tentative)",HOXA13,3
Mesen_Pericyte,celltype_HECA,"10.1038/s41588-024-01873-w (HECA/Marečková 2024, tentative)",dStromal_late,3
Mesen_Pericyte,celltype_HECA,"10.1038/s41588-024-01873-w (HECA/Marečková 2024, tentative)",dStromal_early,2
Mesen_Pericyte,celltype_HECA,"10.1038/s41588-024-01873-w (HECA/Marečková 2024, tentative)",uSMCs,2
Mesen_Pericyte,celltype_HECA,"10.1038/s41588-024-01873-w (HECA/Marečková 2024, tentative)",eStromal_MMPs,1
Mesen_Pericyte,celltype_OvarySanger2026,(unresolved: Sanger ovary 2026),PV_Capillary_Pericytes,4326
Mesen_Pericyte,celltype_OvarySanger2026,(unresolved: Sanger ovary 2026),PV_SMC_Arterial,3844
Mesen_Pericyte,celltype_OvarySanger2026,(unresolved: Sanger ovary 2026),PV_Fetal,204
Mesen_Pericyte,celltype_OvarySanger2026,(unresolved: Sanger ovary 2026),PV_Fibroblast,175
Mesen_Pericyte,celltype_OvarySanger2026,(unresolved: Sanger ovary 2026),FibC3,11
Mesen_Pericyte,celltype_OvarySanger2026,(unresolved: Sanger ovary 2026),Stroma_Perifoll_OutCor,8
Mesen_Pericyte,celltype_OvarySanger2026,(unresolved: Sanger ovary 2026),Stroma_Perifoll_InnCor,6
Mesen_Pericyte,celltype_OvarySanger2026,(unresolved: Sanger ovary 2026),Stroma_InnCor,4
Mesen_Pericyte,celltype_OvarySanger2026,(unresolved: Sanger ovary 2026),PV_cycling,2
Mesen_Pericyte,celltype_OvarySanger2026,(unresolved: Sanger ovary 2026),Stroma_OutCor_Foll,2
Mesen_Pericyte,celltype_OvarySanger2026,(unresolved: Sanger ovary 2026),Stroma_Medulla,1
Mesen_Pericyte,celltype_OvarySanger2026,(unresolved: Sanger ovary 2026),Stroma_OutCor,1
Mesen_Pericyte,celltype_OvarySanger2026,(unresolved: Sanger ovary 2026),Theca_1perifollicular,1
Mesen_Pericyte,celltype_OvarySanger2026,(unresolved: Sanger ovary 2026),Theca_1perifollicular_cycling,1
Mesen_Pericyte,celltype_OvarySanger2026,(unresolved: Sanger ovary 2026),Theca_3structural,1
Mesen_Pericyte,celltype_Ulrich2022,10.1016/j.devcel.2022.02.017,fibroblast,474
Mesen_Pericyte,celltype_Ulrich2022,10.1016/j.devcel.2022.02.017,pericyte,14
Mesen_Pericyte,celltype_Ulrich2022,10.1016/j.devcel.2022.02.017,myofibroblast cell,2
Mesen_Pericyte,celltype_Ulrich2022,10.1016/j.devcel.2022.02.017,smooth muscle cell,2
Mesen_Pericyte,celltype_Ulrich2022,10.1016/j.devcel.2022.02.017,blood vessel endothelial cell,1
Mesen_Pericyte,celltype_Ulrich2022,10.1016/j.devcel.2022.02.017,secretory cell,1
Mesen_Pericyte,celltype_Ulrich2024,10.1073/pnas.2404775121,PV-STEAP4,1622
Mesen_Pericyte,celltype_Ulrich2024,10.1073/pnas.2404775121,PV-MYH11_CDKN1A-,101
Mesen_Pericyte,celltype_Ulrich2024,10.1073/pnas.2404775121,dS3,80
Mesen_Pericyte,celltype_Ulrich2024,10.1073/pnas.2404775121,dS2,61
Mesen_Pericyte,celltype_Ulrich2024,10.1073/pnas.2404775121,PV-MYH11_CDKN1A+,40
Mesen_Pericyte,celltype_Ulrich2024,10.1073/pnas.2404775121,C7-Fibroblast,16
Mesen_Pericyte,celltype_Ulrich2024,10.1073/pnas.2404775121,Tissue-resident-vascular-progenitor,15
Mesen_Pericyte,celltype_Ulrich2024,10.1073/pnas.2404775121,dS1,4
Mesen_Pericyte,celltype_Ulrich2024,10.1073/pnas.2404775121,uSMC,3
Mesen_Pericyte,celltype_Ulrich2024,10.1073/pnas.2404775121,EndoMT,2
Mesen_Pericyte,celltype_Ulrich2024,10.1073/pnas.2404775121,Myoepithelial,2
Mesen_Pericyte,celltype_Ulrich2024,10.1073/pnas.2404775121,eS-proliferative,1
Mesen_Pericyte,celltype_Weigert2025,10.1038/s41467-024-55440-2,perivascular cell,152
Mesen_Pericyte,celltype_Weigert2025,10.1038/s41467-024-55440-2,stromal cell,47
Mesen_Pericyte,celltype_Weigert2025,10.1038/s41467-024-55440-2,smooth muscle cell,1
Mesen_Pericyte_Cyc,celltype_GarciaAlonso2021,10.1038/s41588-021-00972-2,PV STEAP4,138
Mesen_Pericyte_Cyc,celltype_GarciaAlonso2021,10.1038/s41588-021-00972-2,Other,4
Mesen_Pericyte_Cyc,celltype_GarciaAlonso2021,10.1038/s41588-021-00972-2,eS,3
Mesen_Pericyte_Cyc,celltype_GarciaAlonso2021,10.1038/s41588-021-00972-2,Fibroblast C7,1
Mesen_Pericyte_Cyc,celltype_GarciaAlonso2021,10.1038/s41588-021-00972-2,PV MYH11,1
Mesen_Pericyte_Cyc,celltype_GarciaAlonso2021,10.1038/s41588-021-00972-2,uSMC,1
Mesen_Pericyte_Cyc,celltype_HECA,"10.1038/s41588-024-01873-w (HECA/Marečková 2024, tentative)",ePV_2,280
Mesen_Pericyte_Cyc,celltype_HECA,"10.1038/s41588-024-01873-w (HECA/Marečková 2024, tentative)",ePV_1b,217
Mesen_Pericyte_Cyc,celltype_HECA,"10.1038/s41588-024-01873-w (HECA/Marečková 2024, tentative)",eStromal_cycling,32
Mesen_Pericyte_Cyc,celltype_HECA,"10.1038/s41588-024-01873-w (HECA/Marečková 2024, tentative)",eStromal,4
Mesen_Pericyte_Cyc,celltype_HECA,"10.1038/s41588-024-01873-w (HECA/Marečková 2024, tentative)",dStromal_late,1
Mesen_Pericyte_Cyc,celltype_HECA,"10.1038/s41588-024-01873-w (HECA/Marečková 2024, tentative)",mPV,1
Mesen_Pericyte_Cyc,celltype_HECA,"10.1038/s41588-024-01873-w (HECA/Marečková 2024, tentative)",uSMCs,1
Mesen_Pericyte_Cyc,celltype_OvarySanger2026,(unresolved: Sanger ovary 2026),PV_SMC_Arterial,142
Mesen_Pericyte_Cyc,celltype_OvarySanger2026,(unresolved: Sanger ovary 2026),PV_cycling,83
Mesen_Pericyte_Cyc,celltype_OvarySanger2026,(unresolved: Sanger ovary 2026),PV_Fetal,9
Mesen_Pericyte_Cyc,celltype_OvarySanger2026,(unresolved: Sanger ovary 2026),PV_Capillary_Pericytes,1
Mesen_Pericyte_Cyc,celltype_OvarySanger2026,(unresolved: Sanger ovary 2026),PV_Fibroblast,1
Mesen_Pericyte_Cyc,celltype_OvarySanger2026,(unresolved: Sanger ovary 2026),Theca_3structural,1
Mesen_Pericyte_Cyc,celltype_Ulrich2022,10.1016/j.devcel.2022.02.017,fibroblast,7
Mesen_Pericyte_Cyc,celltype_Ulrich2022,10.1016/j.devcel.2022.02.017,pericyte,3
Mesen_Pericyte_Cyc,celltype_Ulrich2022,10.1016/j.devcel.2022.02.017,macrophage,1
Mesen_Pericyte_Cyc,celltype_Ulrich2024,10.1073/pnas.2404775121,eS-proliferative,70
Mesen_Pericyte_Cyc,celltype_Ulrich2024,10.1073/pnas.2404775121,PV-STEAP4,64
Mesen_Pericyte_Cyc,celltype_Ulrich2024,10.1073/pnas.2404775121,PV-MYH11_CDKN1A+,56
Mesen_Pericyte_Cyc,celltype_Ulrich2024,10.1073/pnas.2404775121,PV-MYH11_CDKN1A-,26
Mesen_Pericyte_Cyc,celltype_Ulrich2024,10.1073/pnas.2404775121,dS3,12
Mesen_Pericyte_Cyc,celltype_Ulrich2024,10.1073/pnas.2404775121,Fibrocytes,1
Mesen_Pericyte_Cyc,celltype_Ulrich2024,10.1073/pnas.2404775121,Tissue-resident-vascular-progenitor,1
Mesen_Pericyte_Cyc,celltype_Weigert2025,10.1038/s41467-024-55440-2,perivascular cell,1
Mesen_Pericyte_EndoSpiralArt,celltype_GarciaAlonso2021,10.1038/s41588-021-00972-2,PV STEAP4,506
Mesen_Pericyte_EndoSpiralArt,celltype_GarciaAlonso2021,10.1038/s41588-021-00972-2,PV MYH11,12
Mesen_Pericyte_EndoSpiralArt,celltype_HECA,"10.1038/s41588-024-01873-w (HECA/Marečková 2024, tentative)",ePV_1b,1359
Mesen_Pericyte_EndoSpiralArt,celltype_HECA,"10.1038/s41588-024-01873-w (HECA/Marečková 2024, tentative)",ePV_2,106
Mesen_Pericyte_EndoSpiralArt,celltype_HECA,"10.1038/s41588-024-01873-w (HECA/Marečková 2024, tentative)",mPV,16
Mesen_Pericyte_EndoSpiralArt,celltype_HECA,"10.1038/s41588-024-01873-w (HECA/Marečková 2024, tentative)",dStromal_mid,4
Mesen_Pericyte_EndoSpiralArt,celltype_HECA,"10.1038/s41588-024-01873-w (HECA/Marečková 2024, tentative)",eStromal,1
Mesen_Pericyte_EndoSpiralArt,celltype_OvarySanger2026,(unresolved: Sanger ovary 2026),PV_SMC_Arterial,409
Mesen_Pericyte_EndoSpiralArt,celltype_OvarySanger2026,(unresolved: Sanger ovary 2026),PV_Fetal,9
Mesen_Pericyte_EndoSpiralArt,celltype_OvarySanger2026,(unresolved: Sanger ovary 2026),PV_Fibroblast,9
Mesen_Pericyte_EndoSpiralArt,celltype_OvarySanger2026,(unresolved: Sanger ovary 2026),PV_Capillary_Pericytes,7
Mesen_Pericyte_EndoSpiralArt,celltype_Ulrich2024,10.1073/pnas.2404775121,PV-MYH11_CDKN1A-,648
Mesen_Pericyte_EndoSpiralArt,celltype_Ulrich2024,10.1073/pnas.2404775121,PV-STEAP4,146
Mesen_Pericyte_EndoSpiralArt,celltype_Ulrich2024,10.1073/pnas.2404775121,PV-MYH11_CDKN1A+,35
Mesen_Pericyte_EndoSpiralArt,celltype_Ulrich2024,10.1073/pnas.2404775121,Tissue-resident-vascular-progenitor,2
Mesen_Pericyte_EndoSpiralArt,celltype_Ulrich2024,10.1073/pnas.2404775121,dS3,2
Mesen_Pericyte_EndoSpiralArt,celltype_Ulrich2024,10.1073/pnas.2404775121,dS2,1
Mesen_Pericyte_EndoSpiralArt,celltype_Weigert2025,10.1038/s41467-024-55440-2,perivascular cell,3
Mesen_Pericyte_EndoStromalLike,celltype_GarciaAlonso2021,10.1038/s41588-021-00972-2,PV STEAP4,308
Mesen_Pericyte_EndoStromalLike,celltype_GarciaAlonso2021,10.1038/s41588-021-00972-2,eS,59
Mesen_Pericyte_EndoStromalLike,celltype_GarciaAlonso2021,10.1038/s41588-021-00972-2,dS,39
Mesen_Pericyte_EndoStromalLike,celltype_GarciaAlonso2021,10.1038/s41588-021-00972-2,uSMC,3
Mesen_Pericyte_EndoStromalLike,celltype_GarciaAlonso2021,10.1038/s41588-021-00972-2,Fibroblast C7,2
Mesen_Pericyte_EndoStromalLike,celltype_HECA,"10.1038/s41588-024-01873-w (HECA/Marečková 2024, tentative)",ePV_2,1161
Mesen_Pericyte_EndoStromalLike,celltype_HECA,"10.1038/s41588-024-01873-w (HECA/Marečková 2024, tentative)",eStromal,408
Mesen_Pericyte_EndoStromalLike,celltype_HECA,"10.1038/s41588-024-01873-w (HECA/Marečková 2024, tentative)",dStromal_mid,66
Mesen_Pericyte_EndoStromalLike,celltype_HECA,"10.1038/s41588-024-01873-w (HECA/Marečková 2024, tentative)",dStromal_early,44
Mesen_Pericyte_EndoStromalLike,celltype_HECA,"10.1038/s41588-024-01873-w (HECA/Marečková 2024, tentative)",ePV_1b,25
Mesen_Pericyte_EndoStromalLike,celltype_HECA,"10.1038/s41588-024-01873-w (HECA/Marečková 2024, tentative)",eStromal_cycling,20
Mesen_Pericyte_EndoStromalLike,celltype_HECA,"10.1038/s41588-024-01873-w (HECA/Marečková 2024, tentative)",sHormones,9
Mesen_Pericyte_EndoStromalLike,celltype_HECA,"10.1038/s41588-024-01873-w (HECA/Marečková 2024, tentative)",dStromal_late,8
Mesen_Pericyte_EndoStromalLike,celltype_HECA,"10.1038/s41588-024-01873-w (HECA/Marečková 2024, tentative)",eStromal_MMPs,6
Mesen_Pericyte_EndoStromalLike,celltype_HECA,"10.1038/s41588-024-01873-w (HECA/Marečková 2024, tentative)",ePV_1a,3
Mesen_Pericyte_EndoStromalLike,celltype_HECA,"10.1038/s41588-024-01873-w (HECA/Marečková 2024, tentative)",mPV,3
Mesen_Pericyte_EndoStromalLike,celltype_HECA,"10.1038/s41588-024-01873-w (HECA/Marečková 2024, tentative)",uSMCs,3
Mesen_Pericyte_EndoStromalLike,celltype_HECA,"10.1038/s41588-024-01873-w (HECA/Marečková 2024, tentative)",Immune_Myeloid,2
Mesen_Pericyte_EndoStromalLike,celltype_HECA,"10.1038/s41588-024-01873-w (HECA/Marečková 2024, tentative)",HOXA13,1
Mesen_Pericyte_EndoStromalLike,celltype_Ulrich2024,10.1073/pnas.2404775121,dS3,399
Mesen_Pericyte_EndoStromalLike,celltype_Ulrich2024,10.1073/pnas.2404775121,PV-STEAP4,272
Mesen_Pericyte_EndoStromalLike,celltype_Ulrich2024,10.1073/pnas.2404775121,dS2,109
Mesen_Pericyte_EndoStromalLike,celltype_Ulrich2024,10.1073/pnas.2404775121,PV-MYH11_CDKN1A+,49
Mesen_Pericyte_EndoStromalLike,celltype_Ulrich2024,10.1073/pnas.2404775121,PV-MYH11_CDKN1A-,43
Mesen_Pericyte_EndoStromalLike,celltype_Ulrich2024,10.1073/pnas.2404775121,dS1,8
Mesen_Pericyte_EndoStromalLike,celltype_Ulrich2024,10.1073/pnas.2404775121,C7-Fibroblast,5
Mesen_Pericyte_EndoStromalLike,celltype_Ulrich2024,10.1073/pnas.2404775121,Tissue-resident-vascular-progenitor,2
Mesen_Pericyte_EndoStromalLike,celltype_Ulrich2024,10.1073/pnas.2404775121,eS-proliferative,2
Mesen_Pericyte_EndoStromalLike,celltype_Ulrich2024,10.1073/pnas.2404775121,uSMC,1
Mesen_Pericyte_SMCsIntr,celltype_GarciaAlonso2021,10.1038/s41588-021-00972-2,PV STEAP4,269
Mesen_Pericyte_SMCsIntr,celltype_GarciaAlonso2021,10.1038/s41588-021-00972-2,uSMC,21
Mesen_Pericyte_SMCsIntr,celltype_GarciaAlonso2021,10.1038/s41588-021-00972-2,PV MYH11,3
Mesen_Pericyte_SMCsIntr,celltype_GarciaAlonso2021,10.1038/s41588-021-00972-2,Fibroblast C7,1
Mesen_Pericyte_SMCsIntr,celltype_GarciaAlonso2021,10.1038/s41588-021-00972-2,Other,1
Mesen_Pericyte_SMCsIntr,celltype_GarciaAlonso2021,10.1038/s41588-021-00972-2,dS,1
Mesen_Pericyte_SMCsIntr,celltype_HECA,"10.1038/s41588-024-01873-w (HECA/Marečková 2024, tentative)",ePV_1a,89
Mesen_Pericyte_SMCsIntr,celltype_HECA,"10.1038/s41588-024-01873-w (HECA/Marečková 2024, tentative)",ePV_2,56
Mesen_Pericyte_SMCsIntr,celltype_HECA,"10.1038/s41588-024-01873-w (HECA/Marečková 2024, tentative)",mPV,3
Mesen_Pericyte_SMCsIntr,celltype_HECA,"10.1038/s41588-024-01873-w (HECA/Marečková 2024, tentative)",uSMCs,3
Mesen_Pericyte_SMCsIntr,celltype_HECA,"10.1038/s41588-024-01873-w (HECA/Marečková 2024, tentative)",Fibroblast_basalis,2
Mesen_Pericyte_SMCsIntr,celltype_HECA,"10.1038/s41588-024-01873-w (HECA/Marečková 2024, tentative)",dStromal_mid,1
Mesen_Pericyte_SMCsIntr,celltype_OvarySanger2026,(unresolved: Sanger ovary 2026),PV_Capillary_Pericytes,68
Mesen_Pericyte_SMCsIntr,celltype_OvarySanger2026,(unresolved: Sanger ovary 2026),PV_SMC_Arterial,32
Mesen_Pericyte_SMCsIntr,celltype_OvarySanger2026,(unresolved: Sanger ovary 2026),PV_Fibroblast,6
Mesen_Pericyte_SMCsIntr,celltype_OvarySanger2026,(unresolved: Sanger ovary 2026),PV_Fetal,4
Mesen_Pericyte_SMCsIntr,celltype_OvarySanger2026,(unresolved: Sanger ovary 2026),Stroma_InnCor,4
Mesen_Pericyte_SMCsIntr,celltype_OvarySanger2026,(unresolved: Sanger ovary 2026),FibC3,1
Mesen_Pericyte_SMCsIntr,celltype_OvarySanger2026,(unresolved: Sanger ovary 2026),Stroma_Medulla,1
Mesen_Pericyte_SMCsIntr,celltype_Ulrich2022,10.1016/j.devcel.2022.02.017,fibroblast,33
Mesen_Pericyte_SMCsIntr,celltype_Ulrich2022,10.1016/j.devcel.2022.02.017,smooth muscle cell,31
Mesen_Pericyte_SMCsIntr,celltype_Ulrich2022,10.1016/j.devcel.2022.02.017,pericyte,28
Mesen_Pericyte_SMCsIntr,celltype_Ulrich2022,10.1016/j.devcel.2022.02.017,myofibroblast cell,1
Mesen_Pericyte_SMCsIntr,celltype_Ulrich2024,10.1073/pnas.2404775121,PV-STEAP4,930
Mesen_Pericyte_SMCsIntr,celltype_Ulrich2024,10.1073/pnas.2404775121,uSMC,230
Mesen_Pericyte_SMCsIntr,celltype_Ulrich2024,10.1073/pnas.2404775121,PV-MYH11_CDKN1A+,100
Mesen_Pericyte_SMCsIntr,celltype_Ulrich2024,10.1073/pnas.2404775121,dS2,60
Mesen_Pericyte_SMCsIntr,celltype_Ulrich2024,10.1073/pnas.2404775121,dS3,29
Mesen_Pericyte_SMCsIntr,celltype_Ulrich2024,10.1073/pnas.2404775121,PV-MYH11_CDKN1A-,4
Mesen_Pericyte_SMCsIntr,celltype_Ulrich2024,10.1073/pnas.2404775121,C7-Fibroblast,2
Mesen_Pericyte_SMCsIntr,celltype_Ulrich2024,10.1073/pnas.2404775121,Tissue-resident-vascular-progenitor,2
Mesen_Pericyte_SMCsIntr,celltype_Weigert2025,10.1038/s41467-024-55440-2,perivascular cell,193
Mesen_Pericyte_SMCsIntr,celltype_Weigert2025,10.1038/s41467-024-55440-2,smooth muscle cell,14
Mesen_Pericyte_SMCsIntr,celltype_Weigert2025,10.1038/s41467-024-55440-2,stromal cell,11
Mesen_Pericyte_SMCsIntr,celltype_Weigert2025,10.1038/s41467-024-55440-2,fallopian tube secretory epithelial cell,1
Mesen_Prepuce_Fetal,celltype_Lorenzi2025,10.1038/s41586-025-09875-2,Prepuce,1455
Mesen_Prepuce_Fetal,celltype_Lorenzi2025,10.1038/s41586-025-09875-2,Corpus Cavernosum,286
Mesen_Prepuce_Fetal,celltype_Lorenzi2025,10.1038/s41586-025-09875-2,Glans,247
Mesen_Prepuce_Fetal,celltype_Lorenzi2025,10.1038/s41586-025-09875-2,Corpus Spongiosum,116
Mesen_Prepuce_Fetal,celltype_Lorenzi2025,10.1038/s41586-025-09875-2,Labio-Scrotal Swelling,20
Mesen_Prepuce_Fetal,celltype_Lorenzi2025,10.1038/s41586-025-09875-2,Urogenital Sinus Lig,7
Mesen_Prepuce_Fetal,celltype_Lorenzi2025,10.1038/s41586-025-09875-2,Lower Vagina Mese,2
Mesen_Prepuce_Fetal,celltype_Lorenzi2025,10.1038/s41586-025-09875-2,Fallopian Mese,1
Mesen_Prepuce_Fetal,celltype_Lorenzi2025,10.1038/s41586-025-09875-2,Labia,1
Mesen_Prepuce_Fetal,celltype_Lorenzi2025,10.1038/s41586-025-09875-2,Perivascular,1
Mesen_Prepuce_Fetal,celltype_Lorenzi2025,10.1038/s41586-025-09875-2,Pre-Perivascular,1
Mesen_Prepuce_Fetal,celltype_Lorenzi2025,10.1038/s41586-025-09875-2,Preputial Lamina Epi,1
Mesen_Prepuce_Fetal,celltype_Lorenzi2025,10.1038/s41586-025-09875-2,Upper Urogenital Sinus Mese,1
Mesen_Prepuce_Fetal,celltype_Lorenzi2025,10.1038/s41586-025-09875-2,Wolffian/Mesonephros Mese,1
Mesen_SMCs,celltype_GarciaAlonso2021,10.1038/s41588-021-00972-2,uSMC,3618
Mesen_SMCs,celltype_GarciaAlonso2021,10.1038/s41588-021-00972-2,Other,1164
Mesen_SMCs,celltype_GarciaAlonso2021,10.1038/s41588-021-00972-2,PV STEAP4,45
Mesen_SMCs,celltype_GarciaAlonso2021,10.1038/s41588-021-00972-2,dS,32
Mesen_SMCs,celltype_GarciaAlonso2021,10.1038/s41588-021-00972-2,Fibroblast C7,22
Mesen_SMCs,celltype_GarciaAlonso2021,10.1038/s41588-021-00972-2,PV MYH11,9
Mesen_SMCs,celltype_GarciaAlonso2021,10.1038/s41588-021-00972-2,Lymphoid,1
Mesen_SMCs,celltype_GarciaAlonso2021,10.1038/s41588-021-00972-2,eS,1
Mesen_SMCs,celltype_HECA,"10.1038/s41588-024-01873-w (HECA/Marečková 2024, tentative)",uSMCs,885
Mesen_SMCs,celltype_HECA,"10.1038/s41588-024-01873-w (HECA/Marečková 2024, tentative)",dStromal_mid,8
Mesen_SMCs,celltype_HECA,"10.1038/s41588-024-01873-w (HECA/Marečková 2024, tentative)",ePV_2,6
Mesen_SMCs,celltype_HECA,"10.1038/s41588-024-01873-w (HECA/Marečková 2024, tentative)",ePV_1a,5
Mesen_SMCs,celltype_HECA,"10.1038/s41588-024-01873-w (HECA/Marečková 2024, tentative)",mPV,5
Mesen_SMCs,celltype_HECA,"10.1038/s41588-024-01873-w (HECA/Marečková 2024, tentative)",eStromal,4
Mesen_SMCs,celltype_HECA,"10.1038/s41588-024-01873-w (HECA/Marečková 2024, tentative)",Fibroblast_basalis,3
Mesen_SMCs,celltype_HECA,"10.1038/s41588-024-01873-w (HECA/Marečková 2024, tentative)",dStromal_late,2
Mesen_SMCs,celltype_HECA,"10.1038/s41588-024-01873-w (HECA/Marečková 2024, tentative)",ePV_1b,2
Mesen_SMCs,celltype_HECA,"10.1038/s41588-024-01873-w (HECA/Marečková 2024, tentative)",sHormones,1
Mesen_SMCs,celltype_OvarySanger2026,(unresolved: Sanger ovary 2026),Stroma_InnCor,55
Mesen_SMCs,celltype_OvarySanger2026,(unresolved: Sanger ovary 2026),FibC3,40
Mesen_SMCs,celltype_OvarySanger2026,(unresolved: Sanger ovary 2026),PV_SMC_Arterial,3
Mesen_SMCs,celltype_OvarySanger2026,(unresolved: Sanger ovary 2026),PV_Fibroblast,2
Mesen_SMCs,celltype_OvarySanger2026,(unresolved: Sanger ovary 2026),PV_Fetal,1
Mesen_SMCs,celltype_OvarySanger2026,(unresolved: Sanger ovary 2026),Stroma_HOXA9,1
Mesen_SMCs,celltype_OvarySanger2026,(unresolved: Sanger ovary 2026),Theca_3structural_HedgLow,1
Mesen_SMCs,celltype_Ulrich2022,10.1016/j.devcel.2022.02.017,smooth muscle cell,3313
Mesen_SMCs,celltype_Ulrich2022,10.1016/j.devcel.2022.02.017,myofibroblast cell,287
Mesen_SMCs,celltype_Ulrich2022,10.1016/j.devcel.2022.02.017,fibroblast,259
Mesen_SMCs,celltype_Ulrich2022,10.1016/j.devcel.2022.02.017,pericyte,3
Mesen_SMCs,celltype_Ulrich2022,10.1016/j.devcel.2022.02.017,secretory cell,2
Mesen_SMCs,celltype_Ulrich2022,10.1016/j.devcel.2022.02.017,macrophage,1
Mesen_SMCs,celltype_Ulrich2024,10.1073/pnas.2404775121,uSMC,4353
Mesen_SMCs,celltype_Ulrich2024,10.1073/pnas.2404775121,dS2,934
Mesen_SMCs,celltype_Ulrich2024,10.1073/pnas.2404775121,PV-STEAP4,315
Mesen_SMCs,celltype_Ulrich2024,10.1073/pnas.2404775121,PV-MYH11_CDKN1A+,249
Mesen_SMCs,celltype_Ulrich2024,10.1073/pnas.2404775121,dS3,61
Mesen_SMCs,celltype_Ulrich2024,10.1073/pnas.2404775121,Tissue-resident-vascular-progenitor,46
Mesen_SMCs,celltype_Ulrich2024,10.1073/pnas.2404775121,C7-Fibroblast,14
Mesen_SMCs,celltype_Ulrich2024,10.1073/pnas.2404775121,dS1,12
Mesen_SMCs,celltype_Ulrich2024,10.1073/pnas.2404775121,PV-MYH11_CDKN1A-,9
Mesen_SMCs,celltype_Ulrich2024,10.1073/pnas.2404775121,Myoepithelial,3
Mesen_SMCs,celltype_Ulrich2024,10.1073/pnas.2404775121,Gland-sec-progenitor-B,1
Mesen_SMCs,celltype_Ulrich2024,10.1073/pnas.2404775121,HMGB2-Prolif,1
Mesen_SMCs,celltype_Ulrich2024,10.1073/pnas.2404775121,MUC16+_Gland_sec,1
Mesen_SMCs,celltype_Ulrich2024,10.1073/pnas.2404775121,RUNX3+_Fibroblast,1
Mesen_SMCs,celltype_Ulrich2024,10.1073/pnas.2404775121,eS-proliferative,1
Mesen_SMCs,celltype_Weigert2025,10.1038/s41467-024-55440-2,smooth muscle cell,2539
Mesen_SMCs,celltype_Weigert2025,10.1038/s41467-024-55440-2,stromal cell,317
Mesen_SMCs,celltype_Weigert2025,10.1038/s41467-024-55440-2,perivascular cell,11
Mesen_SMCs,celltype_Weigert2025,10.1038/s41467-024-55440-2,fallopian tube secretory epithelial cell,2
Mesen_SMCs,celltype_Weigert2025,10.1038/s41467-024-55440-2,ciliated epithelial cell,1
Mesen_Theca_Atretic,celltype_OvarySanger2026,(unresolved: Sanger ovary 2026),Theca_Atr,27
Mesen_Theca_Atretic,celltype_OvarySanger2026,(unresolved: Sanger ovary 2026),Stroma_Medulla,14
Mesen_Theca_Atretic,celltype_OvarySanger2026,(unresolved: Sanger ovary 2026),Theca_3structural,3
Mesen_Theca_Atretic,celltype_OvarySanger2026,(unresolved: Sanger ovary 2026),Stroma_Perifoll_InnCor,2
Mesen_Theca_Atretic,celltype_OvarySanger2026,(unresolved: Sanger ovary 2026),Stroma_InnCor,1
Mesen_Theca_Atretic,celltype_OvarySanger2026,(unresolved: Sanger ovary 2026),Stroma_Perifoll_OutCor,1
Mesen_Theca_Atretic,celltype_OvarySanger2026,(unresolved: Sanger ovary 2026),Theca_1perifollicular,1
Mesen_Theca_Atretic,celltype_OvarySanger2026,(unresolved: Sanger ovary 2026),Theca_2androgenic_pre,1
Mesen_Theca_Atretic,celltype_OvarySanger2026,(unresolved: Sanger ovary 2026),Theca_3structural_HedgLow,1
Mesen_Theca_Externa,celltype_OvarySanger2026,(unresolved: Sanger ovary 2026),Stroma_Perifoll_InnCor,6063
Mesen_Theca_Externa,celltype_OvarySanger2026,(unresolved: Sanger ovary 2026),Stroma_Perifoll_OutCor,3300
Mesen_Theca_Externa,celltype_OvarySanger2026,(unresolved: Sanger ovary 2026),Theca_3structural_HedgLow,2318
Mesen_Theca_Externa,celltype_OvarySanger2026,(unresolved: Sanger ovary 2026),Stroma_InnCor,2060
Mesen_Theca_Externa,celltype_OvarySanger2026,(unresolved: Sanger ovary 2026),Theca_3structural,1810
Mesen_Theca_Externa,celltype_OvarySanger2026,(unresolved: Sanger ovary 2026),Stroma_OutCor,272
Mesen_Theca_Externa,celltype_OvarySanger2026,(unresolved: Sanger ovary 2026),Stroma_OutCor_Foll,243
Mesen_Theca_Externa,celltype_OvarySanger2026,(unresolved: Sanger ovary 2026),Theca_1perifollicular,220
Mesen_Theca_Externa,celltype_OvarySanger2026,(unresolved: Sanger ovary 2026),Stroma_Medulla,152
Mesen_Theca_Externa,celltype_OvarySanger2026,(unresolved: Sanger ovary 2026),Theca_2androgenic_pre,43
Mesen_Theca_Externa,celltype_OvarySanger2026,(unresolved: Sanger ovary 2026),Theca_2androgenic_Atr,32
Mesen_Theca_Externa,celltype_OvarySanger2026,(unresolved: Sanger ovary 2026),Theca_1perifollicular_cycling,19
Mesen_Theca_Externa,celltype_OvarySanger2026,(unresolved: Sanger ovary 2026),PV_Fibroblast,16
Mesen_Theca_Externa,celltype_OvarySanger2026,(unresolved: Sanger ovary 2026),Theca_Atr,15
Mesen_Theca_Externa,celltype_OvarySanger2026,(unresolved: Sanger ovary 2026),Theca_3structural_ZIM2,11
Mesen_Theca_Externa,celltype_OvarySanger2026,(unresolved: Sanger ovary 2026),FibC3,6
Mesen_Theca_Externa,celltype_OvarySanger2026,(unresolved: Sanger ovary 2026),PV_Fetal,2
Mesen_Theca_Externa,celltype_OvarySanger2026,(unresolved: Sanger ovary 2026),Granulosa_sq_atr,1
Mesen_Theca_Interna_Cyc,celltype_OvarySanger2026,(unresolved: Sanger ovary 2026),Theca_1perifollicular_cycling,1313
Mesen_Theca_Interna_Cyc,celltype_OvarySanger2026,(unresolved: Sanger ovary 2026),Theca_1perifollicular,76
Mesen_Theca_Interna_Cyc,celltype_OvarySanger2026,(unresolved: Sanger ovary 2026),Theca_3structural,40
Mesen_Theca_Interna_Cyc,celltype_OvarySanger2026,(unresolved: Sanger ovary 2026),Stroma_InnCor,24
Mesen_Theca_Interna_Cyc,celltype_OvarySanger2026,(unresolved: Sanger ovary 2026),Theca_2androgenic_pre,15
Mesen_Theca_Interna_Cyc,celltype_OvarySanger2026,(unresolved: Sanger ovary 2026),PV_cycling,6
Mesen_Theca_Interna_Cyc,celltype_OvarySanger2026,(unresolved: Sanger ovary 2026),Stroma_OutCor_Foll,5
Mesen_Theca_Interna_Cyc,celltype_OvarySanger2026,(unresolved: Sanger ovary 2026),Stroma_Perifoll_InnCor,5
Mesen_Theca_Interna_Cyc,celltype_OvarySanger2026,(unresolved: Sanger ovary 2026),Granulosa_sq_atr,3
Mesen_Theca_Interna_Cyc,celltype_OvarySanger2026,(unresolved: Sanger ovary 2026),PV_Fibroblast,3
Mesen_Theca_Interna_Cyc,celltype_OvarySanger2026,(unresolved: Sanger ovary 2026),Stroma_Medulla,3
Mesen_Theca_Interna_Cyc,celltype_OvarySanger2026,(unresolved: Sanger ovary 2026),PV_SMC_Arterial,2
Mesen_Theca_Interna_Cyc,celltype_OvarySanger2026,(unresolved: Sanger ovary 2026),Granulosa_AMH_antral_HedgLow,1
Mesen_Theca_Interna_Cyc,celltype_OvarySanger2026,(unresolved: Sanger ovary 2026),Granulosa_AMH_early,1
Mesen_Theca_Interna_Cyc,celltype_OvarySanger2026,(unresolved: Sanger ovary 2026),Stroma_Perifoll_OutCor,1
Mesen_Theca_Interna_Cyc,celltype_OvarySanger2026,(unresolved: Sanger ovary 2026),Theca_2androgenic,1
Mesen_Theca_Interna_Cyc,celltype_OvarySanger2026,(unresolved: Sanger ovary 2026),Theca_2androgenic_Atr,1
Mesen_Theca_Interna_Cyc,celltype_OvarySanger2026,(unresolved: Sanger ovary 2026),Theca_Atr,1
Mesen_Theca_Interna_Perifol,celltype_OvarySanger2026,(unresolved: Sanger ovary 2026),Theca_1perifollicular,2092
Mesen_Theca_Interna_Perifol,celltype_OvarySanger2026,(unresolved: Sanger ovary 2026),Stroma_InnCor,113
Mesen_Theca_Interna_Perifol,celltype_OvarySanger2026,(unresolved: Sanger ovary 2026),Stroma_Perifoll_InnCor,83
Mesen_Theca_Interna_Perifol,celltype_OvarySanger2026,(unresolved: Sanger ovary 2026),Theca_3structural,74
Mesen_Theca_Interna_Perifol,celltype_OvarySanger2026,(unresolved: Sanger ovary 2026),Theca_2androgenic_pre,61
Mesen_Theca_Interna_Perifol,celltype_OvarySanger2026,(unresolved: Sanger ovary 2026),Theca_Atr,38
Mesen_Theca_Interna_Perifol,celltype_OvarySanger2026,(unresolved: Sanger ovary 2026),Theca_2androgenic_Atr,22
Mesen_Theca_Interna_Perifol,celltype_OvarySanger2026,(unresolved: Sanger ovary 2026),Stroma_Medulla,21
Mesen_Theca_Interna_Perifol,celltype_OvarySanger2026,(unresolved: Sanger ovary 2026),Theca_1perifollicular_cycling,13
Mesen_Theca_Interna_Perifol,celltype_OvarySanger2026,(unresolved: Sanger ovary 2026),PV_Fibroblast,6
Mesen_Theca_Interna_Perifol,celltype_OvarySanger2026,(unresolved: Sanger ovary 2026),Stroma_Perifoll_OutCor,5
Mesen_Theca_Interna_Perifol,celltype_OvarySanger2026,(unresolved: Sanger ovary 2026),Stroma_OutCor_Foll,2
Mesen_Theca_Interna_Perifol,celltype_OvarySanger2026,(unresolved: Sanger ovary 2026),PV_SMC_Arterial,1
Mesen_Theca_Interna_Perifol,celltype_OvarySanger2026,(unresolved: Sanger ovary 2026),Stroma_OutCor,1
Mesen_Theca_Interna_Perifol,celltype_OvarySanger2026,(unresolved: Sanger ovary 2026),Theca_3structural_ZIM2,1
Mesen_Theca_Interna_Steroid,celltype_OvarySanger2026,(unresolved: Sanger ovary 2026),Theca_2androgenic_Atr,2141
Mesen_Theca_Interna_Steroid,celltype_OvarySanger2026,(unresolved: Sanger ovary 2026),Theca_2androgenic_pre,496
Mesen_Theca_Interna_Steroid,celltype_OvarySanger2026,(unresolved: Sanger ovary 2026),Theca_Atr,294
Mesen_Theca_Interna_Steroid,celltype_OvarySanger2026,(unresolved: Sanger ovary 2026),Stroma_Perifoll_InnCor,215
Mesen_Theca_Interna_Steroid,celltype_OvarySanger2026,(unresolved: Sanger ovary 2026),Theca_2androgenic,204
Mesen_Theca_Interna_Steroid,celltype_OvarySanger2026,(unresolved: Sanger ovary 2026),Stroma_InnCor,60
Mesen_Theca_Interna_Steroid,celltype_OvarySanger2026,(unresolved: Sanger ovary 2026),Theca_1perifollicular,55
Mesen_Theca_Interna_Steroid,celltype_OvarySanger2026,(unresolved: Sanger ovary 2026),PV_Fibroblast,17
Mesen_Theca_Interna_Steroid,celltype_OvarySanger2026,(unresolved: Sanger ovary 2026),Stroma_Medulla,17
Mesen_Theca_Interna_Steroid,celltype_OvarySanger2026,(unresolved: Sanger ovary 2026),Stroma_Perifoll_OutCor,16
Mesen_Theca_Interna_Steroid,celltype_OvarySanger2026,(unresolved: Sanger ovary 2026),Stroma_OutCor_Foll,7
Mesen_Theca_Interna_Steroid,celltype_OvarySanger2026,(unresolved: Sanger ovary 2026),Theca_1perifollicular_cycling,4
Mesen_Theca_Interna_Steroid,celltype_OvarySanger2026,(unresolved: Sanger ovary 2026),Theca_3structural,4
Mesen_Theca_Interna_Steroid,celltype_OvarySanger2026,(unresolved: Sanger ovary 2026),Theca_3structural_HedgLow,4
Mesen_Theca_Interna_Steroid,celltype_OvarySanger2026,(unresolved: Sanger ovary 2026),Granulosa_sq_atr,2
Mesen_Theca_Interna_Steroid,celltype_OvarySanger2026,(unresolved: Sanger ovary 2026),PV_SMC_Arterial,1
Mesen_UGSFib_Lower,celltype_GarciaAlonso2022,10.1038/s41586-022-04918-4,Mesenchymal_GATA2,46
Mesen_UGSFib_Lower,celltype_GarciaAlonso2022,10.1038/s41586-022-04918-4,Epithelial,1
Mesen_UGSFib_Lower,celltype_Lorenzi2025,10.1038/s41586-025-09875-2,Lower Urogenital Sinus Mese,4415
Mesen_UGSFib_Lower,celltype_Lorenzi2025,10.1038/s41586-025-09875-2,Lower Vagina Mese,813
Mesen_UGSFib_Lower,celltype_Lorenzi2025,10.1038/s41586-025-09875-2,Urogenital Sinus Lig,571
Mesen_UGSFib_Lower,celltype_Lorenzi2025,10.1038/s41586-025-09875-2,Upper Urogenital Sinus Mese,162
Mesen_UGSFib_Lower,celltype_Lorenzi2025,10.1038/s41586-025-09875-2,Corpus Spongiosum,115
Mesen_UGSFib_Lower,celltype_Lorenzi2025,10.1038/s41586-025-09875-2,Corpus Cavernosum,44
Mesen_UGSFib_Lower,celltype_Lorenzi2025,10.1038/s41586-025-09875-2,Upper Vagina Mese,28
Mesen_UGSFib_Lower,celltype_Lorenzi2025,10.1038/s41586-025-09875-2,Cervix/Vagina Lig,21
Mesen_UGSFib_Lower,celltype_Lorenzi2025,10.1038/s41586-025-09875-2,Labio-Scrotal Swelling,9
Mesen_UGSFib_Lower,celltype_Lorenzi2025,10.1038/s41586-025-09875-2,Urogenital Sinus SmMu,7
Mesen_UGSFib_Lower,celltype_Lorenzi2025,10.1038/s41586-025-09875-2,Pre-Perivascular,6
Mesen_UGSFib_Lower,celltype_Lorenzi2025,10.1038/s41586-025-09875-2,Fallopian Mese,3
Mesen_UGSFib_Lower,celltype_Lorenzi2025,10.1038/s41586-025-09875-2,Müllerian Epi,3
Mesen_UGSFib_Lower,celltype_Lorenzi2025,10.1038/s41586-025-09875-2,Uterus Lig,3
Mesen_UGSFib_Lower,celltype_Lorenzi2025,10.1038/s41586-025-09875-2,Uterus Mese,3
Mesen_UGSFib_Lower,celltype_Lorenzi2025,10.1038/s41586-025-09875-2,Wolffian/Mesonephros Mese,2
Mesen_UGSFib_Lower,celltype_Lorenzi2025,10.1038/s41586-025-09875-2,Cervix/Upper Vagina SmMu,1
Mesen_UGSFib_Lower,celltype_Lorenzi2025,10.1038/s41586-025-09875-2,Coelomic Epi,1
Mesen_UGSFib_Lower,celltype_Lorenzi2025,10.1038/s41586-025-09875-2,Lower Vagina SmMu,1
Mesen_UGSFib_Lower,celltype_Lorenzi2025,10.1038/s41586-025-09875-2,Perivascular,1
Mesen_UGSFib_Lower,celltype_Lorenzi2025,10.1038/s41586-025-09875-2,Prepuce,1
Mesen_UGSFib_Lower,celltype_Lorenzi2025,10.1038/s41586-025-09875-2,Preputial Lamina Epi,1
Mesen_UGSFib_Lower,celltype_Lorenzi2025,10.1038/s41586-025-09875-2,Uterus SmMu,1
Mesen_UGSFib_Lower,celltype_Lorenzi2025,10.1038/s41586-025-09875-2,Wolffian Epi,1
Mesen_UGSFib_Lower,celltype_Lorenzi2025,10.1038/s41586-025-09875-2,Wolffian/Mesonephros Lig,1
Mesen_UGSFib_Upper,celltype_GarciaAlonso2022,10.1038/s41586-022-04918-4,Mesenchymal_GATA2,4904
Mesen_UGSFib_Upper,celltype_GarciaAlonso2022,10.1038/s41586-022-04918-4,SMCs,9
Mesen_UGSFib_Upper,celltype_GarciaAlonso2022,10.1038/s41586-022-04918-4,CoelEpi_GATA2,4
Mesen_UGSFib_Upper,celltype_GarciaAlonso2022,10.1038/s41586-022-04918-4,CoelEpi_LHX9,1
Mesen_UGSFib_Upper,celltype_GarciaAlonso2022,10.1038/s41586-022-04918-4,Gi,1
Mesen_UGSFib_Upper,celltype_GarciaAlonso2022,10.1038/s41586-022-04918-4,Neural,1
Mesen_UGSFib_Upper,celltype_GarciaAlonso2022,10.1038/s41586-022-04918-4,Oi,1
Mesen_UGSFib_Upper,celltype_Lardenois2026,10.1016/j.devcel.2025.09.011,Extragonadal_CE,2
Mesen_UGSFib_Upper,celltype_Lardenois2026,10.1016/j.devcel.2025.09.011,Mesonephric_mesenchymal,1
Mesen_UGSFib_Upper,celltype_Lorenzi2025,10.1038/s41586-025-09875-2,Urogenital Sinus Lig,3913
Mesen_UGSFib_Upper,celltype_Lorenzi2025,10.1038/s41586-025-09875-2,Uterus Mese,2452
Mesen_UGSFib_Upper,celltype_Lorenzi2025,10.1038/s41586-025-09875-2,Upper Urogenital Sinus Mese,1547
Mesen_UGSFib_Upper,celltype_Lorenzi2025,10.1038/s41586-025-09875-2,Cervix/Vagina Lig,384
Mesen_UGSFib_Upper,celltype_Lorenzi2025,10.1038/s41586-025-09875-2,Lower Vagina Mese,357
Mesen_UGSFib_Upper,celltype_Lorenzi2025,10.1038/s41586-025-09875-2,Lower Urogenital Sinus Mese,345
Mesen_UGSFib_Upper,celltype_Lorenzi2025,10.1038/s41586-025-09875-2,Upper Vagina Mese,308
Mesen_UGSFib_Upper,celltype_Lorenzi2025,10.1038/s41586-025-09875-2,Cervix Mese,120
Mesen_UGSFib_Upper,celltype_Lorenzi2025,10.1038/s41586-025-09875-2,Vas Deferens Mese,79
Mesen_UGSFib_Upper,celltype_Lorenzi2025,10.1038/s41586-025-09875-2,Müllerian Mese,74
Mesen_UGSFib_Upper,celltype_Lorenzi2025,10.1038/s41586-025-09875-2,Uterus SmMu,56
Mesen_UGSFib_Upper,celltype_Lorenzi2025,10.1038/s41586-025-09875-2,Fallopian Mese,47
Mesen_UGSFib_Upper,celltype_Lorenzi2025,10.1038/s41586-025-09875-2,Corpus Cavernosum,37
Mesen_UGSFib_Upper,celltype_Lorenzi2025,10.1038/s41586-025-09875-2,Cervix/Upper Vagina SmMu,18
Mesen_UGSFib_Upper,celltype_Lorenzi2025,10.1038/s41586-025-09875-2,Glans,13
Mesen_UGSFib_Upper,celltype_Lorenzi2025,10.1038/s41586-025-09875-2,Wolffian/Mesonephros Lig,13
Mesen_UGSFib_Upper,celltype_Lorenzi2025,10.1038/s41586-025-09875-2,Pre-Perivascular,12
Mesen_UGSFib_Upper,celltype_Lorenzi2025,10.1038/s41586-025-09875-2,Uterus Lig,8
Mesen_UGSFib_Upper,celltype_Lorenzi2025,10.1038/s41586-025-09875-2,Perivascular,7
Mesen_UGSFib_Upper,celltype_Lorenzi2025,10.1038/s41586-025-09875-2,Corpus Spongiosum,6
Mesen_UGSFib_Upper,celltype_Lorenzi2025,10.1038/s41586-025-09875-2,Wolffian/Mesonephros Mese,5
Mesen_UGSFib_Upper,celltype_Lorenzi2025,10.1038/s41586-025-09875-2,Coelomic Epi,4
Mesen_UGSFib_Upper,celltype_Lorenzi2025,10.1038/s41586-025-09875-2,Epoophron Mese,4
Mesen_UGSFib_Upper,celltype_Lorenzi2025,10.1038/s41586-025-09875-2,Wolffian Epi,3
Mesen_UGSFib_Upper,celltype_Lorenzi2025,10.1038/s41586-025-09875-2,Fallopian Lig,2
Mesen_UGSFib_Upper,celltype_Lorenzi2025,10.1038/s41586-025-09875-2,Fallopian SmMu,2
Mesen_UGSFib_Upper,celltype_Lorenzi2025,10.1038/s41586-025-09875-2,Labio-Scrotal Swelling,2
Mesen_UGSFib_Upper,celltype_Lorenzi2025,10.1038/s41586-025-09875-2,Endothelial,1
Mesen_UGSFib_Upper,celltype_Lorenzi2025,10.1038/s41586-025-09875-2,Fallopian Epi,1
Mesen_UGSFib_Upper,celltype_Lorenzi2025,10.1038/s41586-025-09875-2,Müllerian Epi,1
Mesen_UGSFib_Upper,celltype_Lorenzi2025,10.1038/s41586-025-09875-2,Urogenital Sinus SmMu,1
Mesen_UGSFib_Upper,celltype_OvarySanger2026,(unresolved: Sanger ovary 2026),Fallopian_SMCs_Fetal,9
Mesen_UGSLig,celltype_GarciaAlonso2022,10.1038/s41586-022-04918-4,Mesenchymal_GATA2,7
Mesen_UGSLig,celltype_GarciaAlonso2022,10.1038/s41586-022-04918-4,CoelEpi_GATA2,2
Mesen_UGSLig,celltype_GarciaAlonso2022,10.1038/s41586-022-04918-4,PV,1
Mesen_UGSLig,celltype_Lorenzi2025,10.1038/s41586-025-09875-2,Urogenital Sinus Lig,92
Mesen_UGSLig,celltype_Lorenzi2025,10.1038/s41586-025-09875-2,Lower Urogenital Sinus Mese,40
Mesen_UGSLig,celltype_Lorenzi2025,10.1038/s41586-025-09875-2,Labio-Scrotal Swelling,39
Mesen_UGSLig,celltype_Lorenzi2025,10.1038/s41586-025-09875-2,Wolffian/Mesonephros Mese,15
Mesen_UGSLig,celltype_Lorenzi2025,10.1038/s41586-025-09875-2,Corpus Cavernosum,13
Mesen_UGSLig,celltype_Lorenzi2025,10.1038/s41586-025-09875-2,Wolffian/Mesonephros Lig,10
Mesen_UGSLig,celltype_Lorenzi2025,10.1038/s41586-025-09875-2,Perivascular,9
Mesen_UGSLig,celltype_Lorenzi2025,10.1038/s41586-025-09875-2,Müllerian Mese,3
Mesen_UGSLig,celltype_Lorenzi2025,10.1038/s41586-025-09875-2,Coelomic Epi,2
Mesen_UGSLig,celltype_Lorenzi2025,10.1038/s41586-025-09875-2,Fallopian Lig,2
Mesen_UGSLig,celltype_Lorenzi2025,10.1038/s41586-025-09875-2,Fallopian Mese,2
Mesen_UGSLig,celltype_Lorenzi2025,10.1038/s41586-025-09875-2,Pre-Perivascular,2
Mesen_UGSLig,celltype_Lorenzi2025,10.1038/s41586-025-09875-2,Upper Urogenital Sinus Mese,2
Mesen_UGSLig,celltype_Lorenzi2025,10.1038/s41586-025-09875-2,Glans,1
Mesen_UGSLig,celltype_Lorenzi2025,10.1038/s41586-025-09875-2,Wolffian Epi,1
Mesen_UGSSMCs,celltype_GarciaAlonso2022,10.1038/s41586-022-04918-4,SMCs,1
Mesen_UGSSMCs,celltype_Lorenzi2025,10.1038/s41586-025-09875-2,Lower Vagina SmMu,226
Mesen_UGSSMCs,celltype_Lorenzi2025,10.1038/s41586-025-09875-2,Urogenital Sinus SmMu,143
Mesen_UGSSMCs,celltype_Lorenzi2025,10.1038/s41586-025-09875-2,Cervix/Upper Vagina SmMu,4
Mesen_UGSSMCs,celltype_Lorenzi2025,10.1038/s41586-025-09875-2,Lower Urogenital Sinus Mese,4
Mesen_UGSSMCs,celltype_Lorenzi2025,10.1038/s41586-025-09875-2,Lower Vagina Mese,2
Mesen_UGSSMCs,celltype_Lorenzi2025,10.1038/s41586-025-09875-2,Corpus Cavernosum,1
Mesen_UGSSMCs,celltype_Lorenzi2025,10.1038/s41586-025-09875-2,Upper Vagina Mese,1
Mesen_UGSSMCs,celltype_Lorenzi2025,10.1038/s41586-025-09875-2,Uterus SmMu,1
Mesen_UterotubalJunctionFibs,celltype_Ulrich2022,10.1016/j.devcel.2022.02.017,fibroblast,2
Mesen_UterotubalJunctionFibs,celltype_Weigert2025,10.1038/s41467-024-55440-2,stromal cell,64
Mesen_UterusFibs_Fetal,celltype_GarciaAlonso2022,10.1038/s41586-022-04918-4,Mesenchymal_GATA2,778
Mesen_UterusFibs_Fetal,celltype_GarciaAlonso2022,10.1038/s41586-022-04918-4,CoelEpi_GATA2,1
Mesen_UterusFibs_Fetal,celltype_GarciaAlonso2022,10.1038/s41586-022-04918-4,CoelEpi_LHX9_cycling,1
Mesen_UterusFibs_Fetal,celltype_GarciaAlonso2022,10.1038/s41586-022-04918-4,Epithelial,1
Mesen_UterusFibs_Fetal,celltype_GarciaAlonso2022,10.1038/s41586-022-04918-4,Gi,1
Mesen_UterusFibs_Fetal,celltype_GarciaAlonso2022,10.1038/s41586-022-04918-4,SMCs,1
Mesen_UterusFibs_Fetal,celltype_Lardenois2026,10.1016/j.devcel.2025.09.011,Extragonadal_CE,3
Mesen_UterusFibs_Fetal,celltype_Lardenois2026,10.1016/j.devcel.2025.09.011,Mesonephric_mesenchymal,1
Mesen_UterusFibs_Fetal,celltype_Lorenzi2025,10.1038/s41586-025-09875-2,Uterus Mese,23326
Mesen_UterusFibs_Fetal,celltype_Lorenzi2025,10.1038/s41586-025-09875-2,Cervix Mese,4253
Mesen_UterusFibs_Fetal,celltype_Lorenzi2025,10.1038/s41586-025-09875-2,Uterus Lig,383
Mesen_UterusFibs_Fetal,celltype_Lorenzi2025,10.1038/s41586-025-09875-2,Uterus SmMu,291
Mesen_UterusFibs_Fetal,celltype_Lorenzi2025,10.1038/s41586-025-09875-2,Fallopian Mese,279
Mesen_UterusFibs_Fetal,celltype_Lorenzi2025,10.1038/s41586-025-09875-2,Upper Urogenital Sinus Mese,273
Mesen_UterusFibs_Fetal,celltype_Lorenzi2025,10.1038/s41586-025-09875-2,Vas Deferens Mese,135
Mesen_UterusFibs_Fetal,celltype_Lorenzi2025,10.1038/s41586-025-09875-2,Cervix/Upper Vagina SmMu,104
Mesen_UterusFibs_Fetal,celltype_Lorenzi2025,10.1038/s41586-025-09875-2,Upper Vagina Mese,42
Mesen_UterusFibs_Fetal,celltype_Lorenzi2025,10.1038/s41586-025-09875-2,Fallopian Lig,30
Mesen_UterusFibs_Fetal,celltype_Lorenzi2025,10.1038/s41586-025-09875-2,Fallopian SmMu,30
Mesen_UterusFibs_Fetal,celltype_Lorenzi2025,10.1038/s41586-025-09875-2,Perivascular,22
Mesen_UterusFibs_Fetal,celltype_Lorenzi2025,10.1038/s41586-025-09875-2,Cervix/Vagina Lig,20
Mesen_UterusFibs_Fetal,celltype_Lorenzi2025,10.1038/s41586-025-09875-2,Urogenital Sinus Lig,20
Mesen_UterusFibs_Fetal,celltype_Lorenzi2025,10.1038/s41586-025-09875-2,Müllerian Mese,11
Mesen_UterusFibs_Fetal,celltype_Lorenzi2025,10.1038/s41586-025-09875-2,Epoophron Mese,10
Mesen_UterusFibs_Fetal,celltype_Lorenzi2025,10.1038/s41586-025-09875-2,Wolffian/Mesonephros Mese,8
Mesen_UterusFibs_Fetal,celltype_Lorenzi2025,10.1038/s41586-025-09875-2,Coelomic Epi,7
Mesen_UterusFibs_Fetal,celltype_Lorenzi2025,10.1038/s41586-025-09875-2,Glans,6
Mesen_UterusFibs_Fetal,celltype_Lorenzi2025,10.1038/s41586-025-09875-2,Wolffian/Mesonephros Lig,6
Mesen_UterusFibs_Fetal,celltype_Lorenzi2025,10.1038/s41586-025-09875-2,Lower Vagina Mese,4
Mesen_UterusFibs_Fetal,celltype_Lorenzi2025,10.1038/s41586-025-09875-2,Corpus Spongiosum,2
Mesen_UterusFibs_Fetal,celltype_Lorenzi2025,10.1038/s41586-025-09875-2,Lower Urogenital Sinus Mese,2
Mesen_UterusFibs_Fetal,celltype_Lorenzi2025,10.1038/s41586-025-09875-2,Endothelial,1
Mesen_UterusFibs_Fetal,celltype_Lorenzi2025,10.1038/s41586-025-09875-2,Immune,1
Mesen_UterusFibs_Fetal,celltype_Lorenzi2025,10.1038/s41586-025-09875-2,Pre-Perivascular,1
Mesen_UterusFibs_Fetal,celltype_Lorenzi2025,10.1038/s41586-025-09875-2,Preputial Lamina Epi,1
Mesen_UterusFibs_Fetal,celltype_OvarySanger2026,(unresolved: Sanger ovary 2026),Fallopian_mesen_Fetal,9
Mesen_UterusFibs_Fetal,celltype_OvarySanger2026,(unresolved: Sanger ovary 2026),Fallopian_lig_Fetal,1
Mesen_UterusLig_Fetal,celltype_GarciaAlonso2022,10.1038/s41586-022-04918-4,Mesenchymal_GATA2,541
Mesen_UterusLig_Fetal,celltype_GarciaAlonso2022,10.1038/s41586-022-04918-4,Oi,25
Mesen_UterusLig_Fetal,celltype_GarciaAlonso2022,10.1038/s41586-022-04918-4,Gi,4
Mesen_UterusLig_Fetal,celltype_GarciaAlonso2022,10.1038/s41586-022-04918-4,CoelEpi_GATA2,2
Mesen_UterusLig_Fetal,celltype_GarciaAlonso2022,10.1038/s41586-022-04918-4,PV,1
Mesen_UterusLig_Fetal,celltype_GarciaAlonso2022,10.1038/s41586-022-04918-4,SMCs,1
Mesen_UterusLig_Fetal,celltype_Lardenois2026,10.1016/j.devcel.2025.09.011,Interstitial,5
Mesen_UterusLig_Fetal,celltype_Lardenois2026,10.1016/j.devcel.2025.09.011,Perivascular,1
Mesen_UterusLig_Fetal,celltype_Lorenzi2025,10.1038/s41586-025-09875-2,Uterus Lig,8383
Mesen_UterusLig_Fetal,celltype_Lorenzi2025,10.1038/s41586-025-09875-2,Cervix/Vagina Lig,1166
Mesen_UterusLig_Fetal,celltype_Lorenzi2025,10.1038/s41586-025-09875-2,Fallopian Mese,528
Mesen_UterusLig_Fetal,celltype_Lorenzi2025,10.1038/s41586-025-09875-2,Vas Deferens Mese,432
Mesen_UterusLig_Fetal,celltype_Lorenzi2025,10.1038/s41586-025-09875-2,Fallopian Lig,292
Mesen_UterusLig_Fetal,celltype_Lorenzi2025,10.1038/s41586-025-09875-2,Uterus Mese,269
Mesen_UterusLig_Fetal,celltype_Lorenzi2025,10.1038/s41586-025-09875-2,Pre-Perivascular,238
Mesen_UterusLig_Fetal,celltype_Lorenzi2025,10.1038/s41586-025-09875-2,Epoophron Mese,124
Mesen_UterusLig_Fetal,celltype_Lorenzi2025,10.1038/s41586-025-09875-2,Wolffian/Mesonephros Lig,115
Mesen_UterusLig_Fetal,celltype_Lorenzi2025,10.1038/s41586-025-09875-2,Glans,49
Mesen_UterusLig_Fetal,celltype_Lorenzi2025,10.1038/s41586-025-09875-2,Lower Vagina Mese,33
Mesen_UterusLig_Fetal,celltype_Lorenzi2025,10.1038/s41586-025-09875-2,Fallopian SmMu,29
Mesen_UterusLig_Fetal,celltype_Lorenzi2025,10.1038/s41586-025-09875-2,Uterus SmMu,18
Mesen_UterusLig_Fetal,celltype_Lorenzi2025,10.1038/s41586-025-09875-2,Perivascular,13
Mesen_UterusLig_Fetal,celltype_Lorenzi2025,10.1038/s41586-025-09875-2,Urogenital Sinus Lig,11
Mesen_UterusLig_Fetal,celltype_Lorenzi2025,10.1038/s41586-025-09875-2,Cervix Mese,8
Mesen_UterusLig_Fetal,celltype_Lorenzi2025,10.1038/s41586-025-09875-2,Wolffian/Mesonephros Mese,7
Mesen_UterusLig_Fetal,celltype_Lorenzi2025,10.1038/s41586-025-09875-2,Cervix/Upper Vagina SmMu,4
Mesen_UterusLig_Fetal,celltype_Lorenzi2025,10.1038/s41586-025-09875-2,Coelomic Epi,3
Mesen_UterusLig_Fetal,celltype_Lorenzi2025,10.1038/s41586-025-09875-2,Immune,2
Mesen_UterusLig_Fetal,celltype_Lorenzi2025,10.1038/s41586-025-09875-2,Corpus Cavernosum,1
Mesen_UterusLig_Fetal,celltype_Lorenzi2025,10.1038/s41586-025-09875-2,Fallopian Epi,1
Mesen_UterusLig_Fetal,celltype_Lorenzi2025,10.1038/s41586-025-09875-2,Müllerian Mese,1
Mesen_UterusLig_Fetal,celltype_Lorenzi2025,10.1038/s41586-025-09875-2,Neural,1
Mesen_UterusLig_Fetal,celltype_Lorenzi2025,10.1038/s41586-025-09875-2,Upper Urogenital Sinus Mese,1
Mesen_UterusLig_Fetal,celltype_OvarySanger2026,(unresolved: Sanger ovary 2026),Fallopian_lig_Fetal,262
Mesen_UterusLig_Fetal,celltype_OvarySanger2026,(unresolved: Sanger ovary 2026),Fallopian_mesen_Fetal,122
Mesen_UterusLig_Fetal,celltype_OvarySanger2026,(unresolved: Sanger ovary 2026),RepTract_prePV_Fetal,14
Mesen_UterusLig_Fetal,celltype_OvarySanger2026,(unresolved: Sanger ovary 2026),Epoophon_mesen_Fetal,12
Mesen_UterusLig_Fetal,celltype_OvarySanger2026,(unresolved: Sanger ovary 2026),Stroma_Fetal,7
Mesen_UterusLig_Fetal,celltype_OvarySanger2026,(unresolved: Sanger ovary 2026),OSE_Fetal,1
Mesen_UterusLig_Fetal,celltype_OvarySanger2026,(unresolved: Sanger ovary 2026),Stroma_InnCor,1
Mesen_UterusSMCs_Fetal,celltype_GarciaAlonso2022,10.1038/s41586-022-04918-4,SMCs,20
Mesen_UterusSMCs_Fetal,celltype_Lorenzi2025,10.1038/s41586-025-09875-2,Uterus SmMu,5168
Mesen_UterusSMCs_Fetal,celltype_Lorenzi2025,10.1038/s41586-025-09875-2,Uterus Mese,1229
Mesen_UterusSMCs_Fetal,celltype_Lorenzi2025,10.1038/s41586-025-09875-2,Cervix/Upper Vagina SmMu,627
Mesen_UterusSMCs_Fetal,celltype_Lorenzi2025,10.1038/s41586-025-09875-2,Cervix/Vagina Lig,196
Mesen_UterusSMCs_Fetal,celltype_Lorenzi2025,10.1038/s41586-025-09875-2,Uterus Lig,158
Mesen_UterusSMCs_Fetal,celltype_Lorenzi2025,10.1038/s41586-025-09875-2,Fallopian SmMu,95
Mesen_UterusSMCs_Fetal,celltype_Lorenzi2025,10.1038/s41586-025-09875-2,Fallopian Mese,15
Mesen_UterusSMCs_Fetal,celltype_Lorenzi2025,10.1038/s41586-025-09875-2,Cervix Mese,13
Mesen_UterusSMCs_Fetal,celltype_Lorenzi2025,10.1038/s41586-025-09875-2,Glans,7
Mesen_UterusSMCs_Fetal,celltype_Lorenzi2025,10.1038/s41586-025-09875-2,Fallopian Epi,5
Mesen_UterusSMCs_Fetal,celltype_Lorenzi2025,10.1038/s41586-025-09875-2,Fallopian Lig,5
Mesen_UterusSMCs_Fetal,celltype_Lorenzi2025,10.1038/s41586-025-09875-2,Perivascular,3
Mesen_UterusSMCs_Fetal,celltype_Lorenzi2025,10.1038/s41586-025-09875-2,Vas Deferens Mese,2
Mesen_UterusSMCs_Fetal,celltype_Lorenzi2025,10.1038/s41586-025-09875-2,Epoophron Mese,1
Mesen_UterusSMCs_Fetal,celltype_Lorenzi2025,10.1038/s41586-025-09875-2,Immune,1
Mesen_UterusSMCs_Fetal,celltype_Lorenzi2025,10.1038/s41586-025-09875-2,Labio-Scrotal Swelling,1
Mesen_UterusSMCs_Fetal,celltype_Lorenzi2025,10.1038/s41586-025-09875-2,Lower Vagina SmMu,1
Mesen_UterusSMCs_Fetal,celltype_Lorenzi2025,10.1038/s41586-025-09875-2,Schwann,1
Mesen_UterusSMCs_Fetal,celltype_Lorenzi2025,10.1038/s41586-025-09875-2,Upper Vagina Mese,1
Mesen_UterusSMCs_Fetal,celltype_OvarySanger2026,(unresolved: Sanger ovary 2026),Fallopian_SMCs_Fetal,12
Mesen_UterusSMCs_Fetal,celltype_OvarySanger2026,(unresolved: Sanger ovary 2026),SMCs,6
Mesen_VaginaFib_Lower_Fetal,celltype_GarciaAlonso2022,10.1038/s41586-022-04918-4,Mesenchymal_GATA2,3
Mesen_VaginaFib_Lower_Fetal,celltype_GarciaAlonso2022,10.1038/s41586-022-04918-4,CoelEpi_LHX9,1
Mesen_VaginaFib_Lower_Fetal,celltype_Lorenzi2025,10.1038/s41586-025-09875-2,Urogenital Sinus SmMu,4
Mesen_VaginaFib_Lower_Fetal,celltype_Lorenzi2025,10.1038/s41586-025-09875-2,Lower Urogenital Sinus Mese,3
Mesen_VaginaFib_Lower_Fetal,celltype_Lorenzi2025,10.1038/s41586-025-09875-2,Perivascular,3
Mesen_VaginaFib_Lower_Fetal,celltype_Lorenzi2025,10.1038/s41586-025-09875-2,Corpus Spongiosum,2
Mesen_VaginaFib_Lower_Fetal,celltype_Lorenzi2025,10.1038/s41586-025-09875-2,Pre-Perivascular,2
Mesen_VaginaFib_Lower_Fetal,celltype_Lorenzi2025,10.1038/s41586-025-09875-2,Upper Urogenital Sinus Mese,2
Mesen_VaginaFib_Lower_Fetal,celltype_Lorenzi2025,10.1038/s41586-025-09875-2,Urogenital Sinus Lig,2
Mesen_VaginaFib_Lower_Fetal,celltype_Lorenzi2025,10.1038/s41586-025-09875-2,Cervix Mese,1
Mesen_VaginaFib_Lower_Fetal,celltype_Lorenzi2025,10.1038/s41586-025-09875-2,Corpus Cavernosum,1
Mesen_VaginaFib_Lower_Fetal,celltype_Lorenzi2025,10.1038/s41586-025-09875-2,Epoophron Mese,1
Mesen_VaginaFib_Lower_Fetal,celltype_Lorenzi2025,10.1038/s41586-025-09875-2,Glans,1
Mesen_VaginaFib_Lower_Fetal,celltype_Lorenzi2025,10.1038/s41586-025-09875-2,Lower Vagina SmMu,1
Mesen_VaginaFib_Lower_Fetal,celltype_Lorenzi2025,10.1038/s41586-025-09875-2,Wolffian/Mesonephros Lig,1
Mesen_VaginaFibs_Upper_Fetal,celltype_GarciaAlonso2022,10.1038/s41586-022-04918-4,Mesenchymal_GATA2,172
Mesen_VaginaFibs_Upper_Fetal,celltype_GarciaAlonso2022,10.1038/s41586-022-04918-4,Oi,1
Mesen_VaginaFibs_Upper_Fetal,celltype_Lorenzi2025,10.1038/s41586-025-09875-2,Upper Vagina Mese,6442
Mesen_VaginaFibs_Upper_Fetal,celltype_Lorenzi2025,10.1038/s41586-025-09875-2,Upper Urogenital Sinus Mese,582
Mesen_VaginaFibs_Upper_Fetal,celltype_Lorenzi2025,10.1038/s41586-025-09875-2,Lower Vagina Mese,267
Mesen_VaginaFibs_Upper_Fetal,celltype_Lorenzi2025,10.1038/s41586-025-09875-2,Cervix Mese,242
Mesen_VaginaFibs_Upper_Fetal,celltype_Lorenzi2025,10.1038/s41586-025-09875-2,Corpus Cavernosum,93
Mesen_VaginaFibs_Upper_Fetal,celltype_Lorenzi2025,10.1038/s41586-025-09875-2,Cervix/Vagina Lig,67
Mesen_VaginaFibs_Upper_Fetal,celltype_Lorenzi2025,10.1038/s41586-025-09875-2,Uterus Mese,39
Mesen_VaginaFibs_Upper_Fetal,celltype_Lorenzi2025,10.1038/s41586-025-09875-2,Lower Urogenital Sinus Mese,26
Mesen_VaginaFibs_Upper_Fetal,celltype_Lorenzi2025,10.1038/s41586-025-09875-2,Urogenital Sinus Lig,23
Mesen_VaginaFibs_Upper_Fetal,celltype_Lorenzi2025,10.1038/s41586-025-09875-2,Cervix/Upper Vagina SmMu,18
Mesen_VaginaFibs_Upper_Fetal,celltype_Lorenzi2025,10.1038/s41586-025-09875-2,Perivascular,17
Mesen_VaginaFibs_Upper_Fetal,celltype_Lorenzi2025,10.1038/s41586-025-09875-2,Corpus Spongiosum,16
Mesen_VaginaFibs_Upper_Fetal,celltype_Lorenzi2025,10.1038/s41586-025-09875-2,Glans,8
Mesen_VaginaFibs_Upper_Fetal,celltype_Lorenzi2025,10.1038/s41586-025-09875-2,Uterus Lig,7
Mesen_VaginaFibs_Upper_Fetal,celltype_Lorenzi2025,10.1038/s41586-025-09875-2,Uterus SmMu,5
Mesen_VaginaFibs_Upper_Fetal,celltype_Lorenzi2025,10.1038/s41586-025-09875-2,Pre-Perivascular,3
Mesen_VaginaFibs_Upper_Fetal,celltype_Lorenzi2025,10.1038/s41586-025-09875-2,Fallopian Mese,2
Mesen_VaginaFibs_Upper_Fetal,celltype_Lorenzi2025,10.1038/s41586-025-09875-2,Endothelial,1
Mesen_VaginaFibs_Upper_Fetal,celltype_Lorenzi2025,10.1038/s41586-025-09875-2,Labio-Scrotal Swelling,1
Mesen_VaginaFibs_Upper_Fetal,celltype_Lorenzi2025,10.1038/s41586-025-09875-2,Schwann,1
Mesen_VaginaSMCs_Lower_Fetal,celltype_GarciaAlonso2022,10.1038/s41586-022-04918-4,PV,1
Mesen_VaginaSMCs_Lower_Fetal,celltype_Lorenzi2025,10.1038/s41586-025-09875-2,Lower Vagina SmMu,1162
Mesen_VaginaSMCs_Lower_Fetal,celltype_Lorenzi2025,10.1038/s41586-025-09875-2,Pre-Perivascular,5
Mesen_VaginaSMCs_Lower_Fetal,celltype_Lorenzi2025,10.1038/s41586-025-09875-2,Perivascular,4
Mesen_VaginaSMCs_Lower_Fetal,celltype_Lorenzi2025,10.1038/s41586-025-09875-2,Endothelial Lymphatic,2
Mesen_VaginaSMCs_Lower_Fetal,celltype_Lorenzi2025,10.1038/s41586-025-09875-2,Lower Vagina Mese,2
Mesen_VaginaSMCs_Lower_Fetal,celltype_Lorenzi2025,10.1038/s41586-025-09875-2,Urogenital Sinus SmMu,2
Mesen_VaginaSMCs_Lower_Fetal,celltype_Lorenzi2025,10.1038/s41586-025-09875-2,Corpus Cavernosum,1
Mesen_VaginaSMCs_Lower_Fetal,celltype_Lorenzi2025,10.1038/s41586-025-09875-2,Endothelial,1
Mesen_VaginaSMCs_Lower_Fetal,celltype_Lorenzi2025,10.1038/s41586-025-09875-2,Lower Urogenital Sinus Mese,1
Mesen_VaginaSMCs_Lower_Fetal,celltype_Lorenzi2025,10.1038/s41586-025-09875-2,Uterus Lig,1
Mesen_VaginaSMCs_Lower_Fetal,celltype_OvarySanger2026,(unresolved: Sanger ovary 2026),PV_Fetal,1
Mesen_vSMCs_largeArt,celltype_GarciaAlonso2021,10.1038/s41588-021-00972-2,PV MYH11,75
Mesen_vSMCs_largeArt,celltype_GarciaAlonso2021,10.1038/s41588-021-00972-2,PV STEAP4,9
Mesen_vSMCs_largeArt,celltype_GarciaAlonso2021,10.1038/s41588-021-00972-2,uSMC,9
Mesen_vSMCs_largeArt,celltype_HECA,"10.1038/s41588-024-01873-w (HECA/Marečková 2024, tentative)",ePV_1b,18
Mesen_vSMCs_largeArt,celltype_HECA,"10.1038/s41588-024-01873-w (HECA/Marečková 2024, tentative)",mPV,8
Mesen_vSMCs_largeArt,celltype_HECA,"10.1038/s41588-024-01873-w (HECA/Marečková 2024, tentative)",ePV_2,2
Mesen_vSMCs_largeArt,celltype_HECA,"10.1038/s41588-024-01873-w (HECA/Marečková 2024, tentative)",Fibroblast_basalis,1
Mesen_vSMCs_largeArt,celltype_HECA,"10.1038/s41588-024-01873-w (HECA/Marečková 2024, tentative)",ePV_1a,1
Mesen_vSMCs_largeArt,celltype_HECA,"10.1038/s41588-024-01873-w (HECA/Marečková 2024, tentative)",uSMCs,1
Mesen_vSMCs_largeArt,celltype_OvarySanger2026,(unresolved: Sanger ovary 2026),PV_SMC_Arterial,598
Mesen_vSMCs_largeArt,celltype_OvarySanger2026,(unresolved: Sanger ovary 2026),PV_Fibroblast,12
Mesen_vSMCs_largeArt,celltype_OvarySanger2026,(unresolved: Sanger ovary 2026),PV_Capillary_Pericytes,6
Mesen_vSMCs_largeArt,celltype_OvarySanger2026,(unresolved: Sanger ovary 2026),PV_Fetal,3
Mesen_vSMCs_largeArt,celltype_Ulrich2022,10.1016/j.devcel.2022.02.017,pericyte,1894
Mesen_vSMCs_largeArt,celltype_Ulrich2022,10.1016/j.devcel.2022.02.017,smooth muscle cell,19
Mesen_vSMCs_largeArt,celltype_Ulrich2022,10.1016/j.devcel.2022.02.017,fibroblast,9
Mesen_vSMCs_largeArt,celltype_Ulrich2022,10.1016/j.devcel.2022.02.017,myofibroblast cell,2
Mesen_vSMCs_largeArt,celltype_Ulrich2024,10.1073/pnas.2404775121,PV-MYH11_CDKN1A+,6470
Mesen_vSMCs_largeArt,celltype_Ulrich2024,10.1073/pnas.2404775121,PV-MYH11_CDKN1A-,1063
Mesen_vSMCs_largeArt,celltype_Ulrich2024,10.1073/pnas.2404775121,dS2,489
Mesen_vSMCs_largeArt,celltype_Ulrich2024,10.1073/pnas.2404775121,uSMC,128
Mesen_vSMCs_largeArt,celltype_Ulrich2024,10.1073/pnas.2404775121,PV-STEAP4,46
Mesen_vSMCs_largeArt,celltype_Ulrich2024,10.1073/pnas.2404775121,dS3,36
Mesen_vSMCs_largeArt,celltype_Ulrich2024,10.1073/pnas.2404775121,eS-proliferative,10
Mesen_vSMCs_largeArt,celltype_Ulrich2024,10.1073/pnas.2404775121,Tissue-resident-vascular-progenitor,8
Mesen_vSMCs_largeArt,celltype_Ulrich2024,10.1073/pnas.2404775121,Myoepithelial,1
Mesen_vSMCs_largeArt,celltype_Weigert2025,10.1038/s41467-024-55440-2,perivascular cell,6837
Mesen_vSMCs_largeArt,celltype_Weigert2025,10.1038/s41467-024-55440-2,stromal cell,6
Mesen_vSMCs_largeArt,celltype_Weigert2025,10.1038/s41467-024-55440-2,endothelial cell,4
Mesen_vSMCs_largeArt,celltype_Weigert2025,10.1038/s41467-024-55440-2,macrophage,1
Mesen_vSMCs_largeArt,celltype_Weigert2025,10.1038/s41467-024-55440-2,smooth muscle cell,1
Mesen_vSMCs_medArt,celltype_GarciaAlonso2021,10.1038/s41588-021-00972-2,PV MYH11,2838
Mesen_vSMCs_medArt,celltype_GarciaAlonso2021,10.1038/s41588-021-00972-2,PV STEAP4,60
Mesen_vSMCs_medArt,celltype_GarciaAlonso2021,10.1038/s41588-021-00972-2,uSMC,15
Mesen_vSMCs_medArt,celltype_GarciaAlonso2021,10.1038/s41588-021-00972-2,Endothelial ACKR1,1
Mesen_vSMCs_medArt,celltype_GarciaAlonso2021,10.1038/s41588-021-00972-2,Glandular,1
Mesen_vSMCs_medArt,celltype_GarciaAlonso2021,10.1038/s41588-021-00972-2,dS,1
Mesen_vSMCs_medArt,celltype_HECA,"10.1038/s41588-024-01873-w (HECA/Marečková 2024, tentative)",mPV,405
Mesen_vSMCs_medArt,celltype_HECA,"10.1038/s41588-024-01873-w (HECA/Marečková 2024, tentative)",ePV_1b,62
Mesen_vSMCs_medArt,celltype_HECA,"10.1038/s41588-024-01873-w (HECA/Marečková 2024, tentative)",ePV_2,4
Mesen_vSMCs_medArt,celltype_HECA,"10.1038/s41588-024-01873-w (HECA/Marečková 2024, tentative)",uSMCs,2
Mesen_vSMCs_medArt,celltype_HECA,"10.1038/s41588-024-01873-w (HECA/Marečková 2024, tentative)",Immune_Lymphoid,1
Mesen_vSMCs_medArt,celltype_HECA,"10.1038/s41588-024-01873-w (HECA/Marečková 2024, tentative)",ePV_1a,1
Mesen_vSMCs_medArt,celltype_OvarySanger2026,(unresolved: Sanger ovary 2026),PV_SMC_Arterial,25515
Mesen_vSMCs_medArt,celltype_OvarySanger2026,(unresolved: Sanger ovary 2026),PV_Fibroblast,370
Mesen_vSMCs_medArt,celltype_OvarySanger2026,(unresolved: Sanger ovary 2026),PV_Capillary_Pericytes,240
Mesen_vSMCs_medArt,celltype_OvarySanger2026,(unresolved: Sanger ovary 2026),PV_Fetal,79
Mesen_vSMCs_medArt,celltype_OvarySanger2026,(unresolved: Sanger ovary 2026),Stroma_InnCor,5
Mesen_vSMCs_medArt,celltype_OvarySanger2026,(unresolved: Sanger ovary 2026),FibC3,3
Mesen_vSMCs_medArt,celltype_OvarySanger2026,(unresolved: Sanger ovary 2026),PV_cycling,1
Mesen_vSMCs_medArt,celltype_OvarySanger2026,(unresolved: Sanger ovary 2026),Stroma_Medulla,1
Mesen_vSMCs_medArt,celltype_Ulrich2022,10.1016/j.devcel.2022.02.017,pericyte,62
Mesen_vSMCs_medArt,celltype_Ulrich2022,10.1016/j.devcel.2022.02.017,smooth muscle cell,2
Mesen_vSMCs_medArt,celltype_Ulrich2022,10.1016/j.devcel.2022.02.017,fibroblast,1
Mesen_vSMCs_medArt,celltype_Ulrich2022,10.1016/j.devcel.2022.02.017,myofibroblast cell,1
Mesen_vSMCs_medArt,celltype_Ulrich2024,10.1073/pnas.2404775121,PV-MYH11_CDKN1A-,4497
Mesen_vSMCs_medArt,celltype_Ulrich2024,10.1073/pnas.2404775121,PV-MYH11_CDKN1A+,3122
Mesen_vSMCs_medArt,celltype_Ulrich2024,10.1073/pnas.2404775121,dS2,231
Mesen_vSMCs_medArt,celltype_Ulrich2024,10.1073/pnas.2404775121,uSMC,95
Mesen_vSMCs_medArt,celltype_Ulrich2024,10.1073/pnas.2404775121,PV-STEAP4,62
Mesen_vSMCs_medArt,celltype_Ulrich2024,10.1073/pnas.2404775121,dS3,31
Mesen_vSMCs_medArt,celltype_Ulrich2024,10.1073/pnas.2404775121,Tissue-resident-vascular-progenitor,26
Mesen_vSMCs_medArt,celltype_Ulrich2024,10.1073/pnas.2404775121,eS-proliferative,4
Mesen_vSMCs_medArt,celltype_Ulrich2024,10.1073/pnas.2404775121,Myoepithelial,3
Mesen_vSMCs_medArt,celltype_Ulrich2024,10.1073/pnas.2404775121,C7-Fibroblast,1
Mesen_vSMCs_medArt,celltype_Ulrich2024,10.1073/pnas.2404775121,RUNX3+_Fibroblast,1
Mesen_vSMCs_medArt,celltype_Weigert2025,10.1038/s41467-024-55440-2,perivascular cell,1279
Mesen_vSMCs_medArt,celltype_Weigert2025,10.1038/s41467-024-55440-2,stromal cell,2
Mesen_vSMCs_medArt,celltype_Weigert2025,10.1038/s41467-024-55440-2,smooth muscle cell,1
Meso_GonadalCoelEpi,celltype_GarciaAlonso2022,10.1038/s41586-022-04918-4,CoelEpi_LHX9,1215
Meso_GonadalCoelEpi,celltype_GarciaAlonso2022,10.1038/s41586-022-04918-4,CoelEpi_GATA2,54
Meso_GonadalCoelEpi,celltype_GarciaAlonso2022,10.1038/s41586-022-04918-4,OSE,43
Meso_GonadalCoelEpi,celltype_GarciaAlonso2022,10.1038/s41586-022-04918-4,Mesenchymal_GATA2,7
Meso_GonadalCoelEpi,celltype_GarciaAlonso2022,10.1038/s41586-022-04918-4,Oi,7
Meso_GonadalCoelEpi,celltype_GarciaAlonso2022,10.1038/s41586-022-04918-4,early_somatic,6
Meso_GonadalCoelEpi,celltype_GarciaAlonso2022,10.1038/s41586-022-04918-4,preGC_IIa,6
Meso_GonadalCoelEpi,celltype_GarciaAlonso2022,10.1038/s41586-022-04918-4,preGC_IIb,5
Meso_GonadalCoelEpi,celltype_GarciaAlonso2022,10.1038/s41586-022-04918-4,Gi,4
Meso_GonadalCoelEpi,celltype_GarciaAlonso2022,10.1038/s41586-022-04918-4,preGC_I,3
Meso_GonadalCoelEpi,celltype_GarciaAlonso2022,10.1038/s41586-022-04918-4,early_sPAX8,1
Meso_GonadalCoelEpi,celltype_GarciaAlonso2022,10.1038/s41586-022-04918-4,early_supporting,1
Meso_GonadalCoelEpi,celltype_Lardenois2026,10.1016/j.devcel.2025.09.011,Gonadal_CE,555
Meso_GonadalCoelEpi,celltype_Lardenois2026,10.1016/j.devcel.2025.09.011,Ovarian_SE,317
Meso_GonadalCoelEpi,celltype_Lardenois2026,10.1016/j.devcel.2025.09.011,Extragonadal_CE,9
Meso_GonadalCoelEpi,celltype_Lardenois2026,10.1016/j.devcel.2025.09.011,Interstitial,6
Meso_GonadalCoelEpi,celltype_Lardenois2026,10.1016/j.devcel.2025.09.011,Somatic_progenitors,5
Meso_GonadalCoelEpi,celltype_Lardenois2026,10.1016/j.devcel.2025.09.011,Pre_granulosa,1
Meso_GonadalCoelEpi,celltype_Lardenois2026,10.1016/j.devcel.2025.09.011,Rete_testis_ovarii,1
Meso_GonadalCoelEpi,celltype_Lorenzi2025,10.1038/s41586-025-09875-2,Coelomic Epi,210
Meso_GonadalCoelEpi,celltype_Lorenzi2025,10.1038/s41586-025-09875-2,Müllerian Epi,20
Meso_GonadalCoelEpi,celltype_Lorenzi2025,10.1038/s41586-025-09875-2,Fallopian Lig,6
Meso_GonadalCoelEpi,celltype_Lorenzi2025,10.1038/s41586-025-09875-2,Müllerian Mese,5
Meso_GonadalCoelEpi,celltype_Lorenzi2025,10.1038/s41586-025-09875-2,Cervix/Upper Vagina SmMu,1
Meso_GonadalCoelEpi,celltype_Lorenzi2025,10.1038/s41586-025-09875-2,Epoophron Mese,1
Meso_GonadalCoelEpi,celltype_Lorenzi2025,10.1038/s41586-025-09875-2,Pre-Perivascular,1
Meso_GonadalCoelEpi,celltype_Lorenzi2025,10.1038/s41586-025-09875-2,Upper Urogenital Sinus Mese,1
Meso_GonadalCoelEpi,celltype_Lorenzi2025,10.1038/s41586-025-09875-2,Vas Deferens Mese,1
Meso_GonadalCoelEpi,celltype_Lorenzi2025,10.1038/s41586-025-09875-2,Wolffian/Mesonephros Lig,1
Meso_GonadalCoelEpi,celltype_OvarySanger2026,(unresolved: Sanger ovary 2026),OSE_Fetal,15
Meso_GonadalCoelEpi,celltype_OvarySanger2026,(unresolved: Sanger ovary 2026),preGranulosa_II_Fetal,1
Meso_OSE,celltype_OvarySanger2026,(unresolved: Sanger ovary 2026),OSE,33
Meso_OSE,celltype_OvarySanger2026,(unresolved: Sanger ovary 2026),Epithelial,2
Meso_OSE,celltype_OvarySanger2026,(unresolved: Sanger ovary 2026),Immune_Tem/Trm_CD8,1
Meso_OSE_Fetal,celltype_GarciaAlonso2022,10.1038/s41586-022-04918-4,OSE,7137
Meso_OSE_Fetal,celltype_GarciaAlonso2022,10.1038/s41586-022-04918-4,CoelEpi_LHX9,2081
Meso_OSE_Fetal,celltype_GarciaAlonso2022,10.1038/s41586-022-04918-4,CoelEpi_LHX9_cycling,731
Meso_OSE_Fetal,celltype_GarciaAlonso2022,10.1038/s41586-022-04918-4,preGC_IIa,373
Meso_OSE_Fetal,celltype_GarciaAlonso2022,10.1038/s41586-022-04918-4,preGC_IIb,355
Meso_OSE_Fetal,celltype_GarciaAlonso2022,10.1038/s41586-022-04918-4,CoelEpi_GATA2,88
Meso_OSE_Fetal,celltype_GarciaAlonso2022,10.1038/s41586-022-04918-4,Gi,37
Meso_OSE_Fetal,celltype_GarciaAlonso2022,10.1038/s41586-022-04918-4,Oi,28
Meso_OSE_Fetal,celltype_GarciaAlonso2022,10.1038/s41586-022-04918-4,Mesenchymal_GATA2,25
Meso_OSE_Fetal,celltype_GarciaAlonso2022,10.1038/s41586-022-04918-4,early_somatic,17
Meso_OSE_Fetal,celltype_GarciaAlonso2022,10.1038/s41586-022-04918-4,GermCells,10
Meso_OSE_Fetal,celltype_GarciaAlonso2022,10.1038/s41586-022-04918-4,Epithelial,9
Meso_OSE_Fetal,celltype_GarciaAlonso2022,10.1038/s41586-022-04918-4,early_sPAX8,7
Meso_OSE_Fetal,celltype_GarciaAlonso2022,10.1038/s41586-022-04918-4,preGC_I,7
Meso_OSE_Fetal,celltype_GarciaAlonso2022,10.1038/s41586-022-04918-4,Neural,3
Meso_OSE_Fetal,celltype_GarciaAlonso2022,10.1038/s41586-022-04918-4,PV,3
Meso_OSE_Fetal,celltype_GarciaAlonso2022,10.1038/s41586-022-04918-4,SMCs,1
Meso_OSE_Fetal,celltype_Lardenois2026,10.1016/j.devcel.2025.09.011,Ovarian_SE,6674
Meso_OSE_Fetal,celltype_Lardenois2026,10.1016/j.devcel.2025.09.011,Gonadal_CE,1998
Meso_OSE_Fetal,celltype_Lardenois2026,10.1016/j.devcel.2025.09.011,Pre_granulosa,133
Meso_OSE_Fetal,celltype_Lardenois2026,10.1016/j.devcel.2025.09.011,Somatic_progenitors,86
Meso_OSE_Fetal,celltype_Lardenois2026,10.1016/j.devcel.2025.09.011,Extragonadal_CE,34
Meso_OSE_Fetal,celltype_Lardenois2026,10.1016/j.devcel.2025.09.011,Interstitial,28
Meso_OSE_Fetal,celltype_Lardenois2026,10.1016/j.devcel.2025.09.011,Low_QC,22
Meso_OSE_Fetal,celltype_Lardenois2026,10.1016/j.devcel.2025.09.011,Immune,1
Meso_OSE_Fetal,celltype_Lorenzi2025,10.1038/s41586-025-09875-2,Coelomic Epi,65
Meso_OSE_Fetal,celltype_Lorenzi2025,10.1038/s41586-025-09875-2,Preputial Lamina Epi,4
Meso_OSE_Fetal,celltype_Lorenzi2025,10.1038/s41586-025-09875-2,Fallopian Mese,2
Meso_OSE_Fetal,celltype_Lorenzi2025,10.1038/s41586-025-09875-2,Lower Vagina Epi,2
Meso_OSE_Fetal,celltype_Lorenzi2025,10.1038/s41586-025-09875-2,Müllerian Epi,2
Meso_OSE_Fetal,celltype_Lorenzi2025,10.1038/s41586-025-09875-2,Upper Urogenital Sinus Mese,2
Meso_OSE_Fetal,celltype_Lorenzi2025,10.1038/s41586-025-09875-2,Fallopian Epi,1
Meso_OSE_Fetal,celltype_Lorenzi2025,10.1038/s41586-025-09875-2,Fallopian Lig,1
Meso_OSE_Fetal,celltype_Lorenzi2025,10.1038/s41586-025-09875-2,Urogenital Sinus Lig,1
Meso_OSE_Fetal,celltype_Lorenzi2025,10.1038/s41586-025-09875-2,Uterus Mese,1
Meso_OSE_Fetal,celltype_Lorenzi2025,10.1038/s41586-025-09875-2,Uterus/Cervix Epi,1
Meso_OSE_Fetal,celltype_OvarySanger2026,(unresolved: Sanger ovary 2026),OSE_Fetal,4264
Meso_OSE_Fetal,celltype_OvarySanger2026,(unresolved: Sanger ovary 2026),OSE_cycling,469
Meso_OSE_Fetal,celltype_OvarySanger2026,(unresolved: Sanger ovary 2026),preGranulosa_II_Fetal,232
Meso_OSE_Fetal,celltype_OvarySanger2026,(unresolved: Sanger ovary 2026),Stroma_Fetal,9
Meso_OSE_Fetal,celltype_OvarySanger2026,(unresolved: Sanger ovary 2026),Granulosa_AMH_atr,5
Meso_OSE_Fetal,celltype_OvarySanger2026,(unresolved: Sanger ovary 2026),Epithelial,3
Meso_OSE_Fetal,celltype_OvarySanger2026,(unresolved: Sanger ovary 2026),preGranulosa_I_Fetal,3
Meso_OSE_Fetal,celltype_OvarySanger2026,(unresolved: Sanger ovary 2026),Granulosa_AMH_antral_HedgLow,2
Meso_OSE_Fetal,celltype_OvarySanger2026,(unresolved: Sanger ovary 2026),Fallopian_mesen_Fetal,1
Meso_OSE_Fetal,celltype_OvarySanger2026,(unresolved: Sanger ovary 2026),Granulosa_AMH_cycling,1
Meso_OSE_Fetal,celltype_OvarySanger2026,(unresolved: Sanger ovary 2026),Granulosa_sq_atr,1
Meso_OSE_Fetal,celltype_OvarySanger2026,(unresolved: Sanger ovary 2026),Neural_Glia_DHH+,1
Meso_OSE_Fetal,celltype_OvarySanger2026,(unresolved: Sanger ovary 2026),OSE,1
Meso_OSE_Fetal,celltype_OvarySanger2026,(unresolved: Sanger ovary 2026),PV_Fibroblast,1
Meso_OSE_Fetal,celltype_OvarySanger2026,(unresolved: Sanger ovary 2026),RepTract_prePV_Fetal,1
Meso_OSE_Fetal,celltype_OvarySanger2026,(unresolved: Sanger ovary 2026),Stroma_InnCor,1
Meso_ParamesoCoelEpi,celltype_GarciaAlonso2022,10.1038/s41586-022-04918-4,CoelEpi_GATA2,2178
Meso_ParamesoCoelEpi,celltype_GarciaAlonso2022,10.1038/s41586-022-04918-4,CoelEpi_LHX9,710
Meso_ParamesoCoelEpi,celltype_GarciaAlonso2022,10.1038/s41586-022-04918-4,Mesenchymal_GATA2,89
Meso_ParamesoCoelEpi,celltype_GarciaAlonso2022,10.1038/s41586-022-04918-4,Epithelial,74
Meso_ParamesoCoelEpi,celltype_GarciaAlonso2022,10.1038/s41586-022-04918-4,CoelEpi_LHX9_cycling,15
Meso_ParamesoCoelEpi,celltype_GarciaAlonso2022,10.1038/s41586-022-04918-4,early_sPAX8,13
Meso_ParamesoCoelEpi,celltype_GarciaAlonso2022,10.1038/s41586-022-04918-4,preGC_I,8
Meso_ParamesoCoelEpi,celltype_GarciaAlonso2022,10.1038/s41586-022-04918-4,Oi,6
Meso_ParamesoCoelEpi,celltype_GarciaAlonso2022,10.1038/s41586-022-04918-4,OSE,3
Meso_ParamesoCoelEpi,celltype_GarciaAlonso2022,10.1038/s41586-022-04918-4,Gi,2
Meso_ParamesoCoelEpi,celltype_GarciaAlonso2022,10.1038/s41586-022-04918-4,early_supporting,1
Meso_ParamesoCoelEpi,celltype_GarciaAlonso2022,10.1038/s41586-022-04918-4,preGC_IIb,1
Meso_ParamesoCoelEpi,celltype_Lardenois2026,10.1016/j.devcel.2025.09.011,Gonadal_CE,39
Meso_ParamesoCoelEpi,celltype_Lardenois2026,10.1016/j.devcel.2025.09.011,Extragonadal_CE,19
Meso_ParamesoCoelEpi,celltype_Lardenois2026,10.1016/j.devcel.2025.09.011,Ovarian_SE,2
Meso_ParamesoCoelEpi,celltype_Lorenzi2025,10.1038/s41586-025-09875-2,Coelomic Epi,5183
Meso_ParamesoCoelEpi,celltype_Lorenzi2025,10.1038/s41586-025-09875-2,Müllerian Mese,122
Meso_ParamesoCoelEpi,celltype_Lorenzi2025,10.1038/s41586-025-09875-2,Müllerian Epi,106
Meso_ParamesoCoelEpi,celltype_Lorenzi2025,10.1038/s41586-025-09875-2,Fallopian Lig,57
Meso_ParamesoCoelEpi,celltype_Lorenzi2025,10.1038/s41586-025-09875-2,Fallopian Epi,8
Meso_ParamesoCoelEpi,celltype_Lorenzi2025,10.1038/s41586-025-09875-2,Fallopian Mese,4
Meso_ParamesoCoelEpi,celltype_Lorenzi2025,10.1038/s41586-025-09875-2,Vas Deferens Mese,4
Meso_ParamesoCoelEpi,celltype_Lorenzi2025,10.1038/s41586-025-09875-2,Urogenital Sinus Lig,3
Meso_ParamesoCoelEpi,celltype_Lorenzi2025,10.1038/s41586-025-09875-2,Uterus Mese,3
Meso_ParamesoCoelEpi,celltype_Lorenzi2025,10.1038/s41586-025-09875-2,Glans,2
Meso_ParamesoCoelEpi,celltype_Lorenzi2025,10.1038/s41586-025-09875-2,Upper Urogenital Sinus Mese,2
Meso_ParamesoCoelEpi,celltype_Lorenzi2025,10.1038/s41586-025-09875-2,Lower Urogenital Sinus Mese,1
Meso_ParamesoCoelEpi,celltype_Lorenzi2025,10.1038/s41586-025-09875-2,Wolffian Epi,1
Meso_ParamesoCoelEpi,celltype_Lorenzi2025,10.1038/s41586-025-09875-2,Wolffian/Mesonephros Lig,1
Meso_ParamesoCoelEpi,celltype_Lorenzi2025,10.1038/s41586-025-09875-2,Wolffian/Mesonephros Mese,1
Meso_ParamesoCoelEpi,celltype_OvarySanger2026,(unresolved: Sanger ovary 2026),Epithelial,40
Meso_ParamesoCoelEpi,celltype_OvarySanger2026,(unresolved: Sanger ovary 2026),Fallopian_lig_Fetal,6
Meso_ParamesoCoelEpi,celltype_OvarySanger2026,(unresolved: Sanger ovary 2026),OSE_Fetal,1
Meso_ParamesoCoelEpi,celltype_OvarySanger2026,(unresolved: Sanger ovary 2026),Stroma_Fetal,1
Meso_Peritoneal_Fetal,celltype_GarciaAlonso2022,10.1038/s41586-022-04918-4,CoelEpi_GATA2,886
Meso_Peritoneal_Fetal,celltype_GarciaAlonso2022,10.1038/s41586-022-04918-4,Mesenchymal_GATA2,624
Meso_Peritoneal_Fetal,celltype_GarciaAlonso2022,10.1038/s41586-022-04918-4,CoelEpi_LHX9,26
Meso_Peritoneal_Fetal,celltype_GarciaAlonso2022,10.1038/s41586-022-04918-4,Gi,11
Meso_Peritoneal_Fetal,celltype_GarciaAlonso2022,10.1038/s41586-022-04918-4,CoelEpi_LHX9_cycling,6
Meso_Peritoneal_Fetal,celltype_GarciaAlonso2022,10.1038/s41586-022-04918-4,early_sPAX8,6
Meso_Peritoneal_Fetal,celltype_GarciaAlonso2022,10.1038/s41586-022-04918-4,Oi,3
Meso_Peritoneal_Fetal,celltype_GarciaAlonso2022,10.1038/s41586-022-04918-4,Epithelial,2
Meso_Peritoneal_Fetal,celltype_Lardenois2026,10.1016/j.devcel.2025.09.011,Extragonadal_CE,451
Meso_Peritoneal_Fetal,celltype_Lardenois2026,10.1016/j.devcel.2025.09.011,Gonadal_CE,11
Meso_Peritoneal_Fetal,celltype_Lardenois2026,10.1016/j.devcel.2025.09.011,Mesonephric_mesenchymal,7
Meso_Peritoneal_Fetal,celltype_Lardenois2026,10.1016/j.devcel.2025.09.011,Ducts,1
Meso_Peritoneal_Fetal,celltype_Lardenois2026,10.1016/j.devcel.2025.09.011,Immune,1
Meso_Peritoneal_Fetal,celltype_Lardenois2026,10.1016/j.devcel.2025.09.011,Ovarian_SE,1
Meso_Peritoneal_Fetal,celltype_Lorenzi2025,10.1038/s41586-025-09875-2,Vas Deferens Mese,868
Meso_Peritoneal_Fetal,celltype_Lorenzi2025,10.1038/s41586-025-09875-2,Coelomic Epi,638
Meso_Peritoneal_Fetal,celltype_Lorenzi2025,10.1038/s41586-025-09875-2,Müllerian Mese,229
Meso_Peritoneal_Fetal,celltype_Lorenzi2025,10.1038/s41586-025-09875-2,Uterus Mese,100
Meso_Peritoneal_Fetal,celltype_Lorenzi2025,10.1038/s41586-025-09875-2,Fallopian Lig,22
Meso_Peritoneal_Fetal,celltype_Lorenzi2025,10.1038/s41586-025-09875-2,Wolffian/Mesonephros Mese,11
Meso_Peritoneal_Fetal,celltype_Lorenzi2025,10.1038/s41586-025-09875-2,Urogenital Sinus Lig,10
Meso_Peritoneal_Fetal,celltype_Lorenzi2025,10.1038/s41586-025-09875-2,Uterus Lig,10
Meso_Peritoneal_Fetal,celltype_Lorenzi2025,10.1038/s41586-025-09875-2,Wolffian/Mesonephros Lig,9
Meso_Peritoneal_Fetal,celltype_Lorenzi2025,10.1038/s41586-025-09875-2,Upper Urogenital Sinus Mese,8
Meso_Peritoneal_Fetal,celltype_Lorenzi2025,10.1038/s41586-025-09875-2,Fallopian Mese,7
Meso_Peritoneal_Fetal,celltype_Lorenzi2025,10.1038/s41586-025-09875-2,Cervix/Vagina Lig,5
Meso_Peritoneal_Fetal,celltype_Lorenzi2025,10.1038/s41586-025-09875-2,Lower Vagina Mese,4
Meso_Peritoneal_Fetal,celltype_Lorenzi2025,10.1038/s41586-025-09875-2,Uterus SmMu,2
Meso_Peritoneal_Fetal,celltype_Lorenzi2025,10.1038/s41586-025-09875-2,Epoophron Mese,1
Meso_Peritoneal_Fetal,celltype_Lorenzi2025,10.1038/s41586-025-09875-2,Fallopian Epi,1
Meso_Peritoneal_Fetal,celltype_Lorenzi2025,10.1038/s41586-025-09875-2,Glans,1
Meso_Peritoneal_Fetal,celltype_OvarySanger2026,(unresolved: Sanger ovary 2026),Fallopian_lig_Fetal,1
Meso_serosa,celltype_Ulrich2022,10.1016/j.devcel.2022.02.017,secretory cell,20
Meso_serosa,celltype_Ulrich2022,10.1016/j.devcel.2022.02.017,fibroblast,2
Meso_serosa,celltype_Ulrich2024,10.1073/pnas.2404775121,Myoepithelial,48
Meso_serosa,celltype_Ulrich2024,10.1073/pnas.2404775121,dS2,15
Meso_serosa,celltype_Ulrich2024,10.1073/pnas.2404775121,PV-MYH11_CDKN1A+,1
Meso_serosa,celltype_Ulrich2024,10.1073/pnas.2404775121,dS3,1
Meso_serosa,celltype_Weigert2025,10.1038/s41467-024-55440-2,fallopian tube secretory epithelial cell,124
Meso_serosa,celltype_Weigert2025,10.1038/s41467-024-55440-2,peg cell,62
Meso_serosa,celltype_Weigert2025,10.1038/s41467-024-55440-2,perivascular cell,2
Meso_serosa,celltype_Weigert2025,10.1038/s41467-024-55440-2,ciliated epithelial cell,1
Neural_Melanocyte_Fetal,celltype_Lorenzi2025,10.1038/s41586-025-09875-2,Schwann,87
Neural_Melanocyte_Fetal,celltype_Lorenzi2025,10.1038/s41586-025-09875-2,Labio-Scrotal Swelling,1
Neural_Schwann,celltype_GarciaAlonso2021,10.1038/s41588-021-00972-2,Fibroblast C7,4
Neural_Schwann,celltype_OvarySanger2026,(unresolved: Sanger ovary 2026),Neural_Glia_Adult,425
Neural_Schwann,celltype_OvarySanger2026,(unresolved: Sanger ovary 2026),Neural_Glia_DHH+,76
Neural_Schwann,celltype_OvarySanger2026,(unresolved: Sanger ovary 2026),Neural_IPA_neurons_fetal,1
Neural_Schwann,celltype_Ulrich2022,10.1016/j.devcel.2022.02.017,fibroblast,9
Neural_Schwann,celltype_Ulrich2024,10.1073/pnas.2404775121,RUNX3+_Fibroblast,5
Neural_Schwann,celltype_Ulrich2024,10.1073/pnas.2404775121,PV-MYH11_CDKN1A+,3
Neural_Schwann,celltype_Ulrich2024,10.1073/pnas.2404775121,dS2,3
Neural_Schwann,celltype_Ulrich2024,10.1073/pnas.2404775121,dS3,2
Neural_Schwann,celltype_Ulrich2024,10.1073/pnas.2404775121,C7-Fibroblast,1
Neural_Schwann,celltype_Ulrich2024,10.1073/pnas.2404775121,EndoMT,1
Neural_Schwann,celltype_Ulrich2024,10.1073/pnas.2404775121,Myoepithelial,1
Neural_Schwann,celltype_Weigert2025,10.1038/s41467-024-55440-2,stromal cell,4
Neural_Schwann,celltype_Weigert2025,10.1038/s41467-024-55440-2,fallopian tube secretory epithelial cell,2
Neural_Schwann,celltype_Weigert2025,10.1038/s41467-024-55440-2,peg cell,1
Neural_Schwann,celltype_Weigert2025,10.1038/s41467-024-55440-2,perivascular cell,1
Neural_Schwann_Cyc,celltype_GarciaAlonso2022,10.1038/s41586-022-04918-4,Neural,320
Neural_Schwann_Cyc,celltype_Lardenois2026,10.1016/j.devcel.2025.09.011,Neuroendocrine,11
Neural_Schwann_Cyc,celltype_Lardenois2026,10.1016/j.devcel.2025.09.011,Interstitial,1
Neural_Schwann_Cyc,celltype_Lorenzi2025,10.1038/s41586-025-09875-2,Schwann,1575
Neural_Schwann_Cyc,celltype_Lorenzi2025,10.1038/s41586-025-09875-2,Neural,378
Neural_Schwann_Cyc,celltype_Lorenzi2025,10.1038/s41586-025-09875-2,Corpus Cavernosum,1
Neural_Schwann_Cyc,celltype_Lorenzi2025,10.1038/s41586-025-09875-2,Perivascular,1
Neural_Schwann_Cyc,celltype_Lorenzi2025,10.1038/s41586-025-09875-2,Upper Vagina Mese,1
Neural_Schwann_Cyc,celltype_OvarySanger2026,(unresolved: Sanger ovary 2026),Neural_Glia_DHH+,35
Neural_Schwann_Cyc,celltype_OvarySanger2026,(unresolved: Sanger ovary 2026),Neural_Glia_Adult,4
Neural_Schwann_Cyc,celltype_OvarySanger2026,(unresolved: Sanger ovary 2026),OSE_cycling,2
Neural_Schwann_Fetal,celltype_GarciaAlonso2022,10.1038/s41586-022-04918-4,Neural,801
Neural_Schwann_Fetal,celltype_Lorenzi2025,10.1038/s41586-025-09875-2,Schwann,4976
Neural_Schwann_Fetal,celltype_Lorenzi2025,10.1038/s41586-025-09875-2,Neural,8
Neural_Schwann_Fetal,celltype_Lorenzi2025,10.1038/s41586-025-09875-2,Glans,1
Neural_Schwann_Fetal,celltype_Lorenzi2025,10.1038/s41586-025-09875-2,Preputial Lamina Epi,1
Neural_Schwann_Fetal,celltype_OvarySanger2026,(unresolved: Sanger ovary 2026),Neural_Glia_DHH+,514
Neural_Schwann_Fetal,celltype_OvarySanger2026,(unresolved: Sanger ovary 2026),Neural_Glia_Adult,208
Neural_Schwann_Fetal,celltype_OvarySanger2026,(unresolved: Sanger ovary 2026),Stroma_Medulla,1
Neural_Schwann_Immature,celltype_Lorenzi2025,10.1038/s41586-025-09875-2,Schwann,35
Neural_Schwann_Precursor,celltype_GarciaAlonso2022,10.1038/s41586-022-04918-4,Neural,1
Neural_Schwann_Precursor,celltype_Lorenzi2025,10.1038/s41586-025-09875-2,Schwann,845
Neural_Schwann_Precursor,celltype_Lorenzi2025,10.1038/s41586-025-09875-2,Glans,1
Neural_Schwann_Precursor,celltype_OvarySanger2026,(unresolved: Sanger ovary 2026),Neural_Glia_DHH+,1
Neural_Schwann_myelinating,celltype_OvarySanger2026,(unresolved: Sanger ovary 2026),Neural_Glia_DHH+,8
Neural_SympatheticNeurons_Immature,celltype_GarciaAlonso2022,10.1038/s41586-022-04918-4,Neural,701
Neural_SympatheticNeurons_Immature,celltype_GarciaAlonso2022,10.1038/s41586-022-04918-4,GermCells,1
Neural_SympatheticNeurons_Immature,celltype_GarciaAlonso2022,10.1038/s41586-022-04918-4,preGC_I,1
Neural_SympatheticNeurons_Immature,celltype_Lardenois2026,10.1016/j.devcel.2025.09.011,Neuroendocrine,5
Neural_SympatheticNeurons_Immature,celltype_Lorenzi2025,10.1038/s41586-025-09875-2,Neural,3609
Neural_SympatheticNeurons_Immature,celltype_Lorenzi2025,10.1038/s41586-025-09875-2,Schwann,10
Neural_SympatheticNeurons_Immature,celltype_Lorenzi2025,10.1038/s41586-025-09875-2,Urethral Epi,1
Neural_SympatheticNeurons_Immature,celltype_Lorenzi2025,10.1038/s41586-025-09875-2,Urogenital Sinus Epi,1
Neural_SympatheticNeurons_Immature,celltype_Lorenzi2025,10.1038/s41586-025-09875-2,Urogenital Sinus Lig,1
Neural_SympatheticNeurons_Immature,celltype_OvarySanger2026,(unresolved: Sanger ovary 2026),Neural_Motor_NEURO_exc_fetal,161
Neural_SympatheticNeurons_Immature,celltype_OvarySanger2026,(unresolved: Sanger ovary 2026),Neural_IPA_neurons_fetal,97
Neural_SympatheticNeurons_Immature,celltype_OvarySanger2026,(unresolved: Sanger ovary 2026),Neural_Glia_Adult,10
Neural_SympatheticNeurons_Immature,celltype_OvarySanger2026,(unresolved: Sanger ovary 2026),Neural_Glia_DHH+,2
Neural_SympatheticNeurons_Immature_Cyc,celltype_GarciaAlonso2022,10.1038/s41586-022-04918-4,Neural,53
Neural_SympatheticNeurons_Immature_Cyc,celltype_Lorenzi2025,10.1038/s41586-025-09875-2,Neural,333
Neural_SympatheticNeurons_Immature_Cyc,celltype_Lorenzi2025,10.1038/s41586-025-09875-2,Schwann,4
Neural_SympatheticNeurons_Immature_Cyc,celltype_OvarySanger2026,(unresolved: Sanger ovary 2026),Fallopian_mesen_Fetal,2
Neural_SympatheticNeurons_Immature_Cyc,celltype_OvarySanger2026,(unresolved: Sanger ovary 2026),Neural_Glia_DHH+,1
Neural_SympatheticNeurons_Noradrenergic,celltype_GarciaAlonso2022,10.1038/s41586-022-04918-4,Neural,9
Neural_SympatheticNeurons_Noradrenergic,celltype_Lorenzi2025,10.1038/s41586-025-09875-2,Neural,237
